Sammanfattning;Utredningen//NN|UTR|SIN|DEF|NOM//nsubj//1 behandlar//VB|PRS|AKT//ROOT//1 i//PP//case//4 detta//DT|NEU|SIN|DEF//det//4 betänkande//NN|NEU|SIN|IND|NOM//nmod//6 vissa//JJ|POS|UTR/NEU|PLU|IND/DEF|NOM//amod//6 jaktfrågor//NN|UTR|PLU|IND|NOM//obj//1 .//MAD//punct//1
Sammanfattning;Frågorna//NN|UTR|PLU|DEF|NOM//nsubj:pass//14 kan//VB|PRS|AKT//aux//14 med//PP//case//13 utgångspunkt//NN|UTR|SIN|IND|NOM//fixed//10 från//PP//fixed//10 direktiven//NN|NEU|PLU|DEF|NOM//obl//14 sammanfattas//VB|PRS|SFO//parataxis//1 i//PP//case//17 följande//PC|PRS|UTR/NEU|SIN/PLU|IND/DEF|NOM//amod//17 punkter//NN|UTR|PLU|IND|NOM//obl//14 .//MAD//punct//1 –//RG|NOM//punct//20
Sammanfattning;Undersöka//VB|INF|AKT//parataxis//1 hur//HA//advmod//22 fler//JJ|POS|UTR/NEU|PLU|IND|NOM//amod//23 personer//NN|UTR|PLU|IND|NOM//nsubj//26 skall//VB|PRS|AKT//aux//26 kunna//VB|INF|AKT//aux//26 ges//VB|INF|SFO//ccomp//20 möjlighet//NN|UTR|SIN|IND|NOM//obj//26 att//IE//mark//29 jaga//VB|INF|AKT//acl//27 .//MAD//punct//20 –//PAD//punct//32
Sammanfattning;Analysera//VB|IMP|AKT//parataxis//20 utvecklingen//NN|UTR|SIN|DEF|NOM//obj//32 på//PP//case//35 prisområdet//NN|NEU|SIN|DEF|NOM//nmod//33 för//PP//case//37 jaktupplåtelser//NN|UTR|PLU|IND|NOM//nmod//35 .//MAD//punct//32 –//IE//punct//40
Sammanfattning;Utvärdera//VB|INF|AKT//parataxis//32 besittningsskyddet//NN|NEU|SIN|DEF|NOM//obj//40 vid//PP//case//43 upplåtelse//NN|UTR|SIN|IND|NOM//obl//40 av//PP//case//45 jakträtt//NN|UTR|SIN|IND|NOM//nmod//43 .//MAD//punct//40 –//PAD//punct//48
Sammanfattning;Utveckla//VB|INF|AKT//conj//32 jaktvårdsområdena//NN|NEU|PLU|DEF|NOM//obj//48 så//AB//mark//53 att//SN//fixed//50 de//PN|UTR/NEU|PLU|DEF|SUB//nsubj//53 utgör//VB|PRS|AKT//advcl//48 en//DT|UTR|SIN|IND//det//55 bas//NN|UTR|SIN|IND|NOM//obj//53 för//PP//case//58 lokalt//JJ|POS|NEU|SIN|IND|NOM//amod//58 inflytande//NN|NEU|SIN|IND|NOM//nmod//55 under//PP//case//61 demokratiska//JJ|POS|UTR/NEU|PLU|IND/DEF|NOM//amod//61 former//NN|UTR|PLU|IND|NOM//obl//53 .//MAD//punct//48 –//PAD//punct//64
Sammanfattning;Se//VB|IMP|AKT//conj//32 över//PL//case//66 ansvarsfördelningen//NN|UTR|SIN|DEF|NOM//obl//64 mellan//PP//case//68 myndigheterna//NN|UTR|PLU|DEF|NOM//nmod//66 och//KN//cc//70 jägarorganisationerna//NN|UTR|PLU|DEF|NOM//conj//68 liksom//AB//mark//73 mellan//PP//case//73 organisationerna//NN|UTR|PLU|DEF|NOM//obl//64 .//MAD//punct//1

Fler jakttillfällen;I//PP//case//2 kapitel//NN|NEU|SIN|IND|NOM//nmod//2 3//RG|NOM//nummod//6 och//KN//cc//2 4//RG|NOM//nummod//2  //_SP////4 analyserar//VB|PRS|AKT//ROOT//6 utredningen//NN|UTR|SIN|DEF|NOM//nsubj//6 behovet//NN|NEU|SIN|DEF|NOM//obj//6 av//PP//case//11 fler//JJ|POS|UTR/NEU|PLU|IND|NOM//amod//11 jakttillfällen//NN|UTR|SIN|DEF|NOM//nmod//8 och//KN//cc//13 tillgången//NN|UTR|SIN|DEF|NOM//conj//11 på//PP//case//15 jaktmark//NN|UTR|SIN|IND|NOM//nmod//13 .//MAD//punct//6
Fler jakttillfällen;De//DT|UTR/NEU|PLU|DEF//det//1 undersökningar//NN|UTR|PLU|IND|NOM//nsubj//14 utredningen//NN|UTR|SIN|DEF|NOM//nsubj//3 gjort//VB|SUP|AKT//acl:relcl//1 bland//PP//case//5 jägare//NN|UTR|PLU|IND|NOM//obl//3 och//KN//cc//9 vad//HP|NEU|SIN|IND//obj//9 utredningen//NN|UTR|SIN|DEF|NOM//nsubj//9 valt//VB|SUP|AKT//conj//1 att//IE//mark//11 kalla//VB|INF|AKT//xcomp//9 presumtiva//JJ|POS|UTR/NEU|PLU|IND/DEF|NOM//amod//13 jägare//NN|UTR|PLU|IND|NOM//obj//11 visar//VB|PRS|AKT//advcl//28 att//SN//mark//17 det//PN|NEU|SIN|DEF|SUB/OBJ//expl//17 finns//VB|PRS|SFO//ccomp//14 behov//NN|NEU|PLU|IND|NOM//nsubj//17 av//PP//case//21 fler//JJ|POS|UTR/NEU|PLU|IND|NOM//amod//21 jakttillfällen//NN|UTR|SIN|DEF|NOM//nmod//18 .//MAD//punct//14
Fler jakttillfällen;Genom//PP//case//25 bl.a.//AB|AN//advmod//25 enkätundersökningar//NN|UTR|PLU|IND|NOM//obl//14 har//VB|PRS|AKT//aux//28 utredningen//NN|UTR|SIN|DEF|NOM//nsubj//28 undersökt//VB|SUP|AKT//ROOT//28 hur//HA//advmod//31 jaktmarkerna//NN|UTR|PLU|DEF|NOM//nsubj:pass//31 utnyttjas//VB|PRS|SFO//ccomp//28 i//PP//advmod//31 dag//NN|UTR|SIN|IND|NOM//fixed//32 och//KN//cc//38 vilka//HD|UTR/NEU|PLU|IND//det//36 möjligheter//NN|UTR|PLU|IND|NOM//obj//38 det//PN|NEU|SIN|DEF|SUB/OBJ//expl//38 finns//VB|PRS|SFO//conj//31 att//IE//mark//40 skapa//VB|INF|AKT//csubj//38 fler//JJ|POS|UTR/NEU|PLU|IND|NOM//amod//42 jakttillfällen//NN|UTR|SIN|DEF|NOM//obj//40 där//AB//advmod//40 .//MAD//punct//28
Fler jakttillfällen;Utredningen//NN|UTR|SIN|DEF|NOM//nsubj//1 konstaterar//VB|PRS|AKT//ROOT//1 att//SN//mark//15 småviltjakten//NN|UTR|SIN|DEF|NOM//nsubj//15 på//PP//case//6 statens//NN|UTR|SIN|DEF|GEN//nmod:poss//6 mark//NN|UTR|SIN|IND|NOM//nmod//3 ovan//PP//advmod//8 odlingsgränsen//NN|UTR|SIN|DEF|NOM//nmod//3 och//KN//cc//11 på//PP//case//11 renbetesfjällen//NN|UTR|SIN|DEF|NOM//conj//8 redan//AB//advmod//15 i//PP//advmod//15 dag//NN|UTR|SIN|IND|NOM//fixed//13 gör//VB|PRS|AKT//ccomp//1 det//PN|NEU|SIN|DEF|SUB/OBJ//obj//15 möjligt//JJ|POS|NEU|SIN|IND|NOM//xcomp//15 för//PP//case//23 ett//DT|NEU|SIN|IND//det//21 stort//JJ|POS|NEU|SIN|IND|NOM//amod//21 antal//NN|NEU|SIN|IND|NOM//nmod//23 marklösa//JJ|POS|UTR/NEU|PLU|IND/DEF|NOM//amod//23 jägare//NN|UTR|PLU|IND|NOM//obl//15 att//IE//mark//25 bedriva//VB|INF|AKT//acl//23 småviltjakt//NN|UTR|SIN|IND|NOM//obj//25 .//MAD//punct//1
Fler jakttillfällen;När//HA//mark//35 det//PN|NEU|SIN|DEF|SUB/OBJ//fixed//28 gäller//VB|PRS|AKT//fixed//28 våra//PS|UTR/NEU|PLU|DEF//nmod:poss//32 nationalparker//NN|UTR|PLU|IND|NOM//obj//30 och//KN//cc//34 naturreservat//NN|NEU|PLU|IND|NOM//conj//32 gör//VB|PRS|AKT//advcl//1 utredningen//NN|UTR|SIN|DEF|NOM//nsubj//35 den//DT|UTR|SIN|DEF//det//38 bedömningen//NN|UTR|SIN|DEF|NOM//obj//35 att//SN//mark//43 det//PN|NEU|SIN|DEF|SUB/OBJ//expl//43 inte//AB//advmod//43 är//VB|PRS|AKT//cop//43 möjligt//JJ|POS|NEU|SIN|IND|NOM//acl//38 att//IE//mark//45 skapa//VB|INF|AKT//csubj//43 fler//JJ|POS|UTR/NEU|PLU|IND|NOM//amod//47 jakttillfällen//NN|UTR|SIN|DEF|NOM//obj//45 där//AB//advmod//45 .//MAD//punct//35
Fler jakttillfällen;I//PP//case//54 fråga//NN|UTR|SIN|IND|NOM//fixed//50 om//PP//case//54 statlig//JJ|POS|UTR|SIN|IND|NOM//amod//54 mark//NN|UTR|SIN|IND|NOM//obl//59 som//HP|-|-|-//nsubj:pass//56 förvaltas//VB|PRS|SFO//acl:relcl//54 av//PP//case//58 Försvarsmakten//NN|UTR|SIN|DEF|NOM//obl:agent//56 föreslår//VB|PRS|AKT//conj//35 utredningen//NN|UTR|SIN|DEF|NOM//obj//59 att//SN//mark//64 reglerna//NN|UTR|PLU|DEF|NOM//nsubj//64 vad//HP|NEU|SIN|IND//nsubj//64 gäller//VB|PRS|AKT//advcl//59 jaktupplåtelser//NN|UTR|PLU|IND|NOM//obj//64 ses//VB|PRS|SFO//advcl//59 över//PL//compound:prt//66 .//MAD//punct//1
Fler jakttillfällen;Utredningen//NN|UTR|SIN|DEF|NOM//nsubj//70 föreslår//VB|PRS|AKT//parataxis//1 utökade//PC|PRF|UTR/NEU|PLU|IND/DEF|NOM//amod//72 möjligheter//NN|UTR|PLU|IND|NOM//obj//70 att//IE//mark//74 jaga//VB|INF|AKT//acl//72 fågel//NN|UTR|SIN|IND|NOM//obj//74 och//KN//cc//77 mink//NN|UTR|SIN|IND|NOM//conj//75 på//PP//case//80 allmänt//JJ|POS|NEU|SIN|IND|NOM//amod//80 vatten//NN|NEU|SIN|IND|NOM//obl//74 .//MAD//punct//70
Fler jakttillfällen;Utredningens//NN|UTR|SIN|DEF|GEN//nmod:poss//1 undersökning//NN|UTR|SIN|IND|NOM//nsubj//12 av//PP//case//7 de//DT|UTR/NEU|PLU|DEF//det//6 sex//RG|NOM//nummod//6 största//JJ|SUV|UTR/NEU|SIN/PLU|DEF|NOM//amod//6 skogsbolagens//NN|NEU|PLU|DEF|GEN//nmod:poss//7 mark//NN|UTR|SIN|IND|NOM//nmod//1 och//KN//cc//11 den//DT|UTR|SIN|DEF//det//11 kyrkliga//JJ|POS|UTR/NEU|SIN|DEF|NOM//amod//11 marken//NN|UTR|SIN|DEF|NOM//conj//7 visar//VB|PRS|AKT//ROOT//12 att//SN//mark//17 all//DT|UTR|SIN|IND/DEF//det//16 jaktbar//JJ|POS|UTR|SIN|IND|NOM//amod//16 mark//NN|UTR|SIN|IND|NOM//nsubj:pass//17 utnyttjas//VB|PRS|SFO//ccomp//12 för//PP//case//19 jakt//NN|UTR|SIN|IND|NOM//obl//17 men//KN//cc//23 att//SN//mark//23 det//PN|NEU|SIN|DEF|SUB/OBJ//expl//23 finns//VB|PRS|SFO//conj//17 utrymme//NN|NEU|SIN|IND|NOM//obj//23 för//PP//case//27 fler//JJ|POS|UTR/NEU|PLU|IND|NOM//amod//27 jägare//NN|UTR|PLU|IND|NOM//nmod//24 i//PP//case//30 befintliga//JJ|POS|UTR/NEU|PLU|IND/DEF|NOM//amod//30 jaktlag//NN|NEU|PLU|IND|NOM//nmod//27 .//MAD//punct//12
Fler jakttillfällen;Även//AB//advmod//40 när//HA//case//38 det//PN|NEU|SIN|DEF|SUB/OBJ//fixed//33 gäller//VB|PRS|AKT//fixed//33 den//DT|UTR|SIN|DEF//det//38 kommunala//JJ|POS|UTR/NEU|SIN|DEF|NOM//amod//38 marken//NN|UTR|SIN|DEF|NOM//obl//40 är//VB|PRS|AKT//cop//40 marken//NN|UTR|SIN|DEF|NOM//obl//12 i//PP//case//45 det//DT|NEU|SIN|DEF//det//45 närmaste//JJ|SUV|UTR/NEU|SIN/PLU|DEF|NOM//amod//45 fullt//AB|POS//amod//45 utnyttjad//PC|PRF|UTR|SIN|IND|NOM//nmod//40 och//KN//cc//48 det//PN|NEU|SIN|DEF|SUB/OBJ//expl//48 finns//VB|PRS|SFO//conj//12 endast//AB//advmod//48 ett//DT|NEU|SIN|IND//det//52 litet//JJ|POS|NEU|SIN|IND|NOM//amod//52 utrymme//NN|NEU|SIN|IND|NOM//nsubj//48 för//PP//case//55 fler//JJ|POS|UTR/NEU|PLU|IND|NOM//amod//55 jakttillfällen//NN|UTR|SIN|DEF|NOM//nmod//52 .//MAD//punct//48
Fler jakttillfällen;Resultatet//NN|NEU|SIN|DEF|NOM//nsubj//64 från//PP//case//59 undersökningen//NN|UTR|SIN|DEF|NOM//nmod//57 av//PP//case//63 de//DT|UTR/NEU|PLU|DEF//det//63 privata//JJ|POS|UTR/NEU|PLU|IND/DEF|NOM//amod//63 brukningsenheterna//NN|UTR|PLU|DEF|NOM//nmod//59 visar//VB|PRS|AKT//parataxis//48 att//SN//mark//67 dessa//PN|UTR/NEU|PLU|DEF|SUB/OBJ//nsubj:pass//67 utnyttjas//VB|PRS|SFO//ccomp//64 i//PP//case//71 mycket//AB|POS//advmod//70 hög//JJ|POS|UTR|SIN|IND|NOM//amod//71 grad//NN|UTR|SIN|IND|NOM//obl//67 för//PP//case//73 jakt//NN|UTR|SIN|IND|NOM//obl//67 .//MAD//punct//12
Fler jakttillfällen;Enligt//PP//case//1 utredningen//NN|UTR|SIN|DEF|NOM//obl//4 är//VB|PRS|AKT//cop//4 det//PN|NEU|SIN|DEF|SUB/OBJ//expl//4 möjligt//JJ|POS|NEU|SIN|IND|NOM//ROOT//4 att//IE//mark//6 tillskapa//VB|INF|AKT//csubj//4 fler//JJ|POS|UTR/NEU|PLU|IND|NOM//amod//8 jakttillfällen//NN|UTR|SIN|DEF|NOM//obj//6 inom//PP//case//10 jaktvårdsområdena//NN|NEU|PLU|DEF|NOM//obl//6 .//MAD//punct//4
Fler jakttillfällen;Detta//PN|NEU|SIN|DEF|SUB/OBJ//nsubj//14 kan//VB|PRS|AKT//aux//14 ske//VB|INF|AKT//parataxis//4 genom//PP//mark//21 att//SN//mark//21 ägare//NN|UTR|PLU|IND|NOM//nsubj//21 till//PP//case//20 små//JJ|POS|UTR/NEU|PLU|IND/DEF|NOM//amod//20 fastigheter//NN|UTR|PLU|IND|NOM//nmod//17 får//VB|PRS|AKT//advcl//14 tillbaka//PL//compound:prt//21 rätten//NN|UTR|SIN|DEF|NOM//obj//21 att//IE//mark//25 upplåta//VB|INF|AKT//acl//23 jakträtten//NN|UTR|SIN|DEF|NOM//obj//25 på//PP//case//29 sin//PS|UTR|SIN|DEF//nmod:poss//29 fastighet//NN|UTR|SIN|IND|NOM//obl//25 .//MAD//punct//14
Fler jakttillfällen;Varje//DT|UTR/NEU|SIN|IND//det//32 fastighetsägare//NN|UTR|SIN|IND|NOM//nsubj//36 skall//VB|PRS|AKT//aux//36 enligt//PP//case//35 utredningen//NN|UTR|SIN|DEF|NOM//obl//36 ha//VB|INF|AKT//conj//14 rätt//NN|UTR|SIN|IND|NOM//obj//36 att//IE//mark//44 genom//PP//case//40 upplåtelse//NN|UTR|SIN|IND|NOM//obl//44 av//PP//case//43 sin//PS|UTR|SIN|DEF//nmod:poss//43 jakträtt//NN|UTR|SIN|IND|NOM//nmod//40 sätta//VB|INF|AKT//acl//37 en//DT|UTR|SIN|IND//det//47 annan//JJ|POS|UTR|SIN|IND|NOM//amod//47 person//NN|UTR|SIN|IND|NOM//obj//44 i//PP//case//50 sitt//PS|NEU|SIN|DEF//nmod:poss//50 ställe//NN|NEU|SIN|IND|NOM//obl//44 .//MAD//punct//4
Fler jakttillfällen;Utredningen//NN|UTR|SIN|DEF|NOM//nsubj//1 föreslår//VB|PRS|AKT//ROOT//1 att//SN//mark//4 jägarorganisationerna//NN|UTR|PLU|DEF|NOM//nsubj//4 får//VB|PRS|AKT//aux//8 i//PP//advmod//8 uppdrag//NN|NEU|SIN|IND|NOM//fixed//5 att//IE//mark//8 verka//VB|INF|AKT//xcomp//1 för//PP//case//10 införande//NN|NEU|SIN|IND|NOM//obl//8 av//PP//case//13 ett//DT|NEU|SIN|IND//det//13 faddersystem//NN|NEU|SIN|IND|NOM//nmod//10 .//MAD//punct//1

Avgifter för upplåtelse av nyttjanderätt till jakt;I//PP//case//2 kapitel//NN|NEU|SIN|IND|NOM//nmod//2 5//RG|NOM//obl//4  //_SP////2 redovisas//VB|PRS|SFO//ROOT//4 de//DT|UTR/NEU|PLU|DEF//det//6 undersökningar//NN|UTR|PLU|IND|NOM//nsubj:pass//4 utredningen//NN|UTR|SIN|DEF|NOM//nsubj//8 utfört//VB|SUP|AKT//acl:relcl//6 för//PP//mark//11 att//IE//mark//11 utröna//VB|INF|AKT//advcl//8 vilka//HD|UTR/NEU|PLU|IND//det//13 priser//NN|NEU|PLU|IND|NOM//obj//11 som//HP|-|-|-//nsubj//15 gäller//VB|PRS|AKT//acl:relcl//13 vid//PP//case//17 upplåtelse//NN|UTR|SIN|IND|NOM//obl//15 av//PP//case//19 jakt//NN|UTR|SIN|IND|NOM//nmod//17 i//PP//advmod//15 dag//NN|UTR|SIN|IND|NOM//fixed//20 .//MAD//punct//4
Avgifter för upplåtelse av nyttjanderätt till jakt;Utredningen//NN|UTR|SIN|DEF|NOM//nsubj//24 har//VB|PRS|AKT//parataxis//4 jämfört//VB|SUP|AKT//amod//26 materialet//NN|NEU|SIN|DEF|NOM//obj//24 med//PP//case//30 de//DT|UTR/NEU|PLU|DEF//det//29 undersökningar//NN|UTR|PLU|IND|NOM//nmod//30 Jakt-//PM|SMS//obl//24 och//KN//cc//32 viltvårdsberedningen//NN|UTR|SIN|DEF|NOM//conj//30 gjorde//VB|PRT|AKT//advcl//24 år//NN|NEU|SIN|IND|NOM//nmod//35 1979//RG|NOM//obl//33 och//KN//cc//35 1980//RG|NOM//nummod//35 .//MAD//punct//24
Avgifter för upplåtelse av nyttjanderätt till jakt;Utredningen//NN|UTR|SIN|DEF|NOM//nsubj//40 kommer//VB|PRS|AKT//conj//24 fram//PL//advmod//40 till//PP//case//56 att//SN//mark//56 nuvarande//PC|PRS|UTR/NEU|SIN/PLU|IND/DEF|NOM//amod//45 avgifter//NN|UTR|PLU|IND|NOM//nsubj//56 för//PP//case//47 upplåtelse//NN|UTR|SIN|IND|NOM//nmod//45 av//PP//case//49 nyttjanderätt//NN|UTR|SIN|IND|NOM//nmod//47 till//PP//case//51 jakt//NN|UTR|SIN|IND|NOM//nmod//45 är//VB|PRS|AKT//cop//56 på//PP//case//56 en//DT|UTR|SIN|IND//det//56 acceptabel//JJ|POS|UTR|SIN|IND|NOM//amod//56 nivå//NN|UTR|SIN|IND|NOM//obl//40 samt//KN//cc//68 att//SN//mark//68 utvecklingen//NN|UTR|SIN|DEF|NOM//nsubj//68 på//PP//case//61 avgiftsområdet//NN|NEU|SIN|DEF|NOM//nmod//59 sedan//PP//case//65 1979/1980//RG|NOM//nummod//65 följt//VB|SUP|AKT//amod//65 konsumentprisindex//NN|NEU|SIN|IND|NOM//nmod//59 .//MAD//punct//59
Avgifter för upplåtelse av nyttjanderätt till jakt;Utredningen//NN|UTR|SIN|DEF|NOM//nmod//59 anser//VB|PRS|AKT//advcl//40 att//SN//mark//72 utvecklingen//NN|UTR|SIN|DEF|NOM//nsubj//72 är//VB|PRS|AKT//cop//72 godtagbar//JJ|POS|UTR|SIN|IND|NOM//ccomp//68 .//MAD//punct//24
Avgifter för upplåtelse av nyttjanderätt till jakt;Metoden//NN|UTR|SIN|DEF|NOM//nsubj//10 med//PP//case//2 anbudsförfarande//NN|NEU|SIN|IND|NOM//nmod//0 är//VB|PRS|AKT//cop//10 ,//MID//punct//7 enligt//PP//case//7 utredningens//NN|UTR|SIN|DEF|GEN//nmod:poss//7 undersökningar//NN|UTR|PLU|IND|NOM//dep//10 ,//MID//punct//7 ytterst//AB|SUV//advmod//10 ovanlig//JJ|POS|UTR|SIN|IND|NOM//ROOT//10 i//PP//advmod//10 dag//NN|UTR|SIN|IND|NOM//fixed//11 .//MAD//punct//10
Avgifter för upplåtelse av nyttjanderätt till jakt;Därför//AB//advmod//15 finns//VB|PRS|SFO//conj//10 det//PN|NEU|SIN|DEF|SUB/OBJ//expl//15 inte//AB//advmod//15 skäl//NN|NEU|PLU|IND|NOM//nsubj//15 att//IE//mark//20 föreslå//VB|INF|AKT//acl//18 några//DT|UTR/NEU|PLU|IND//det//23 särskilda//PC|PRF|UTR/NEU|PLU|IND/DEF|NOM//amod//23 åtgärder//NN|UTR|PLU|IND|NOM//obj//20 för//PP//mark//26 att//IE//mark//26 arbeta//VB|INF|AKT//advcl//20 bort//PL//compound:prt//26 anbudsförfarandet//NN|NEU|SIN|DEF|NOM//obj//26 som//KN//mark//30 metod//NN|UTR|SIN|IND|NOM//acl:relcl//28 för//PP//case//32 prissättning//NN|UTR|SIN|IND|NOM//obl//30 på//PP//case//34 jaktupplåtelser//NN|UTR|PLU|IND|NOM//nmod//32 .//MAD//punct//15

Besittningsskyddet;Utredningen//NN|UTR|SIN|DEF|NOM//nsubj//1 föreslår//VB|PRS|AKT//ROOT//1 i//PP//case//4 kapitel//NN|NEU|SIN|IND|NOM//nmod//4 6//RG|NOM//obl//1  //_SP////4 att//SN//mark//29 reglerna//NN|UTR|PLU|DEF|NOM//nsubj//29 i//PP//case//11 17//RG|NOM//nummod//10 §//NN|AN//nmod//11 jaktlagen//NN|UTR|SIN|DEF|NOM//nmod//7 (//PAD//punct//13 1987:259//RG|NOM//appos//11 )//PAD//punct//13 ,//MID//punct//11 om//PP//case//18 nyttjanderättshavarens//NN|UTR|SIN|DEF|GEN//nmod:poss//18 rätt//NN|UTR|SIN|IND|NOM//nmod//11 till//PP//case//20 förlängning//NN|UTR|SIN|IND|NOM//nmod//18 av//PP//case//23 ett//DT|NEU|SIN|IND//det//23 jakträttsavtal//NN|NEU|SIN|IND|NOM//nmod//20 i//PP//case//26 vissa//JJ|POS|UTR/NEU|PLU|IND/DEF|NOM//amod//26 fall//NN|NEU|PLU|IND|NOM//nmod//23 ,//MID//punct//29 skall//VB|PRS|AKT//aux//29 upphöra//VB|INF|AKT//advcl//1 .//MAD//punct//29
Besittningsskyddet;För//PP//mark//33 att//IE//mark//33 främja//VB|INF|AKT//advcl//38 längre//JJ|KOM|UTR/NEU|SIN/PLU|IND/DEF|NOM//amod//35 upplåtelsetider//NN|UTR|PLU|IND|NOM//obj//33 vill//VB|PRS|AKT//aux//38 utredningen//NN|UTR|SIN|DEF|NOM//nsubj//38 införa//VB|INF|AKT//conj//1 andra//JJ|POS|UTR/NEU|PLU|IND/DEF|NOM//amod//41 tvingande//PC|PRS|UTR/NEU|SIN/PLU|IND/DEF|NOM//amod//41 regler//NN|UTR|PLU|IND|NOM//obj//38 .//MAD//punct//1
Besittningsskyddet;Utredningen//NN|UTR|SIN|DEF|NOM//nsubj//44 föreslår//VB|PRS|AKT//parataxis//1 att//SN//mark//48 huvudregeln//NN|UTR|SIN|DEF|NOM//nsubj//48 skall//VB|PRS|AKT//aux//48 vara//VB|INF|AKT//ccomp//44 att//SN//mark//52 tidsbestämda//PC|PRF|UTR/NEU|PLU|IND/DEF|NOM//amod//51 jakträttsavtal//NN|NEU|PLU|IND|NOM//nsubj//52 upphör//VB|PRS|AKT//ccomp//48 att//IE//mark//54 gälla//VB|INF|AKT//xcomp//52 först//AB//advmod//57 efter//PP//case//57 uppsägning//NN|UTR|SIN|IND|NOM//obl//54 och//KN//cc//61 att//SN//mark//61 det//PN|NEU|SIN|DEF|SUB/OBJ//expl//61 införs//VB|PRS|SFO//conj//52 en//DT|UTR|SIN|IND//det//64 lagstadgad//PC|PRF|UTR|SIN|IND|NOM//amod//64 uppsägningstid//NN|UTR|SIN|IND|NOM//nsubj:pass//61 på//PP//case//67 tolv//RG|NOM//nummod//67 månader//NN|UTR|PLU|IND|NOM//obl//61 .//MAD//punct//1
Besittningsskyddet;Bestämmelsen//NN|UTR|SIN|DEF|NOM//nsubj//30 i//PP//case//4 nuvarande//PC|PRS|UTR/NEU|SIN/PLU|IND/DEF|NOM//advmod//3 15//RG|NOM//nummod//4 §//NN|AN//nmod//0 enligt//PP//case//6 vilken//HP|UTR|SIN|IND//det//8 ett//DT|NEU|SIN|IND//det//8 avtal//NN|NEU|SIN|IND|NOM//nmod//0 som//HP|-|-|-//nsubj//11 inte//AB//advmod//11 sägs//VB|PRS|SFO//acl:relcl//8 upp//PL//compound:prt//11 inom//PP//case//15 rätt//JJ|POS|UTR|SIN|IND|NOM//amod//15 tid//NN|UTR|SIN|IND|NOM//obl//16 anses//VB|PRS|SFO//advcl//11 förlängt//PC|PRF|NEU|SIN|IND|NOM//xcomp//16 på//PP//case//20 en//DT|UTR|SIN|IND//det//20 tid//NN|UTR|SIN|IND|NOM//obl//16 som//HP|-|-|-//nsubj//22 motsvarar//VB|PRS|AKT//acl:relcl//20 upplåtelsetiden//NN|UTR|SIN|DEF|NOM//obj//22 –//RG|NOM//punct//28 dock//AB//advmod//28 längst//AB|SUV//advmod//27 fem//RG|NOM//nummod//28 år//NN|NEU|PLU|IND|NOM//appos//16 –//NN|AN//punct//28 blir//VB|PRS|AKT//ROOT//30 kvar//PL//compound:prt//30 oförändrad//JJ|POS|UTR|SIN|IND|NOM//xcomp//30 .//MAD//punct//30

Viltvårdsområden;Utredningen//NN|UTR|SIN|DEF|NOM//nsubj//1 föreslår//VB|PRS|AKT//ROOT//1 i//PP//case//8 kapitel//NN|NEU|SIN|IND|NOM//nmod//4 7//RG|NOM//nummod//8  //_SP////4 relativt//AB|POS//advmod//7 omfattande//PC|PRS|UTR/NEU|SIN/PLU|IND/DEF|NOM//amod//8 förändringar//NN|UTR|PLU|IND|NOM//obl//1 av//PP//case//12 den//DT|UTR|SIN|DEF//det//12 nuvarande//PC|PRS|UTR/NEU|SIN/PLU|IND/DEF|NOM//amod//12 jaktvårdsområdeslagstiftningen//NN|UTR|SIN|DEF|NOM//nmod//8 och//KN//cc//14 döper//VB|PRS|AKT//conj//1 samtidigt//AB//advmod//14 om//SN//fixed//15 institutet//NN|NEU|SIN|DEF|NOM//nmod//18 jaktvårdsområde//NN|NEU|SIN|IND|NOM//obj//14 till//PP//case//20 viltvårdsområde//NN|NEU|SIN|IND|NOM//nmod//18 .//MAD//punct//1
Viltvårdsområden;Bland//PP//case//23 annat//PN|NEU|SIN|IND|SUB/OBJ//obl//26 har//VB|PRS|AKT//aux//26 det//DT|NEU|SIN|DEF//expl//26 äganderättsskydd//NN|NEU|SIN|IND|NOM//parataxis//1 som//HP|-|-|-//nsubj//28 gäller//VB|PRS|AKT//acl:relcl//26 enligt//PP//case//32 2//RG|NOM//nummod//31 kap.//NN|AN//nmod//32 regeringsformen//NN|UTR|SIN|DEF|NOM//obl//28 och//KN//cc//36 den//DT|UTR|SIN|DEF//det//36 europeiska//JJ|POS|UTR/NEU|SIN|DEF|NOM//amod//36 konventionen//NN|UTR|SIN|DEF|NOM//conj//32 angående//PP//case//38 skydd//NN|NEU|SIN|IND|NOM//nmod//36 för//PP//case//42 de//DT|UTR/NEU|PLU|DEF//det//42 mänskliga//JJ|POS|UTR/NEU|PLU|IND/DEF|NOM//amod//42 rättigheterna//NN|UTR|PLU|DEF|NOM//nmod//38 och//KN//cc//46 de//DT|UTR/NEU|PLU|DEF//det//46 grundläggande//PC|PRS|UTR/NEU|SIN/PLU|IND/DEF|NOM//amod//46 friheterna//NN|UTR|PLU|DEF|NOM//conj//42 (//PAD//punct//46 Europakonventionen//NN|UTR|SIN|DEF|NOM//appos//46 )//PAD//punct//46 föranlett//VB|SUP|AKT//conj//1 vissa//JJ|POS|UTR/NEU|PLU|IND/DEF|NOM//amod//52 förändringar//NN|UTR|PLU|IND|NOM//obj//50 .//MAD//punct//1
Viltvårdsområden;Nedan//AB//advmod//55 sammanfattas//VB|PRS|SFO//conj//1 de//DT|UTR/NEU|PLU|DEF//det//58 viktigaste//JJ|SUV|UTR/NEU|SIN/PLU|DEF|NOM//amod//58 förändringarna//NN|UTR|PLU|DEF|NOM//nsubj:pass//55 punktvis//AB//advmod//55 .//MAD//punct//1 –//RG|NOM//punct//63
Viltvårdsområden;Lagen//NN|UTR|SIN|DEF|NOM//nsubj:pass//63 föreslås//VB|PRS|SFO//conj//1 omfatta//VB|INF|AKT//xcomp//63 hela//JJ|POS|UTR/NEU|SIN|DEF|NOM//amod//66 landet//NN|NEU|SIN|DEF|NOM//obj//64 .//MID//punct//1
Viltvårdsområden;Det//DT|NEU|SIN|DEF//det//69 undantag//NN|NEU|SIN|IND|NOM//nsubj//80 som//HP|-|-|-//nsubj//71 gällt//VB|SUP|AKT//acl:relcl//69 för//PP//case//73 kronomark//NN|UTR|PLU|IND|NOM//obl//71 ovanför//PP//case//75 odlingsgränsen//NN|UTR|SIN|DEF|NOM//obl//71 och//KN//cc//77 mark//NN|UTR|SIN|IND|NOM//conj//75 på//PP//case//79 renbetesfjället//NN|NEU|SIN|DEF|NOM//obl//71 upphör//VB|PRS|AKT//parataxis//1 .//MAD//punct//1 –//RG|NOM//punct//83
Viltvårdsområden;Villkoren//NN|NEU|PLU|DEF|NOM//nsubj:pass//91 för//PP//mark//88 att//IE//mark//88 tvångsvis//AB//advmod//88 kunna//VB|INF|AKT//aux//88 bilda//VB|INF|AKT//acl//83 ett//DT|NEU|SIN|IND//det//90 viltvårdsområde//NN|NEU|SIN|IND|NOM//obj//88 skärps//VB|PRS|SFO//parataxis//1 .//MAD//punct//1
Viltvårdsområden;Området//NN|NEU|SIN|DEF|NOM//nsubj:pass//95 får//VB|PRS|AKT//aux//95 bildas//VB|INF|SFO//parataxis//1 bara//AB//advmod//95 om//SN//mark//99 det//PN|NEU|SIN|DEF|SUB/OBJ//expl//99 tillgodoser//VB|PRS|AKT//advcl//95 ett//PN|NEU|SIN|IND|SUB/OBJ//det//105 för//PP//case//102 viltvården//NN|UTR|SIN|DEF|NOM//nmod//100 angeläget//JJ|POS|NEU|SIN|IND|NOM//obl//105 allmänt//JJ|POS|NEU|SIN|IND|NOM//amod//105 intresse//NN|NEU|SIN|IND|NOM//obj//99 samt//KN//cc//109 om//PP//case//109 fyra//RG|NOM//nummod//109 femtedelar//NN|UTR|PLU|IND|NOM//conj//105 av//PP//case//111 fastighetsägarna//NN|UTR|PLU|DEF|NOM//nmod//109 ,//MID//punct//115 vilka//HP|UTR/NEU|PLU|IND//nsubj//115 skall//VB|PRS|AKT//aux//115 äga//VB|INF|AKT//acl:relcl//109 minst//AB|SUV//advmod//117 fyra//RG|NOM//nummod//118 femtedelar//NN|UTR|PLU|IND|NOM//obj//115 av//PP//case//121 viltvårdsområdets//NN|NEU|SIN|DEF|GEN//nmod:poss//121 areal//NN|UTR|SIN|IND|NOM//nmod//118 ,//MID//punct//123 medger//VB|PRS|AKT//parataxis//1 det//PN|NEU|SIN|DEF|SUB/OBJ//nsubj//123 .//MAD//punct//123
Viltvårdsområden;I//PP//case//130 mycket//AB|POS//advmod//128 starkt//AB|POS//advmod//129 ägosplittrade//PC|PRF|UTR/NEU|PLU|IND/DEF|NOM//amod//130 områden//NN|NEU|PLU|IND|NOM//obl//131 införs//VB|PRS|SFO//conj//1 en//DT|UTR|SIN|IND//det//133 särbestämmelse//NN|UTR|SIN|IND|NOM//nsubj:pass//131 .//MAD//punct//131 –//RG|NOM//punct//136
Viltvårdsområden;Fastigheter//NN|UTR|PLU|IND|NOM//dislocated//209 som//HP|-|-|-//nsubj:pass//148 genom//PP//case//139 avtal//NN|NEU|PLU|IND|NOM//obl//144 eller//KN//cc//143 på//PP//case//143 annat//JJ|POS|NEU|SIN|IND|NOM//amod//143 sätt//NN|NEU|SIN|IND|NOM//obl//144 samordnat//VB|SUP|AKT//amod//145 viltvården//NN|UTR|SIN|DEF|NOM//nsubj:pass//148 får//VB|PRS|AKT//aux//148 inte//AB//advmod//148 anslutas//VB|INF|SFO//acl:relcl//136 till//PP//case//151 ett//DT|NEU|SIN|IND//det//151 viltvårdsområde//NN|NEU|SIN|IND|NOM//obl//148 utan//PP//case//154 ägarens//NN|UTR|SIN|DEF|GEN//nmod:poss//154 samtycke//NN|NEU|SIN|IND|NOM//obl//148 .//MAD//punct//136 –//PAD//punct//161
Viltvårdsområden;Verksamheten//NN|UTR|SIN|DEF|NOM//nsubj:pass//161 inom//PP//case//160 ett//DT|NEU|SIN|IND//det//160 viltvårdsområde//NN|NEU|SIN|IND|NOM//nmod//157 regleras//VB|PRS|SFO//parataxis//136 tydligare//AB|KOM//advmod//161 .//MAD//punct//161
Viltvårdsområden;Vad//HP|NEU|SIN|IND//dislocated//166 som//HP|-|-|-//nsubj//166 får//VB|PRS|AKT//advcl//161 respektive//AB//cc//170 inte//AB//advmod//170 får//VB|PRS|AKT//aux//170 beslutas//VB|INF|SFO//conj//166 av//PP//case//173 en//DT|UTR|SIN|IND//det//173 viltvårdsområdesförening//NN|UTR|SIN|IND|NOM//obl:agent//170 skall//VB|PRS|AKT//aux//176 tydligt//AB|POS//advmod//176 framgå//VB|INF|AKT//conj//161 av//PP//case//178 lag//NN|UTR|SIN|IND|NOM//obl:agent//176 eller//KN//cc//180 underlydande//JJ|POS|UTR/NEU|SIN/PLU|IND/DEF|NOM//conj//178 författning//NN|UTR|SIN|IND|NOM//conj//178 .//MAD//punct//161 –//PAD//punct//185
Viltvårdsområden;De//DT|UTR/NEU|PLU|DEF//det//185 möjligheter//NN|UTR|PLU|IND|NOM//nsubj//196 som//HP|-|-|-//nsubj//187 finns//VB|PRS|SFO//acl:relcl//185 i//PP//advmod//187 dag//NN|UTR|SIN|IND|NOM//fixed//188 för//PP//case//192 en//DT|UTR|SIN|IND//det//192 förening//NN|UTR|SIN|IND|NOM//obl//187 att//IE//mark//194 inskränka//VB|INF|AKT//acl//192 jaktutövningsrätten//NN|UTR|SIN|DEF|NOM//obj//194 minskar//VB|PRS|AKT//conj//136 .//MID//punct//136
Viltvårdsområden;Generella//JJ|POS|UTR/NEU|PLU|IND/DEF|NOM//amod//199 inskränkningar//NN|UTR|PLU|IND|NOM//conj//136 i//PP//case//201 rätten//NN|UTR|SIN|DEF|NOM//nmod//199 att//IE//mark//203 jaga//VB|INF|AKT//acl//199 inom//PP//case//206 ett//DT|NEU|SIN|IND//det//206 viltvårdsområde//NN|NEU|SIN|IND|NOM//obl//203 får//VB|PRS|AKT//aux//209 endast//AB//advmod//209 gälla//VB|INF|AKT//conj//131 älg//NN|UTR|SIN|IND|NOM//obj//209 ,//MID//punct//212 kronhjort//NN|UTR|SIN|IND|NOM//conj//210 och//KN//cc//214 dovhjort//NN|UTR|SIN|IND|NOM//conj//210 samt//KN//cc//216 avse//VB|INF|AKT//conj//209 regler//NN|UTR|PLU|IND|NOM//obj//216 om//PP//case//219 områdesjakt//NN|UTR|SIN|IND|NOM//nmod//217 ,//MID//punct//221 gemensamhetsjakt//NN|UTR|SIN|IND|NOM//conj//219 och//KN//cc//224 avskjutningens//NN|UTR|SIN|DEF|GEN//nmod:poss//224 omfattning//NN|UTR|SIN|IND|NOM//conj//219 .//MAD//punct//209 –//RG|NOM//punct//232
Viltvårdsområden;Beträffande//PP//amod//228 småvilt//NN|NEU|SIN|IND|NOM//obl//232 får//VB|PRS|AKT//aux//232 viltvårdsområdesföreningen//NN|UTR|SIN|DEF|NOM//nsubj//232 alltjämt//AB//advmod//232 besluta//VB|INF|AKT//parataxis//209 om//PP//case//234 områdesjakt//NN|UTR|SIN|IND|NOM//obl//232 och//KN//cc//236 upplåtelse//NN|UTR|SIN|IND|NOM//conj//234 av//PP//case//239 sådan//JJ|POS|UTR|SIN|IND|NOM//amod//239 jakt//NN|UTR|SIN|IND|NOM//nmod//236 .//MAD//punct//232
Viltvårdsområden;Föreningens//NN|UTR|SIN|DEF|GEN//nmod:poss//242 beslut//NN|NEU|SIN|IND|NOM//nsubj//243 omfattar//VB|PRS|AKT//parataxis//232 inte//AB//advmod//243 fastighet//NN|UTR|SIN|IND|NOM//obj//243 som//HP|-|-|-//nsubj//247 motsätter//VB|PRS|AKT//acl:relcl//245 sig//PN|UTR/NEU|SIN/PLU|DEF|OBJ//obj//247 områdesjakt//NN|UTR|SIN|IND|NOM//xcomp//247 på//PP//case//251 småvilt//NN|NEU|PLU|IND|NOM//obl//247 .//MAD//punct//243 –//RG|NOM//punct//255
Viltvårdsområden;Den//DT|UTR|SIN|DEF//det//255 möjlighet//NN|UTR|SIN|IND|NOM//nsubj//271 som//HP|-|-|-//nsubj//257 finns//VB|PRS|SFO//acl:relcl//255 i//PP//advmod//257 dag//NN|UTR|SIN|IND|NOM//fixed//258 att//IE//mark//261 inskränka//VB|INF|AKT//advcl//257 vissa//JJ|POS|UTR/NEU|PLU|IND/DEF|NOM//amod//263 fastighetsägares//NN|UTR|PLU|IND|GEN//obj//261 rätt//NN|UTR|SIN|IND|NOM//obj//261 att//IE//mark//266 förfoga//VB|INF|AKT//acl//264 över//PP//case//268 jakträtten//NN|UTR|SIN|DEF|NOM//obl//266 genom//PP//case//270 upplåtelse//NN|UTR|SIN|IND|NOM//obl//266 försvinner//VB|PRS|AKT//conj//243 .//MAD//punct//243 –//PM|NOM//punct//277
Viltvårdsområden;Systemet//NN|NEU|SIN|DEF|NOM//nsubj//277 med//PP//case//277 jakträttsbevis//AB//amod//277 lagfästs//NN|UTR|SIN|IND|GEN//appos//243 .//MAD//punct//243 –//PAD//punct//281
Viltvårdsområden;Det//PN|NEU|SIN|DEF|SUB/OBJ//expl//281 blir//VB|PRS|AKT//parataxis//243 möjligt//JJ|POS|NEU|SIN|IND|NOM//xcomp//281 att//IE//mark//287 i//PP//case//286 vissa//JJ|POS|UTR/NEU|PLU|IND/DEF|NOM//amod//286 fall//NN|NEU|PLU|IND|NOM//obl//287 undanta//VB|INF|AKT//csubj//281 en//DT|UTR|SIN|IND//det//289 fastighet//NN|UTR|SIN|IND|NOM//obj//287 från//PP//case//291 områdesjakt//NN|UTR|SIN|IND|NOM//nmod//289 om//SN//mark//294 den//PN|UTR|SIN|DEF|SUB/OBJ//nsubj:pass//294 ombildas//VB|PRS|SFO//advcl//287 eller//KN//cc//296 nybildas//VB|PRS|SFO//conj//294 .//MAD//punct//281 –//SN//punct//300
Viltvårdsområden;Det//PN|NEU|SIN|DEF|SUB/OBJ//expl//300 införs//VB|PRS|SFO//parataxis//281 en//DT|UTR|SIN|IND//det//302 bestämmelse//NN|UTR|SIN|IND|NOM//nsubj:pass//300 i//PP//case//304 lagen//NN|UTR|SIN|DEF|NOM//nmod//302 som//HP|-|-|-//nsubj//306 innebär//VB|PRS|AKT//acl:relcl//304 att//SN//mark//322 beslut//NN|NEU|SIN|IND|NOM//nsubj:pass//322 med//PP//case//310 stöd//NN|NEU|SIN|IND|NOM//nmod//308 av//PP//case//317 lagen//NN|UTR|SIN|DEF|NOM//nsubj//317 inte//AB//advmod//317 får//VB|PRS|AKT//aux//317 vara//VB|INF|AKT//cop//317 så//AB//advmod//317 ingripande//PC|PRS|UTR/NEU|SIN/PLU|IND/DEF|NOM//nmod//308 att//SN//mark//322 pågående//PC|PRS|UTR/NEU|SIN/PLU|IND/DEF|NOM//amod//320 markanvändning//NN|UTR|SIN|IND|NOM//nsubj:pass//322 avsevärt//AB|POS//advmod//322 försvåras//VB|PRS|SFO//ccomp//306 inom//PP//case//325 berörd//PC|PRF|UTR|SIN|IND|NOM//amod//325 del//NN|UTR|SIN|IND|NOM//obl//322 av//PP//case//327 fastighet//NN|UTR|SIN|IND|NOM//nmod//325 .//MAD//punct//300 –//RG|NOM//punct//332
Viltvårdsområden;Beträffande//PP//amod//331 stadgarna//NN|UTR|PLU|DEF|NOM//obl//332 ändras//VB|PRS|SFO//conj//243 kravet//NN|NEU|SIN|DEF|NOM//nsubj:pass//332 på//PP//mark//338 vad//HP|NEU|SIN|IND//obj//338 de//PN|UTR/NEU|PLU|DEF|SUB//nsubj//338 skall//VB|PRS|AKT//aux//338 innehålla//VB|INF|AKT//acl//333 .//MAD//punct//332 –//RG|NOM//punct//342
Viltvårdsområden;Röstningsreglerna//NN|UTR|PLU|DEF|NOM//nsubj:pass//342 ändras//VB|PRS|SFO//parataxis//332 så//AB//advmod//342 att//SN//fixed//343 rösträtt//NN|UTR|SIN|IND|NOM//nmod//346 tillkommer//VB|PRS|AKT//fixed//343 endast//AB//advmod//346 fastighetsägarna//NN|UTR|PLU|DEF|NOM//nsubj//346 i//PP//case//351 viktiga//JJ|POS|UTR/NEU|PLU|IND/DEF|NOM//amod//351 frågor//NN|UTR|PLU|IND|NOM//nmod//348 som//HP|-|-|-//nsubj//353 innebär//VB|PRS|AKT//acl:relcl//351 inskränkningar//NN|UTR|PLU|IND|NOM//obj//353 i//PP//case//356 jakträtten//NN|UTR|SIN|DEF|NOM//nmod//354 .//MAD//punct//346 –//PAD//punct//362
Viltvårdsområden;Ett//DT|NEU|SIN|IND//det//360 viltvårdsområde//NN|NEU|SIN|IND|NOM//nsubj:pass//362 skall//VB|PRS|AKT//aux//362 upplösas//VB|INF|SFO//conj//243 om//SN//case//367 fler//JJ|POS|UTR/NEU|PLU|IND|NOM//advmod//366 än//KN//fixed//364 en//DT|UTR|SIN|IND//det//367 femtedel//NN|UTR|SIN|IND|NOM//obl//362 av//PP//case//370 antalet//NN|NEU|SIN|DEF|NOM//nmod//370 fastighetsägare//NN|UTR|PLU|IND|NOM//nmod//367 eller//KN//cc//372 fastighetsägare//NN|UTR|PLU|IND|NOM//conj//370 som//HP|-|-|-//nsubj//374 äger//VB|PRS|AKT//acl:relcl//372 mer//AB|KOM//advmod//377 än//KN//fixed//375 en//DT|UTR|SIN|IND//det//378 femtedel//NN|UTR|SIN|IND|NOM//obj//374 av//PP//case//381 viltvårdsområdets//NN|NEU|SIN|DEF|GEN//nmod:poss//381 areal//NN|UTR|SIN|IND|NOM//nmod//378 på//PP//case//383 två//RG|NOM//obl//374 på//PP//case//385 varandra//PN|UTR/NEU|PLU|DEF|OBJ//obl//386 följande//PC|PRS|UTR/NEU|SIN/PLU|IND/DEF|NOM//amod//388 ordinarie//JJ|POS|UTR/NEU|SIN/PLU|IND/DEF|NOM//amod//388 föreningsstämmor//NN|UTR|PLU|IND|NOM//nsubj//389 uttalar//VB|PRS|AKT//conj//243 sig//PN|UTR/NEU|SIN/PLU|DEF|OBJ//obj//389 för//PP//case//393 en//DT|UTR|SIN|IND//det//393 upplösning//NN|UTR|SIN|IND|NOM//obl//389 .//MAD//punct//389 –//RG|NOM//punct//396
Viltvårdsområden;Bestämmelsen//NN|UTR|SIN|DEF|NOM//nsubj//407 att//SN//mark//402 ett//DT|NEU|SIN|IND//det//399 område//NN|NEU|SIN|IND|NOM//nsubj:pass//402 inte//AB//advmod//402 får//VB|PRS|AKT//aux//402 upplösas//VB|INF|SFO//acl//396 innan//SN//case//405 tio//RG|NOM//nummod//405 år//NN|NEU|PLU|IND|NOM//obl//402 har//VB|PRS|AKT//aux//407 förflutit//VB|SUP|AKT//parataxis//389 från//PP//case//409 bildandebeslutet//NN|NEU|SIN|DEF|NOM//obl//407 försvinner//VB|PRS|AKT//advcl//407 .//MAD//punct//243 –//RG|NOM//punct//413
Viltvårdsområden;Möjligheten//NN|UTR|SIN|DEF|NOM//nsubj:pass//421 att//IE//mark//415 utesluta//VB|INF|AKT//acl//413 en//DT|UTR|SIN|IND//det//417 fastighet//NN|UTR|SIN|IND|NOM//obj//415 ur//PP//case//420 ett//DT|NEU|SIN|IND//det//420 viltvårdsområde//NN|NEU|SIN|IND|NOM//obl//415 utökas//VB|INF|SFO//parataxis//243 .//MAD//punct//243 –//RG|NOM//punct//427
Viltvårdsområden;Straffbestämmelsen//NN|UTR|SIN|DEF|NOM//nsubj//427 i//PP//case//426 lagen//NN|UTR|SIN|DEF|NOM//nmod//424 utgår//VB|PRS|AKT//parataxis//243 och//KN//cc//429 ersätts//VB|PRS|SFO//conj//427 med//PP//case//432 en//DT|UTR|SIN|IND//det//432 möjlighet//NN|UTR|SIN|IND|NOM//obl//429 för//PP//case//434 föreningen//NN|UTR|SIN|DEF|NOM//nmod//432 att//IE//mark//436 besluta//VB|INF|AKT//acl//432 om//PP//case//439 tillfällig//JJ|POS|UTR|SIN|IND|NOM//amod//439 avstängning//NN|UTR|SIN|IND|NOM//obl//436 från//PP//case//441 områdesjakt//NN|UTR|SIN|IND|NOM//nmod//439 .//MAD//punct//232 –//RG|NOM//punct//445
Viltvårdsområden;Den//DT|UTR|SIN|DEF//det//445 prövning//NN|UTR|SIN|IND|NOM//nsubj//465 som//HP|-|-|-//obj//451 länsstyrelsen//NN|UTR|SIN|DEF|NOM//nsubj//451 och//KN//cc//449 förvaltningsdomstol//NN|UTR|SIN|IND|NOM//conj//447 skall//VB|PRS|AKT//aux//451 göra//VB|INF|AKT//acl:relcl//445 vid//PP//case//455 ett//DT|NEU|SIN|IND//det//454 överklagande//NN|NEU|SIN|IND|NOM//amod//455 förändras//VB|PRS|SFO//obl//451 .//MAD//punct//445
Viltvårdsområden;Länsstyrelsen//NN|UTR|SIN|DEF|NOM//conj//445 och//KN//cc//460 allmän//JJ|POS|UTR|SIN|IND|NOM//amod//460 förvaltningsdomstol//NN|UTR|SIN|IND|NOM//conj//457 skall//VB|PRS|AKT//aux//465 i//PP//case//463 fortsättningen//NN|UTR|SIN|DEF|NOM//obl//465 inte//AB//advmod//465 pröva//VB|INF|AKT//advcl//232 bara//AB//advmod//465 beslutets//NN|NEU|SIN|DEF|GEN//nmod:poss//468 laglighet//NN|UTR|SIN|IND|NOM//obj//465 utan//KN//cc//472 även//AB//advmod//472 dess//PS|UTR/NEU|SIN/PLU|DEF//nmod:poss//472 lämplighet//NN|UTR|SIN|IND|NOM//conj//468 .//MAD//punct//1

Administrationen av jakten;I//PP//mark//4 kapitel//NN|NEU|SIN|IND|NOM//nmod//2 9//RG|NOM//obl//4  //_SP////2 behandlar//VB|PRS|AKT//ROOT//4 utredningen//NN|UTR|SIN|DEF|NOM//obj//4 vad//HP|NEU|SIN|IND//dislocated//9 som//HP|-|-|-//nsubj:pass//9 kan//VB|PRS|AKT//aux//9 kallas//VB|INF|SFO//acl:relcl//5 administrationen//NN|UTR|SIN|DEF|NOM//obj//9 av//PP//case//12 jakten//NN|UTR|SIN|DEF|NOM//nmod//10 .//MAD//punct//4
Administrationen av jakten;Utredningen//NN|UTR|SIN|DEF|NOM//nsubj//1 föreslår//VB|PRS|AKT//ROOT//1 att//SN//mark//7 Svenska//JJ|POS|UTR/NEU|SIN|DEF|NOM//amod//4 jägareförbundet//NN|NEU|SIN|DEF|NOM//nsubj//7 inte//AB//advmod//7 skall//VB|PRS|AKT//aux//7 ha//VB|INF|AKT//ccomp//1 statsmakternas//NN|UTR|PLU|DEF|GEN//nmod:poss//9 uppdrag//NN|NEU|SIN|IND|NOM//obj//7 att//IE//mark//12 ensamt//AB|POS//amod//12 ansvara//VB|INF|AKT//acl//9 för//PP//case//14 ledningen//NN|UTR|SIN|DEF|NOM//obl//12 av//PP//case//18 den//DT|UTR|SIN|DEF//det//18 praktiska//JJ|POS|UTR/NEU|SIN|DEF|NOM//amod//18 viltvården//NN|UTR|SIN|DEF|NOM//nmod//14 och//KN//cc//20 jakten//NN|UTR|SIN|DEF|NOM//conj//18 .//MAD//punct//1
Administrationen av jakten;Det//PN|NEU|SIN|DEF|SUB/OBJ//nsubj//29 bör//VB|PRS|AKT//aux//29 i//PP//advmod//29 stället//NN|NEU|SIN|DEF|NOM//fixed//24 vara//VB|INF|AKT//cop//29 en//DT|UTR|SIN|IND//det//29 gemensam//JJ|POS|UTR|SIN|IND|NOM//amod//29 uppgift//NN|UTR|SIN|IND|NOM//parataxis//1 för//PP//case//32 berörda//PC|PRF|UTR/NEU|PLU|IND/DEF|NOM//amod//32 myndigheter//NN|UTR|PLU|IND|NOM//nmod//29 ,//MID//punct//29 -//MID//punct//35 markägare//NN|UTR|PLU|IND|NOM//appos//29 ,//MID//punct//37 jägare//NN|UTR|PLU|IND|NOM//conj//35 och//KN//cc//40 andra//JJ|POS|UTR/NEU|PLU|IND/DEF|NOM//amod//40 intressenter//NN|UTR|PLU|IND|NOM//conj//35 att//IE//mark//45 i//PP//case//44 sin//PS|UTR|SIN|DEF//nmod:poss//44 verksamhet//NN|UTR|SIN|IND|NOM//obl//45 verka//VB|INF|AKT//acl//35 för//PP//mark//53 att//SN//mark//53 målen//NN|NEU|PLU|DEF|NOM//nsubj:pass//53 för//PP//case//50 jakten//NN|UTR|SIN|DEF|NOM//nmod//48 och//KN//cc//52 viltvården//NN|UTR|SIN|DEF|NOM//conj//50 uppnås//VB|PRS|SFO//advcl//45 .//MAD//punct//29
Administrationen av jakten;Ett//DT|NEU|SIN|IND//det//3 fortsatt//PC|PRF|NEU|SIN|IND|NOM//advmod//2 aktivt//JJ|POS|NEU|SIN|IND|NOM//amod//3 engagemang//NN|NEU|SIN|IND|NOM//nsubj//13 från//PP//case//5 medlemmarna//NN|UTR|PLU|DEF|NOM//nmod//3 i//PP//case//9 de//DT|UTR/NEU|PLU|DEF//det//9 båda//JJ|POS|UTR/NEU|PLU|IND/DEF|NOM//amod//9 jägarorganisationerna//NN|UTR|PLU|DEF|NOM//nmod//5 är//VB|PRS|AKT//cop//13 av//PP//case//13 allmänt//JJ|POS|NEU|SIN|IND|NOM//amod//13 intresse//NN|NEU|SIN|IND|NOM//ROOT//13 .//MAD//punct//13
Administrationen av jakten;Ett//DT|NEU|SIN|IND//det//17 medlemsrelaterat//PC|PRF|NEU|SIN|IND|NOM//amod//17 bidrag//NN|NEU|SIN|IND|NOM//nsubj//20 skall//VB|PRS|AKT//aux//20 därför//AB//advmod//20 utgå//VB|INF|AKT//parataxis//13 till//PP//case//22 jägarorganisationerna//NN|UTR|PLU|DEF|NOM//obl//20 för//PP//case//27 deras//PS|UTR/NEU|SIN/PLU|DEF//nmod:poss//27 oegennyttiga//JJ|POS|UTR/NEU|SIN|DEF|NOM//amod//27 allmänna//JJ|POS|UTR/NEU|SIN|DEF|NOM//amod//27 verksamhet//NN|UTR|SIN|IND|NOM//nmod//22 i//PP//case//29 frågor//NN|UTR|PLU|IND|NOM//nmod//27 om//PP//case//31 jakt//NN|UTR|SIN|IND|NOM//nmod//29 och//KN//cc//33 viltvård//NN|UTR|SIN|IND|NOM//conj//31 .//MAD//punct//13
Administrationen av jakten;Utredningen//NN|UTR|SIN|DEF|NOM//nsubj//36 föreslår//VB|PRS|AKT//parataxis//13 att//SN//mark//46 en//DT|UTR|SIN|IND//det//39 förordning//NN|UTR|SIN|IND|NOM//nsubj:pass//46 om//PP//case//41 bidrag//NN|NEU|PLU|IND|NOM//nmod//39 ur//PP//case//43 jaktvårdsfonden//NN|UTR|SIN|DEF|NOM//nmod//41 till//PP//case//45 jägarorganisationerna//NN|UTR|PLU|DEF|NOM//nmod//43 införs//VB|PRS|SFO//ccomp//36 .//MAD//punct//36
Administrationen av jakten;I//PP//case//49 bidragsbeslutet//NN|NEU|SIN|DEF|NOM//obl//51 skall//VB|PRS|AKT//aux//51 preciseras//VB|INF|SFO//conj//36 vilka//HD|UTR/NEU|PLU|IND//det//54 verksamheter//NN|UTR|PLU|IND|NOM//amod//54 jägarorganisationerna//NN|UTR|PLU|DEF|NOM//nsubj//56 skall//VB|PRS|AKT//aux//56 främja//VB|INF|AKT//advcl//51 för//PP//mark//59 att//IE//mark//59 erhålla//VB|INF|AKT//advcl//56 bidrag//NN|NEU|PLU|IND|NOM//obj//59 .//MAD//punct//51
Administrationen av jakten;För//PP//mark//65 verksamheten//NN|UTR|SIN|DEF|NOM//nsubj:pass//65 bör//VB|PRS|AKT//aux//65 fastställas//VB|INF|SFO//conj//51 mål//NN|NEU|PLU|IND|NOM//compound:prt//65 och//KN//cc//68 riktlinjer//NN|UTR|PLU|IND|NOM//conj//66 som//HP|-|-|-//nsubj:pass//72 fortlöpande//JJ|POS|UTR/NEU|SIN/PLU|IND/DEF|NOM//advmod//72 kan//VB|PRS|AKT//aux//72 utvärderas//VB|INF|SFO//acl:relcl//68 .//MAD//punct//51
Administrationen av jakten;Jägarorganisationerna//NN|UTR|PLU|DEF|NOM//nsubj//81 skall//VB|PRS|AKT//aux//81 i//PP//case//78 sin//PS|UTR|SIN|DEF//nmod:poss//78 ansökan//NN|UTR|SIN|IND|NOM//obl//81 om//PP//case//80 bidrag//NN|NEU|PLU|IND|NOM//nmod//78 redovisa//VB|INF|AKT//parataxis//51 hur//HA//advmod//85 denna//DT|UTR|SIN|DEF//det//84 verksamhet//NN|UTR|SIN|IND|NOM//nsubj:pass//85 bedrivits//VB|SUP|SFO//ccomp//81 .//MAD//punct//89
Administrationen av jakten;Utöver//PP//case//88 organisationsbidrag//NN|NEU|PLU|IND|NOM//obl//89 grundat//PC|PRF|NEU|SIN|IND|NOM//conj//81 på//PP//case//92 antal//NN|NEU|SIN|IND|NOM//nmod//92 medlemmar//NN|UTR|PLU|IND|NOM//obl//89 skall//VB|PRS|AKT//aux//96 det//PN|NEU|SIN|DEF|SUB/OBJ//expl//96 vara//VB|INF|AKT//cop//96 möjligt//JJ|POS|NEU|SIN|IND|NOM//conj//81 att//IE//mark//98 ge//VB|INF|AKT//csubj//96 bidrag//NN|NEU|SIN|IND|NOM//obj//98 ur//PP//case//101 jaktvårdsfonden//NN|UTR|SIN|DEF|NOM//obl//98 till//PP//case//103 jägarorganisationerna//NN|UTR|PLU|DEF|NOM//obl//98 för//PP//case//107 vissa//JJ|POS|UTR/NEU|PLU|IND/DEF|NOM//amod//107 specifika//JJ|POS|UTR/NEU|PLU|IND/DEF|NOM//amod//107 uppdrag//NN|NEU|PLU|IND|NOM//obl//98 .//MAD//punct//36
Administrationen av jakten;Av//PP//case//1 informations-//NN|UTR|-|-|SMS//obl//14 ,//MID//punct//3 rättssäkerhets-//NN|UTR|-|-|SMS//conj//1 och//KN//cc//5 konkurrensskäl//NN|NEU|PLU|IND|NOM//conj//1 bör//VB|PRS|AKT//aux//14 ,//MID//punct//9 enligt//PP//case//9 utredningen//NN|UTR|SIN|DEF|NOM//obl//14 ,//MID//punct//9 en//DT|UTR|SIN|IND//det//12 myndighet//NN|UTR|SIN|IND|NOM//nsubj//14 vara//VB|INF|AKT//cop//14 registeransvarig//JJ|POS|UTR|SIN|IND|NOM//ROOT//14 för//PP//case//16 jaktkortsregistret//NN|NEU|SIN|DEF|NOM//obl//14 och//KN//cc//18 jägarexamensregistret//NN|NEU|SIN|DEF|NOM//conj//16 .//MAD//punct//14
Administrationen av jakten;Utredningen//NN|UTR|SIN|DEF|NOM//nsubj//21 föreslår//VB|PRS|AKT//parataxis//14 att//SN//mark//35 Naturvårdsverket//NN|NEU|SIN|DEF|NOM//nsubj//35 ,//MID//punct//27 som//KN//case//27 statlig//JJ|POS|UTR|SIN|IND|NOM//amod//27 tillsynsmyndighet//NN|UTR|SIN|IND|NOM//appos//23 för//PP//case//31 faunavård//NN|UTR|SIN|DEF|GEN//amod//31 innefattande//PC|PRS|UTR/NEU|SIN/PLU|IND/DEF|NOM//amod//31 jakt//NN|UTR|SIN|IND|NOM//nmod//27 och//KN//cc//33 viltvård//NN|UTR|SIN|IND|NOM//conj//31 ,//MID//punct//35 ansvarar//VB|PRS|AKT//ccomp//21 för//PP//case//38 dessa//DT|UTR/NEU|PLU|DEF//det//38 register//NN|NEU|PLU|IND|NOM//obl//35 .//MAD//punct//21
Administrationen av jakten;Utredningen//NN|UTR|SIN|DEF|NOM//nsubj//1 kommer//VB|PRS|AKT//ROOT//1 fram//PL//advmod//1 till//PP//mark//6 att//SN//mark//6 det//PN|NEU|SIN|DEF|SUB/OBJ//expl//6 finns//VB|PRS|SFO//advcl//1 ett//DT|NEU|SIN|IND//det//8 behov//NN|NEU|SIN|IND|NOM//nsubj//6 av//PP//case//11 opartisk//JJ|POS|UTR|SIN|IND|NOM//amod//11 information//NN|UTR|SIN|IND|NOM//nmod//8 på//PP//case//16 jaktens//NN|UTR|SIN|DEF|GEN//nmod:poss//16 och//KN//cc//15 viltvårdens//NN|UTR|SIN|DEF|GEN//conj//13 område//NN|NEU|SIN|IND|NOM//nmod//11 .//MID//punct//1
Administrationen av jakten;Det//PN|NEU|SIN|DEF|SUB/OBJ//expl//19 finns//VB|PRS|SFO//conj//1 vidare//AB|KOM//advmod//19 ett//DT|NEU|SIN|IND//det//22 behov//NN|NEU|SIN|IND|NOM//nsubj//19 av//PP//mark//26 att//SN//mark//26 informationen//NN|UTR|SIN|DEF|NOM//nsubj:pass//26 sprids//VB|PRS|SFO//acl//22 bredare//JJ|KOM|UTR/NEU|SIN/PLU|IND/DEF|NOM//advmod//26 .//MAD//punct//19
Administrationen av jakten;Utredningen//NN|UTR|SIN|DEF|NOM//nsubj//30 föreslår//VB|PRS|AKT//parataxis//19 att//SN//mark//35 Naturvårdsverket//NN|NEU|SIN|DEF|NOM//nsubj//35 och//KN//cc//34 skogsvårdsorganisationen//NN|UTR|SIN|DEF|NOM//conj//32 får//VB|PRS|AKT//ccomp//30 en//DT|UTR|SIN|IND//det//39 mer//AB|KOM//advmod//38 aktiv//JJ|POS|UTR|SIN|IND|NOM//amod//39 roll//NN|UTR|SIN|IND|NOM//obj//35 inom//PP//case//42 detta//DT|NEU|SIN|DEF//det//42 område//NN|NEU|SIN|IND|NOM//obl//35 .//MAD//punct//30
Administrationen av jakten;Regeringen//NN|UTR|SIN|DEF|NOM//nsubj//47 bör//VB|PRS|AKT//aux//47 därför//AB//advmod//47 ställa//VB|INF|AKT//conj//30 medel//NN|NEU|PLU|IND|NOM//obj//47 ur//PP//case//50 jaktvårdsfonden//NN|UTR|SIN|DEF|NOM//obl//47 till//PP//case//53 myndigheternas//NN|UTR|PLU|DEF|GEN//nmod:poss//53 förfogande//NN|NEU|SIN|IND|NOM//obl//47 för//PP//case//55 informationsinsatser//NN|UTR|PLU|IND|NOM//nmod//53 .//MAD//punct//19
Administrationen av jakten;Utredningen//NN|UTR|SIN|DEF|NOM//nsubj//1 föreslår//VB|PRS|AKT//ROOT//1 den//DT|UTR|SIN|DEF//det//3 förändringen//NN|UTR|SIN|DEF|NOM//obj//1 beträffande//PP//case//5 länsviltnämnderna//NN|UTR|PLU|DEF|NOM//obl//1 att//SN//mark//10 organisationsrepresentationen//NN|UTR|SIN|DEF|NOM//nsubj:pass//10 i//PP//case//9 nämnden//NN|UTR|SIN|DEF|NOM//nmod//7 kompletteras//VB|INF|SFO//ccomp//1 med//PP//case//14 en//DT|UTR|SIN|IND//det//14 politisk//JJ|POS|UTR|SIN|IND|NOM//amod//14 företrädare//NN|UTR|SIN|IND|NOM//obl//10 .//MAD//punct//1

