Uppdraget;Utredningens//NN|UTR|SIN|DEF|GEN//nmod:poss//1 uppgift//NN|UTR|SIN|IND|NOM//nsubj//5 har//VB|PRS|AKT//aux//5 varit//VB|SUP|AKT//cop//5 att//IE//mark//5 genomföra//VB|INF|AKT//ROOT//5 en//DT|UTR|SIN|IND//det//7 översyn//NN|UTR|SIN|IND|NOM//obj//5 av//PP//case//9 bisyssleregleringen//NN|UTR|SIN|DEF|NOM//nmod//7 inom//PP//case//13 den//DT|UTR|SIN|DEF//det//13 offentliga//JJ|POS|UTR/NEU|SIN|DEF|NOM//amod//13 sektorn//NN|UTR|SIN|DEF|NOM//nmod//9 .//MAD//punct//5
Uppdraget;I//PP//case//16 uppdraget//NN|NEU|SIN|DEF|NOM//obl//18 har//VB|PRS|AKT//aux//18 ingått//VB|SUP|AKT//parataxis//5 att//IE//mark//21 särskilt//AB//advmod//21 analysera//VB|INF|AKT//advcl//18 regleringen//NN|UTR|SIN|DEF|NOM//obj//21 av//PP//case//26 de//DT|UTR/NEU|PLU|DEF//det//26 förtroendeskadliga//JJ|POS|UTR/NEU|PLU|IND/DEF|NOM//amod//26 bisysslorna//NN|UTR|PLU|DEF|NOM//nmod//22 och//KN//cc//28 kontrollen//NN|UTR|SIN|DEF|NOM//conj//26 av//PP//mark//32 hur//HA//advmod//32 regleringen//NN|UTR|SIN|DEF|NOM//nsubj:pass//32 följs//VB|PRS|SFO//advcl//21 .//MID//punct//5
Uppdraget;Det//PN|NEU|SIN|DEF|SUB/OBJ//expl//37 har//VB|PRS|AKT//aux//37 också//AB//advmod//37 innefattat//VB|SUP|AKT//parataxis//5 att//IE//mark//39 genomföra//VB|INF|AKT//advcl//37 en//DT|UTR|SIN|IND//det//41 kartläggning//NN|UTR|SIN|IND|NOM//obj//39 av//PP//case//43 omfattningen//NN|UTR|SIN|DEF|NOM//nmod//41 och//KN//cc//45 beskaffenheten//NN|UTR|SIN|DEF|NOM//conj//43 av//PP//case//50 de//DT|UTR/NEU|PLU|DEF//det//49 offentligt//AB|POS//amod//49 anställdas//PC|PRF|UTR/NEU|PLU|IND/DEF|GEN//nmod:poss//50 bisyssleinnehav//NN|NEU|PLU|IND|NOM//nmod//45 ,//MID//punct//37 att//IE//mark//53 föreslå//VB|INF|AKT//advcl//37 de//DT|UTR/NEU|PLU|DEF//det//55 förändringar//NN|UTR|PLU|IND|NOM//obj//53 som//HP|-|-|-//nsubj:pass//58 kan//VB|PRS|AKT//aux//58 anses//VB|INF|SFO//acl:relcl//55 lämpliga//JJ|POS|UTR/NEU|PLU|IND/DEF|NOM//xcomp//58 ,//MID//punct//62 att//IE//mark//62 ta//VB|INF|AKT//advcl//37 ställning//NN|UTR|SIN|IND|NOM//obj//62 till//PP//mark//67 om//SN//mark//67 det//PN|NEU|SIN|DEF|SUB/OBJ//expl//67 finns//VB|PRS|SFO//advcl//62 anledning//NN|UTR|SIN|IND|NOM//nsubj//67 att//IE//mark//70 förändra//VB|INF|AKT//acl//68 den//DT|UTR|SIN|DEF//det//73 nuvarande//PC|PRS|UTR/NEU|SIN/PLU|IND/DEF|NOM//amod//73 grundsystematiken//NN|UTR|SIN|DEF|NOM//obj//70 med//PP//case//76 författningsrespektive//AB//amod//76 avtalsreglering//NN|UTR|SIN|IND|NOM//obl//70 av//PP//case//78 bisysslor//NN|UTR|PLU|IND|NOM//nmod//76 och//KN//cc//82 att//IE//mark//82 särskilt//AB//advmod//82 behandla//VB|INF|AKT//conj//70 reglerna//NN|UTR|PLU|DEF|NOM//obj//82 om//PP//case//86 domarnas//NN|UTR|PLU|DEF|GEN//nmod:poss//86 bisysslor//NN|UTR|PLU|IND|NOM//nmod//83 .//MAD//punct//5

Gällande regler;Offentligt//AB|POS//amod//1 anställda//PC|PRF|UTR/NEU|PLU|IND/DEF|NOM//nsubj//12 hos//PP//case//3 staten//NN|UTR|SIN|DEF|NOM//nmod//1 ,//MID//punct//5 kommunerna//NN|UTR|PLU|DEF|NOM//conj//3 ,//MID//punct//7 landstingen//NN|NEU|PLU|DEF|NOM//conj//3 och//KN//cc//9 försäkringskassorna//NN|UTR|PLU|DEF|NOM//conj//3 får//VB|PRS|AKT//aux//12 inte//AB//advmod//12 ha//VB|INF|AKT//ROOT//12 bisysslor//NN|UTR|PLU|IND|NOM//obj//12 som//HP|-|-|-//nsubj//16 kan//VB|PRS|AKT//aux//16 rubba//VB|INF|AKT//acl:relcl//13 förtroendet//NN|NEU|SIN|DEF|NOM//obj//16 för//PP//case//20 deras//PS|UTR/NEU|SIN/PLU|DEF//nmod:poss//20 opartiskhet//NN|UTR|SIN|IND|NOM//nmod//17 (//PAD//punct//23 förtroendeskadliga//JJ|POS|UTR/NEU|PLU|IND/DEF|NOM//amod//23 bisysslor//NN|UTR|PLU|IND|NOM//appos//20 )//PAD//punct//12 .//MAD//punct//12
Gällande regler;Arbetsgivaren//NN|UTR|SIN|DEF|NOM//nsubj//29 kan//VB|PRS|AKT//aux//29 också//AB//advmod//29 förbjuda//VB|INF|AKT//parataxis//12 arbetstagaren//NN|UTR|SIN|DEF|NOM//obj//29 att//IE//mark//32 ha//VB|INF|AKT//advcl//29 bisysslor//NN|UTR|PLU|IND|NOM//obj//32 som//HP|-|-|-//nsubj//35 inverkar//VB|PRS|AKT//acl:relcl//33 hindrande//PC|PRS|UTR/NEU|SIN/PLU|IND/DEF|NOM//xcomp//35 på//PP//case//38 arbetet//NN|NEU|SIN|DEF|NOM//obl//35 (//PAD//punct//41 arbetshindrande//PC|PRS|UTR/NEU|SIN/PLU|IND/DEF|NOM//amod//41 bisysslor//NN|UTR|PLU|IND|NOM//appos//29 )//PAD//punct//41 eller//KN//cc//45 som//HP|-|-|-//nsubj//45 innebär//VB|PRS|AKT//conj//29 att//SN//mark//48 arbetstagaren//NN|UTR|SIN|DEF|NOM//nsubj//48 konkurrerar//VB|PRS|AKT//ccomp//45 med//PP//case//51 myndighetens//NN|UTR|SIN|DEF|GEN//nmod:poss//51 verksamhet//NN|UTR|SIN|IND|NOM//obl//48 (//PAD//punct//51 konkurrensbisysslor//NN|UTR|PLU|IND|NOM//appos//51 )//PAD//punct//51 .//MAD//punct//29
Gällande regler;De//DT|UTR/NEU|PLU|DEF//det//1 förbud//NN|NEU|PLU|IND|NOM//nsubj//8 som//HP|-|-|-//nsubj//3 gäller//VB|PRS|AKT//acl:relcl//1 mot//PP//case//6 förtroendeskadliga//JJ|POS|UTR/NEU|PLU|IND/DEF|NOM//amod//6 bisysslor//NN|UTR|PLU|IND|NOM//obl//3 är//VB|PRS|AKT//cop//8 betingade//PC|PRF|UTR/NEU|PLU|IND/DEF|NOM//ROOT//8 av//PP//case//12 de//DT|UTR/NEU|PLU|DEF//det//12 särskilda//PC|PRF|UTR/NEU|PLU|IND/DEF|NOM//amod//12 krav//NN|NEU|PLU|IND|NOM//obl:agent//8 på//PP//case//14 integritet//NN|UTR|SIN|IND|NOM//nmod//12 som//HP|-|-|-//obj//19 den//DT|UTR|SIN|DEF//det//18 offentliga//JJ|POS|UTR/NEU|SIN|DEF|NOM//amod//18 anställningen//NN|UTR|SIN|DEF|NOM//nsubj//19 ställer//VB|PRS|AKT//acl:relcl//14 på//PL//case//21 arbetstagarna//NN|UTR|PLU|DEF|NOM//obl//19 .//MAD//punct//8
Gällande regler;Kraven//NN|NEU|PLU|DEF|NOM//nsubj:pass//25 kan//VB|PRS|AKT//aux//25 härledas//VB|INF|SFO//conj//8 ur//PP//case//27 regeringsformen//NN|UTR|SIN|DEF|NOM//obl//25 ,//MID//punct//30 som//HP|-|-|-//nsubj//30 slår//VB|PRS|AKT//advcl//25 fast//PL//compound:prt//30 att//SN//mark//37 domstolar//NN|UTR|PLU|IND|NOM//nsubj//37 och//KN//cc//35 förvaltningsmyndigheter//NN|UTR|PLU|IND|NOM//conj//33 skall//VB|PRS|AKT//aux//37 iaktta//VB|INF|AKT//ccomp//30 saklighet//NN|UTR|SIN|IND|NOM//obj//37 och//KN//cc//40 opartiskhet//NN|UTR|SIN|IND|NOM//conj//38 i//PP//case//43 sin//PS|UTR|SIN|DEF//nmod:poss//43 verksamhet//NN|UTR|SIN|IND|NOM//obl//37 .//MAD//punct//8
Gällande regler;Med//PP//case//1 bisyssla//NN|UTR|SIN|IND|NOM//obl//2 avses//VB|PRS|SFO//ROOT//2 varje//DT|UTR/NEU|SIN|IND//det//4 anställning//NN|UTR|SIN|IND|NOM//nsubj:pass//2 ,//MID//punct//6 uppdrag//NN|NEU|SIN|IND|NOM//conj//4 eller//KN//cc//9 annan//JJ|POS|UTR|SIN|IND|NOM//amod//9 verksamhet//NN|UTR|SIN|IND|NOM//conj//4 som//HP|-|-|-//obj//13 en//DT|UTR|SIN|IND//det//12 anställd//PC|PRF|UTR|SIN|IND|NOM//nsubj//13 har//VB|PRS|AKT//acl:relcl//9 vid//PP//case//18 sidan//NN|UTR|SIN|DEF|NOM//fixed//14 av//PP//fixed//14 sin//PS|UTR|SIN|DEF//nmod:poss//18 huvudanställning//NN|UTR|SIN|IND|NOM//obl//13 .//MID//punct//2
Gällande regler;Att//IE//mark//21 sköta//VB|INF|AKT//csubj//28 sina//PS|UTR/NEU|PLU|DEF//nmod:poss//27 egna//JJ|POS|UTR/NEU|PLU|IND/DEF|NOM//amod//27 och//KN//cc//25 familjens//NN|UTR|SIN|DEF|GEN//nmod:poss//27 privata//JJ|POS|UTR/NEU|PLU|IND/DEF|NOM//amod//27 angelägenheter//NN|UTR|PLU|IND|NOM//obj//21 räknas//VB|PRS|SFO//parataxis//2 inte//AB//advmod//28 som//KN//mark//31 bisyssla//NN|UTR|SIN|IND|NOM//xcomp//28 .//MAD//punct//2
Gällande regler;De//DT|UTR/NEU|PLU|DEF//det//1 statsanställdas//JJ|POS|UTR/NEU|PLU|IND/DEF|GEN//nmod:poss//2 bisysslor//NN|UTR|PLU|IND|NOM//nsubj:pass//3 regleras//VB|PRS|SFO//ROOT//3 i//PP//case//7 två//RG|NOM//nummod//7 olika//JJ|POS|UTR/NEU|PLU|IND/DEF|NOM//amod//7 former//NN|UTR|PLU|IND|NOM//obl//3 .//MAD//punct//7
Gällande regler;Förbudet//NN|NEU|SIN|DEF|NOM//nsubj//13 mot//PP//case//12 förtroendeskadliga//JJ|POS|UTR/NEU|PLU|IND/DEF|NOM//amod//12 bisysslor//NN|UTR|PLU|IND|NOM//nmod//9 finns//VB|PRS|SFO//conj//3 i//PP//case//15 lagen//NN|UTR|SIN|DEF|NOM//obl//13 om//PP//case//18 offentlig//JJ|POS|UTR|SIN|IND|NOM//amod//18 anställning//NN|UTR|SIN|IND|NOM//nmod//15 .//MAD//punct//13
Gällande regler;Arbetshindrande//JJ|POS|UTR/NEU|SIN/PLU|IND/DEF|NOM//amod//21 bisysslor//NN|UTR|PLU|IND|NOM//conj//13 och//KN//cc//24 konkurrensbisysslor//NN|UTR|PLU|IND|NOM//nsubj:pass//24 regleras//VB|PRS|SFO//conj//13 i//PP//case//26 kollektivavtal//NN|NEU|SIN|IND|NOM//obl//24 mellan//PP//case//28 parterna//NN|UTR|PLU|DEF|NOM//nmod//26 på//PP//case//32 den//DT|UTR|SIN|DEF//det//32 statliga//JJ|POS|UTR/NEU|SIN|DEF|NOM//amod//32 arbetsmarknaden//NN|UTR|SIN|DEF|NOM//obl//24 .//MAD//punct//13
Gällande regler;För//PP//case//35 arbetstagare//NN|UTR|PLU|IND|NOM//obl//40 hos//PP//case//39 de//DT|UTR/NEU|PLU|DEF//det//39 allmänna//JJ|POS|UTR/NEU|PLU|IND/DEF|NOM//amod//39 försäkringskassorna//NN|UTR|PLU|DEF|NOM//nmod//35 gäller//VB|PRS|AKT//advcl//13 samma//DT|UTR/NEU|SIN/PLU|IND//det//42 uppdelning//NN|UTR|SIN|IND|NOM//obj//40 .//MAD//punct//13
Gällande regler;För//PP//case//45 arbetstagare//NN|UTR|PLU|IND|NOM//obl//13 i//PP//case//47 kommuner//NN|UTR|PLU|IND|NOM//nmod//45 och//KN//cc//49 landsting//NN|NEU|SIN|IND|NOM//conj//47 finns//VB|PRS|SFO//conj//3 däremot//AB//advmod//50 reglerna//NN|UTR|PLU|DEF|NOM//nsubj//50 om//PP//case//56 såväl//KN//advmod//56 de//DT|UTR/NEU|PLU|DEF//det//56 förtroendeskadliga//JJ|POS|UTR/NEU|PLU|IND/DEF|NOM//nmod//52 som//HP|-|-|-//case//60 de//DT|UTR/NEU|PLU|DEF//det//60 arbetshindrande//PC|PRS|UTR/NEU|SIN/PLU|IND/DEF|NOM//amod//60 bisysslorna//NN|UTR|PLU|DEF|NOM//nmod//56 och//KN//cc//62 konkurrensbisysslorna//NN|UTR|PLU|DEF|NOM//conj//60 i//PP//case//64 kollektivavtal//NN|NEU|SIN|IND|NOM//nmod//62 .//MAD//punct//3

Kartläggningen av offentligt anställdas bisysslor;I//PP//advmod//10 avsikt//NN|UTR|SIN|IND|NOM//fixed//0 att//IE//mark//3 få//VB|INF|AKT//acl//1 ett//DT|NEU|SIN|IND//det//5 underlag//NN|NEU|SIN|IND|NOM//obj//3 för//PP//case//7 överväganden//NN|NEU|PLU|IND|NOM//nmod//5 och//KN//cc//9 förslag//NN|NEU|PLU|IND|NOM//conj//7 har//VB|PRS|AKT//aux//20 utredningen//NN|UTR|SIN|DEF|NOM//nsubj//20 med//PP//case//16 hjälp//NN|UTR|SIN|IND|NOM//fixed//12 av//PP//fixed//12 Statistiska//JJ|POS|UTR/NEU|SIN|DEF|NOM//amod//16 centralbyrån//NN|UTR|SIN|DEF|NOM//nmod//11 (//PAD//punct//16 SCB//PM|NOM//appos//16 )//PAD//punct//16 genomfört//VB|SUP|AKT//ROOT//20 en//DT|UTR|SIN|IND//det//22 enkätundersökning//NN|UTR|SIN|IND|NOM//obj//20 bland//PP//case//28 ca//AB|AN//advmod//25 15//RG|NOM//nummod//26 000//RG|NOM//nummod//28 offentligt//AB|POS//amod//28 anställda//PC|PRF|UTR/NEU|PLU|IND/DEF|NOM//nmod//22 .//MAD//punct//20
Kartläggningen av offentligt anställdas bisysslor;I//PP//case//31 enkäten//NN|UTR|SIN|DEF|NOM//obl//32 ställdes//VB|PRT|SFO//parataxis//20 frågor//NN|UTR|PLU|IND|NOM//nsubj:pass//32 om//PP//case//39 bl.a.//AB|AN//advmod//36 innehav//NN|NEU|SIN|IND|NOM//advmod//39 av//PP//fixed//36 ,//MID//punct//39 motiv//NN|NEU|PLU|IND|NOM//obl//32 till//PP//case//39 ,//MID//punct//42 tidsåtgång//NN|UTR|SIN|IND|NOM//nmod//39 för//PP//case//42 och//KN//cc//45 information//NN|UTR|SIN|IND|NOM//conj//43 om//PP//case//47 bisysslor//NN|UTR|PLU|IND|NOM//nmod//45 .//MAD//punct//20
Kartläggningen av offentligt anställdas bisysslor;Enligt//PP//case//1 undersökningen//NN|UTR|SIN|DEF|NOM//obl//2 har//VB|PRS|AKT//ROOT//2 21//RG|NOM//nummod//4 %//NN|AN//nsubj//2 av//PP//case//8 de//DT|UTR/NEU|PLU|DEF//det//8 offentligt//AB|POS//amod//8 anställda//PC|PRF|UTR/NEU|PLU|IND/DEF|NOM//nmod//4 en//RG|UTR|SIN|IND|NOM//det//12 eller//KN//cc//11 flera//JJ|POS|UTR/NEU|PLU|IND|NOM//conj//9 bisysslor//NN|UTR|PLU|IND|NOM//conj//4 .//MAD//punct//2
Kartläggningen av offentligt anställdas bisysslor;Jämfört//PC|PRF|NEU|SIN|IND|NOM//case//18 med//PP//fixed//14 en//DT|UTR|SIN|IND//det//18 liknande//PC|PRS|UTR/NEU|SIN/PLU|IND/DEF|NOM//amod//18 undersökning//NN|UTR|SIN|IND|NOM//obl//27 som//HP|-|-|-//nsubj:pass//20 gjordes//VB|PRT|SFO//acl:relcl//18 i//PP//case//22 slutet//NN|NEU|SIN|DEF|NOM//obl//20 av//PP//case//24 1960-talet//NN|NEU|SIN|DEF|NOM//nmod//22 har//VB|PRS|AKT//aux//27 andelen//NN|UTR|SIN|DEF|NOM//nsubj//27 gått//VB|SUP|AKT//parataxis//2 ned//PL//compound:prt//27 med//PP//case//31 8//RG|NOM//nummod//31 procentenheter//NN|UTR|PLU|IND|NOM//obl//27 .//MAD//punct//2
Kartläggningen av offentligt anställdas bisysslor;Andelen//NN|UTR|SIN|DEF|NOM//nsubj//36 är//VB|PRS|AKT//cop//36 ungefär//AB//advmod//36 densamma//PN|UTR|SIN|DEF|SUB/OBJ//parataxis//2 inom//PP//case//38 staten//NN|UTR|SIN|DEF|NOM//nmod//36 ,//MID//punct//40 kommunerna//NN|UTR|PLU|DEF|NOM//conj//38 ,//MID//punct//42 landstingen//NN|NEU|PLU|DEF|NOM//conj//38 och//KN//cc//44 försäkringskassorna//NN|UTR|PLU|DEF|NOM//conj//38 .//MAD//punct//36
Kartläggningen av offentligt anställdas bisysslor;Däremot//AB//advmod//47 förekommer//VB|PRS|AKT//parataxis//2 stora//JJ|POS|UTR/NEU|PLU|IND/DEF|NOM//amod//49 skillnader//NN|UTR|PLU|IND|NOM//nsubj//47 mellan//PP//case//52 olika//JJ|POS|UTR/NEU|PLU|IND/DEF|NOM//amod//52 grupper//NN|UTR|PLU|IND|NOM//nmod//49 av//PP//case//54 anställda//NN|UTR|PLU|IND|NOM//nmod//52 .//MAD//punct//47
Kartläggningen av offentligt anställdas bisysslor;Bisysslor//NN|UTR|PLU|IND|NOM//nsubj//60 är//VB|PRS|AKT//cop//60 exempelvis//AB//advmod//60 mycket//AB|POS//advmod//60 vanligare//JJ|KOM|UTR/NEU|SIN/PLU|IND/DEF|NOM//conj//2 bland//PP//case//62 verkschefer//NN|UTR|PLU|IND|NOM//obl//60 och//KN//cc//64 domare//NN|UTR|PLU|IND|NOM//conj//62 .//MAD//punct//60
Kartläggningen av offentligt anställdas bisysslor;Av//PP//case//1 undersökningen//NN|UTR|SIN|DEF|NOM//obl//2 drar//VB|PRS|AKT//ROOT//2 utredningen//NN|UTR|SIN|DEF|NOM//nsubj//2 slutsatsen//NN|UTR|SIN|DEF|NOM//obj//2 att//SN//mark//20 den//DT|UTR|SIN|DEF//det//8 totala//JJ|POS|UTR/NEU|SIN|DEF|NOM//amod//8 bisysslefrekvensen//NN|UTR|SIN|DEF|NOM//nsubj:pass//20 bland//PP//case//12 de//DT|UTR/NEU|PLU|DEF//det//12 offentligt//AB|POS//amod//12 anställda//PC|PRF|UTR/NEU|PLU|IND/DEF|NOM//nmod//8 med//PP//case//17 hänsyn//NN|UTR|SIN|IND|NOM//fixed//13 till//PP//fixed//13 bisysslebegreppets//NN|NEU|SIN|DEF|GEN//nmod:poss//17 vidd//NN|UTR|SIN|IND|NOM//nmod//12 inte//AB//advmod//20 kan//VB|PRS|AKT//aux//20 anses//VB|INF|SFO//acl//4 särskilt//AB//amod//22 anmärkningsvärd//JJ|POS|UTR|SIN|IND|NOM//xcomp//20 eller//KN//cc//24 oroande//PC|PRS|UTR/NEU|SIN/PLU|IND/DEF|NOM//conj//22 .//MID//punct//2
Kartläggningen av offentligt anställdas bisysslor;Dessutom//AB//advmod//27 utförs//VB|PRS|SFO//parataxis//2 en//DT|UTR|SIN|IND//det//30 betydande//PC|PRS|UTR/NEU|SIN/PLU|IND/DEF|NOM//amod//30 del//NN|UTR|SIN|IND|NOM//nsubj:pass//27 av//PP//case//35 de//DT|UTR/NEU|PLU|DEF//det//34 offentligt//AB|POS//amod//34 anställdas//PC|PRF|UTR/NEU|PLU|IND/DEF|GEN//amod//35 bisysslor//NN|UTR|PLU|IND|NOM//nmod//30 hos//PP//case//39 andra//JJ|POS|UTR/NEU|PLU|IND/DEF|NOM//amod//39 offentliga//JJ|POS|UTR/NEU|PLU|IND/DEF|NOM//amod//39 myndigheter//NN|UTR|PLU|IND|NOM//nmod//35 och//KN//cc//41 förvaltningar//NN|UTR|PLU|IND|NOM//conj//39 eller//KN//cc//44 ideella//JJ|POS|UTR/NEU|PLU|IND/DEF|NOM//amod//44 organisationer//NN|UTR|PLU|IND|NOM//conj//39 .//MAD//punct//2
Kartläggningen av offentligt anställdas bisysslor;Utredningen//NN|UTR|SIN|DEF|NOM//nsubj//47 konstaterar//VB|PRS|AKT//parataxis//2 dock//AB//advmod//47 att//SN//mark//54 arbetsgivarna//NN|UTR|PLU|DEF|NOM//nsubj//54 allmänt//AB|POS//advmod//52 sett//PC|PRF|NEU|SIN|IND|NOM//advmod//54 kan//VB|PRS|AKT//aux//54 bli//VB|INF|AKT//ccomp//47 betydligt//AB//advmod//56 bättre//JJ|KOM|UTR/NEU|SIN/PLU|IND/DEF|NOM//xcomp//54 i//PP//mark//61 fråga//NN|UTR|SIN|IND|NOM//fixed//57 om//PP//fixed//57 att//IE//mark//61 informera//VB|INF|AKT//advcl//54 sina//PS|UTR/NEU|PLU|DEF//nmod:poss//63 anställda//NN|UTR|PLU|IND|NOM//obj//61 om//PP//case//65 bisysslereglerna//NN|UTR|PLU|DEF|NOM//nmod//63 och//KN//cc//68 att//IE//mark//68 utnyttja//VB|INF|AKT//conj//54 de//DT|UTR/NEU|PLU|DEF//det//70 möjligheter//NN|UTR|PLU|IND|NOM//obj//68 som//HP|-|-|-//nsubj//72 finns//VB|PRS|SFO//acl:relcl//70 för//PP//mark//75 att//IE//mark//75 få//VB|INF|AKT//advcl//72 uppgifter//NN|UTR|PLU|IND|NOM//obj//75 om//PP//case//78 bisysslor//NN|UTR|PLU|IND|NOM//obl//75 .//MAD//punct//47

Utvärderingen av regler och praxis;Efter//PP//case//2 en//DT|UTR|SIN|IND//det//2 genomgång//NN|UTR|SIN|IND|NOM//obl//11 av//PP//case//4 praxis//NN|UTR|SIN|IND|NOM//nmod//2 i//PP//case//8 fråga//NN|UTR|SIN|IND|NOM//fixed//5 om//PP//fixed//5 bisysslor//NN|UTR|PLU|IND|NOM//nmod//4 har//VB|PRS|AKT//aux//11 utredningen//NN|UTR|SIN|DEF|NOM//nsubj//11 fått//VB|SUP|AKT//ROOT//11 uppfattningen//NN|UTR|SIN|DEF|NOM//obj//11 att//SN//mark//17 denna//PN|UTR|SIN|DEF|SUB/OBJ//nsubj//17 är//VB|PRS|AKT//cop//17 relativt//AB|POS//advmod//17 enhetlig//JJ|POS|UTR|SIN|IND|NOM//acl//12 ,//MID//punct//19 stabil//JJ|POS|UTR|SIN|IND|NOM//conj//17 och//KN//cc//22 väl//AB|POS//advmod//22 avvägd//PC|PRF|UTR|SIN|IND|NOM//conj//17 .//MAD//punct//11
Utvärderingen av regler och praxis;Utrymmet//NN|NEU|SIN|DEF|NOM//nsubj:pass//35 i//PP//case//27 7//RG|NOM//nummod//27 §//NN|AN//nmod//24 lagen//NN|UTR|SIN|DEF|NOM//nmod//24 om//PP//case//31 offentlig//JJ|POS|UTR|SIN|IND|NOM//amod//31 anställning//NN|UTR|SIN|IND|NOM//nmod//28 för//PP//case//34 individuella//JJ|POS|UTR/NEU|PLU|IND/DEF|NOM//amod//34 bedömningar//NN|UTR|PLU|IND|NOM//nmod//31 utnyttjas//VB|INF|SFO//parataxis//11 .//MAD//punct//35
Utvärderingen av regler och praxis;Informationen//NN|UTR|SIN|DEF|NOM//xcomp//35 till//PP//case//40 de//DT|UTR/NEU|PLU|DEF//det//40 anställda//NN|UTR|PLU|IND|NOM//nmod//37 om//PP//case//42 bisysslereglerna//NN|UTR|PLU|DEF|NOM//nmod//40 samt//KN//cc//47 de//DT|UTR/NEU|PLU|DEF//det//46 statliga//JJ|POS|UTR/NEU|PLU|IND/DEF|NOM//amod//46 arbetsgivarnas//NN|UTR|PLU|DEF|GEN//nmod:poss//47 möjlighet//NN|UTR|SIN|IND|NOM//conj//37 att//IE//mark//49 förhöra//VB|INF|AKT//acl//47 sig//PN|UTR/NEU|SIN/PLU|DEF|OBJ//obj//49 om//PP//case//52 bisysslor//NN|UTR|PLU|IND|NOM//obl//49 och//KN//cc//54 ge//VB|INF|AKT//conj//49 besked//NN|NEU|SIN|IND|NOM//obj//54 om//PP//mark//61 dessas//PS|UTR/NEU|SIN/PLU|DEF//nmod:poss//58 tillåtlighet//NN|UTR|SIN|IND|NOM//nsubj//61 kan//VB|PRS|AKT//aux//61 däremot//AB//advmod//61 bli//VB|INF|AKT//advcl//54 bättre//JJ|KOM|UTR/NEU|SIN/PLU|IND/DEF|NOM//xcomp//61 .//MAD//punct//35
Utvärderingen av regler och praxis;Likaså//AB//advmod//65 har//VB|PRS|AKT//conj//11 uppdelningen//NN|UTR|SIN|DEF|NOM//obj//65 av//PP//case//68 reglerna//NN|UTR|PLU|DEF|NOM//nmod//66 mellan//PP//case//70 författning//NN|UTR|SIN|IND|NOM//nmod//68 och//KN//cc//72 avtal//NN|NEU|SIN|IND|NOM//conj//70 ibland//AB//advmod//74 ansetts//VB|SUP|SFO//advcl//11 ge//VB|INF|AKT//xcomp//74 vissa//JJ|POS|UTR/NEU|PLU|IND/DEF|NOM//amod//77 tillämpningsproblem//NN|NEU|PLU|IND|NOM//obj//75 .//MAD//punct//11

Överväganden och förslag;Förtroendeskadliga//JJ|POS|UTR/NEU|PLU|IND/DEF|NOM//amod//1 bisysslor//NN|UTR|PLU|IND|NOM//ROOT//1
Överväganden och förslag;Bland//PP//case//3 de//DT|UTR/NEU|PLU|DEF//det//3 tre//RG|NOM//nummod//3 huvudtyperna//NN|UTR|PLU|DEF|NOM//obl//11 av//PP//case//6 otillåtna//JJ|POS|UTR/NEU|PLU|IND/DEF|NOM//amod//6 bisysslor//NN|UTR|PLU|IND|NOM//nmod//3 är//VB|PRS|AKT//cop//11 det//PN|NEU|SIN|DEF|SUB/OBJ//expl//11 alltid//AB//advmod//11 de//DT|UTR/NEU|PLU|DEF//det//11 förtroendeskadliga//JJ|POS|UTR/NEU|PLU|IND/DEF|NOM//ROOT//11 som//HP|-|-|-//nsubj//14 har//VB|PRS|AKT//aux//14 stått//VB|SUP|AKT//acl:relcl//11 i//PP//case//16 centrum//NN|NEU|SIN|DEF|NOM//obl//14 .//MID//punct//11
Överväganden och förslag;Att//IE//mark//19 se//VB|INF|AKT//acl//11 över//PL//case//21 regleringen//NN|UTR|SIN|DEF|NOM//obj//19 av//PP//case//24 denna//DT|UTR|SIN|DEF//det//24 typ//NN|UTR|SIN|IND|NOM//nmod//21 av//PP//case//26 bisysslor//NN|UTR|PLU|IND|NOM//nmod//24 har//VB|PRS|AKT//conj//19 enligt//PP//case//29 direktiven//NN|NEU|PLU|DEF|NOM//obl//32 varit//VB|SUP|AKT//cop//32 utredningens//NN|UTR|SIN|DEF|GEN//nmod:poss//32 huvudinriktning//NN|UTR|SIN|IND|NOM//obj//19 .//MAD//punct//11
Överväganden och förslag;För//PP//case//1 domare//NN|UTR|SIN|IND|NOM//obl//2 gäller//VB|PRS|AKT//ROOT//2 i//PP//advmod//2 dag//NN|UTR|SIN|IND|NOM//fixed//3 samma//DT|UTR/NEU|SIN/PLU|IND//det//7 generella//JJ|POS|UTR/NEU|PLU|IND/DEF|NOM//amod//7 bisyssleregler//NN|UTR|PLU|IND|NOM//obj//2 som//HP|-|-|-//mark//11 för//PP//case//11 andra//JJ|POS|UTR/NEU|PLU|IND/DEF|NOM//amod//11 statsanställda//PC|PRF|UTR/NEU|PLU|IND/DEF|NOM//obl//2 .//MAD//punct//2
Överväganden och förslag;Utredningen//NN|UTR|SIN|DEF|NOM//nsubj//14 betonar//VB|PRS|AKT//parataxis//2 de//DT|UTR/NEU|PLU|DEF//det//18 mycket//AB|POS//advmod//17 noggranna//JJ|POS|UTR/NEU|PLU|IND/DEF|NOM//amod//18 överväganden//NN|NEU|PLU|IND|NOM//obj//14 som//KN//case//23 såväl//KN//advmod//23 den//DT|UTR|SIN|DEF//det//23 enskilde//JJ|POS|MAS|SIN|DEF|NOM//amod//23 domaren//NN|UTR|SIN|DEF|NOM//nmod//18 som//KN//case//25 den//PN|UTR|SIN|DEF|SUB/OBJ//nsubj//35 som//HP|-|-|-//nsubj//27 avser//VB|PRS|AKT//acl:relcl//25 att//IE//mark//29 anlita//VB|INF|AKT//xcomp//27 domaren//NN|UTR|SIN|DEF|NOM//obj//29 för//PP//case//33 något//DT|NEU|SIN|IND//det//33 uppdrag//NN|NEU|SIN|IND|NOM//obl//29 bör//VB|PRS|AKT//aux//35 göra//VB|INF|AKT//acl:relcl//23 .//MAD//punct//14
Överväganden och förslag;Domarnas//NN|UTR|PLU|DEF|GEN//nmod:poss//38 uppgifter//NN|UTR|PLU|IND|NOM//nsubj//45 och//KN//cc//41 deras//PS|UTR/NEU|SIN/PLU|DEF//nmod:poss//41 roll//NN|UTR|SIN|IND|NOM//conj//38 i//PP//case//43 samhället//NN|NEU|SIN|DEF|NOM//nmod//41 är//VB|PRS|AKT//cop//45 sådana//JJ|POS|UTR/NEU|PLU|IND|NOM//conj//2 att//SN//mark//51 kravet//NN|NEU|SIN|DEF|NOM//nsubj//51 på//PP//case//50 allmänhetens//NN|UTR|SIN|DEF|GEN//nmod:poss//50 förtroende//NN|NEU|SIN|IND|NOM//nmod//47 gör//VB|PRS|AKT//ccomp//45 sig//PN|UTR/NEU|SIN/PLU|DEF|OBJ//obj//51 särskilt//AB//advmod//54 starkt//AB|POS//advmod//51 gällande//PC|PRS|UTR/NEU|SIN/PLU|IND/DEF|NOM//xcomp//51 när//HA//case//60 det//PN|NEU|SIN|DEF|SUB/OBJ//fixed//56 gäller//VB|PRS|AKT//fixed//56 domstolarnas//NN|UTR|PLU|DEF|GEN//nmod:poss//60 verksamhet//NN|UTR|SIN|IND|NOM//obl//51 .//MAD//punct//2
Överväganden och förslag;Utredningen//NN|UTR|SIN|DEF|NOM//nsubj//65 har//VB|PRS|AKT//aux//65 dock//AB//advmod//65 funnit//VB|SUP|AKT//parataxis//2 att//SN//mark//86 de//DT|UTR/NEU|PLU|DEF//det//68 fördelar//NN|UTR|PLU|IND|NOM//nsubj//86 som//HP|-|-|-//nsubj//70 finns//VB|PRS|SFO//acl:relcl//68 med//PP//case//74 en//DT|UTR|SIN|IND//det//74 allmänt//AB|POS//amod//74 hållen//PC|PRF|UTR|SIN|IND|NOM//nmod//75 bisyssleregel//NN|UTR|SIN|IND|NOM//nmod//68 ,//MID//punct//75 med//PP//case//78 utrymme//NN|NEU|SIN|IND|NOM//conj//75 för//PP//case//80 bedömningar//NN|UTR|PLU|IND|NOM//nmod//78 i//PP//case//84 varje//DT|UTR/NEU|SIN|IND//det//84 enskilt//JJ|POS|NEU|SIN|IND|NOM//amod//84 fall//NN|NEU|SIN|IND|NOM//nmod//78 ,//MID//punct//68 gör//VB|PRS|AKT//ccomp//65 sig//PN|UTR/NEU|SIN/PLU|DEF|OBJ//obj//86 gällande//PC|PRS|UTR/NEU|SIN/PLU|IND/DEF|NOM//advmod//86 även//AB//advmod//91 beträffande//PP//case//91 domarna//NN|UTR|PLU|DEF|NOM//obl//86 .//MAD//punct//65
Överväganden och förslag;Utredningen//NN|UTR|SIN|DEF|NOM//nsubj//97 har//VB|PRS|AKT//aux//97 alltså//AB//advmod//97 inte//AB//advmod//97 ansett//VB|SUP|AKT//conj//65 det//PN|NEU|SIN|DEF|SUB/OBJ//obj//97 motiverat//PC|PRF|NEU|SIN|IND|NOM//xcomp//97 att//IE//mark//101 införa//VB|INF|AKT//acl//99 speciella//JJ|POS|UTR/NEU|PLU|IND/DEF|NOM//amod//103 bisyssloförbud//NN|NEU|PLU|IND|NOM//obj//101 för//PP//case//105 domare//NN|UTR|PLU|IND|NOM//obl//101 eller//KN//cc//109 någon//DT|UTR|SIN|IND//det//109 särskild//PC|PRF|UTR|SIN|IND|NOM//amod//109 kategori//NN|UTR|SIN|IND|NOM//conj//105 av//PP//case//111 dem//PN|UTR/NEU|PLU|DEF|OBJ//nmod//109 .//MAD//punct//97
Överväganden och förslag;Däremot//AB//advmod//97 framför//PP//case//115 utredningen//NN|UTR|SIN|DEF|NOM//obl//97 sin//PS|UTR|SIN|DEF//nmod:poss//117 uppfattning//NN|UTR|SIN|IND|NOM//obj//97 om//PP//case//119 innebörden//NN|UTR|SIN|DEF|NOM//nmod//117 för//PP//case//122 domarnas//NN|UTR|PLU|DEF|GEN//nmod:poss//122 del//NN|UTR|SIN|IND|NOM//nmod//119 av//PP//case//125 dagens//NN|UTR|SIN|DEF|GEN//nmod:poss//125 regler//NN|UTR|PLU|IND|NOM//nmod//122 om//PP//case//127 bisysslor//NN|UTR|PLU|IND|NOM//nmod//125 ,//MID//punct//97 bl.a.//AB|AN//advmod//131 att//SN//mark//131 skiljemannauppdrag//NN|NEU|PLU|IND|NOM//advcl//97 och//KN//cc//133 styrelseuppdrag//NN|NEU|PLU|IND|NOM//conj//131 i//PP//case//136 vinstdrivande//PC|PRS|UTR/NEU|SIN/PLU|IND/DEF|NOM//amod//136 bolag//NN|NEU|PLU|IND|NOM//nmod//133 med//PP//mark//138 få//JJ|POS|UTR/NEU|PLU|IND|NOM//advcl//97 undantag//NN|NEU|PLU|IND|NOM//nsubj:pass//142 inte//AB//advmod//142 kan//VB|PRS|AKT//aux//142 anses//VB|INF|SFO//conj//97 förenliga//JJ|POS|UTR/NEU|PLU|IND/DEF|NOM//xcomp//142 med//PP//case//147 7//RG|NOM//nummod//146 §//NN|AN//nmod//147 lagen//NN|UTR|SIN|DEF|NOM//obl//142 om//PP//case//150 offentlig//JJ|POS|UTR|SIN|IND|NOM//amod//150 anställning//NN|UTR|SIN|IND|NOM//nmod//147 .//MAD//punct//65
Överväganden och förslag;Arbetshindrande//JJ|POS|UTR/NEU|SIN/PLU|IND/DEF|NOM//amod//1 bisysslor//NN|UTR|PLU|IND|NOM//ROOT//1 och//KN//cc//3 konkurrensbisysslor//NN|UTR|PLU|IND|NOM//conj//1
Överväganden och förslag;Utredningen//NN|UTR|SIN|DEF|NOM//nsubj//2 har//VB|PRS|AKT//aux//2 dragit//VB|SUP|AKT//ROOT//2 slutsatsen//NN|UTR|SIN|DEF|NOM//obj//2 att//SN//mark//11 arbetshindrande//PC|PRS|UTR/NEU|SIN/PLU|IND/DEF|NOM//amod//6 bisysslor//NN|UTR|PLU|IND|NOM//nsubj//11 generellt//AB|POS//advmod//11 inte//AB//advmod//11 är//VB|PRS|AKT//cop//11 något//DT|NEU|SIN|IND//det//11 problem//NN|NEU|SIN|IND|NOM//acl//3 .//MAD//punct//2
Överväganden och förslag;Gällande//PC|PRS|UTR/NEU|SIN/PLU|IND/DEF|NOM//amod//14 regler//NN|UTR|PLU|IND|NOM//nsubj//15 ger//VB|PRS|AKT//parataxis//2 arbetsgivarna//NN|UTR|PLU|DEF|NOM//iobj//15 möjlighet//NN|UTR|SIN|IND|NOM//obj//15 att//IE//mark//19 stoppa//VB|INF|AKT//acl//17 bisysslor//NN|UTR|PLU|IND|NOM//obj//19 som//HP|-|-|-//nsubj//23 är//VB|PRS|AKT//cop//23 arbetshindrande//PC|PRS|UTR/NEU|SIN/PLU|IND/DEF|NOM//acl:relcl//20 .//MAD//punct//15
Överväganden och förslag;Det//PN|NEU|SIN|DEF|SUB/OBJ//expl//31 är//VB|PRS|AKT//cop//31 till//PP//case//29 stor//JJ|POS|UTR|SIN|IND|NOM//amod//29 del//NN|UTR|SIN|IND|NOM//obl//31 en//DT|UTR|SIN|IND//det//31 arbetsledningsfråga//NN|UTR|SIN|IND|NOM//parataxis//15 att//IE//mark//33 göra//VB|INF|AKT//acl//31 detta//PN|NEU|SIN|DEF|SUB/OBJ//obj//33 på//PP//case//37 lämpligt//JJ|POS|NEU|SIN|IND|NOM//amod//37 sätt//NN|NEU|SIN|IND|NOM//obl//33 .//MAD//punct//15
Överväganden och förslag;Inte//AB//advmod//1 heller//AB//advmod//3 konkurrensbisysslor//NN|UTR|PLU|IND|NOM//nsubj//3 tycks//VB|PRS|SFO//advcl//30 utgöra//VB|INF|AKT//xcomp//3 något//DT|NEU|SIN|IND//det//7 större//JJ|KOM|UTR/NEU|SIN/PLU|IND/DEF|NOM//amod//7 problem//NN|NEU|SIN|IND|NOM//obj//4 .//MAD//punct//3
Överväganden och förslag;Utredningen//NN|UTR|SIN|DEF|NOM//nsubj//10 menar//VB|PRS|AKT//parataxis//3 att//SN//mark//14 det//PN|NEU|SIN|DEF|SUB/OBJ//expl//14 är//VB|PRS|AKT//cop//14 anställningsmyndigheten//NN|UTR|SIN|DEF|NOM//ccomp//10 som//HP|-|-|-//nsubj//16 har//VB|PRS|AKT//acl:relcl//14 bäst//AB|SUV//amod//18 förutsättningar//NN|UTR|PLU|IND|NOM//obj//16 att//IE//mark//20 pröva//VB|INF|AKT//acl//18 om//SN//mark//25 en//DT|UTR|SIN|IND//det//23 bisyssla//NN|UTR|SIN|IND|NOM//nsubj//25 är//VB|PRS|AKT//cop//25 konkurrensskadlig//JJ|POS|UTR|SIN|IND|NOM//ccomp//20 eller//KN//cc//27 ej//AB//conj//25 .//MAD//punct//10
Överväganden och förslag;Därför//AB//advmod//30 föreslår//VB|PRS|AKT//ROOT//30 utredningen//NN|UTR|SIN|DEF|NOM//nsubj//30 att//SN//mark//40 den//DT|UTR|SIN|DEF//det//34 prövningen//NN|UTR|SIN|DEF|NOM//nsubj//40 på//PP//case//38 den//DT|UTR|SIN|DEF//det//38 statliga//JJ|POS|UTR/NEU|SIN|DEF|NOM//amod//38 sidan//NN|UTR|SIN|DEF|NOM//nmod//34 skall//VB|PRS|AKT//aux//40 ligga//VB|INF|AKT//ccomp//30 på//PP//case//42 myndigheten//NN|UTR|SIN|DEF|NOM//obl//40 ///MID//cc//44 arbetsgivaren//NN|UTR|SIN|DEF|NOM//conj//42 -//MID//punct//30 vilket//HP|NEU|SIN|IND//obj//53 den//PN|UTR|SIN|DEF|SUB/OBJ//nsubj//53 på//PP//case//51 den//DT|UTR|SIN|DEF//det//51 kommunala//JJ|POS|UTR/NEU|SIN|DEF|NOM//amod//51 sidan//NN|UTR|SIN|DEF|NOM//obl//53 redan//AB//advmod//53 gör//VB|PRS|AKT//appos//30 -//MID//punct//53 och//KN//cc//60 inte//AB//advmod//57 som//KN//case//60 idag//AB//advmod//60 på//PP//case//60 regeringen//NN|UTR|SIN|DEF|NOM//conj//53 .//MAD//punct//30
Överväganden och förslag;Genom//PP//case//2 förbättrad//PC|PRF|UTR|SIN|IND|NOM//amod//2 information//NN|UTR|SIN|IND|NOM//obl//12 från//PP//case//4 arbetsgivarna//NN|UTR|PLU|DEF|NOM//nmod//2 och//KN//cc//7 utredningens//NN|UTR|SIN|DEF|GEN//nmod:poss//7 förslag//NN|NEU|SIN|IND|NOM//conj//2 om//PP//case//9 uppgiftsskyldighet//NN|UTR|SIN|IND|NOM//nmod//7 för//PP//case//11 arbetstagarna//NN|UTR|PLU|DEF|NOM//nmod//9 avseende//PC|PRS|UTR/NEU|SIN/PLU|IND/DEF|NOM//advcl//25 arbetshindrande//PC|PRS|UTR/NEU|SIN/PLU|IND/DEF|NOM//amod//14 bisysslor//NN|UTR|PLU|IND|NOM//obj//12 och//KN//cc//16 konkurrensbisysslor//NN|UTR|PLU|IND|NOM//conj//14 såväl//KN//advmod//20 som//KN//case//20 förtroendeskadliga//JJ|POS|UTR/NEU|PLU|IND/DEF|NOM//amod//20 bisysslor//NN|UTR|PLU|IND|NOM//obl//12 kan//VB|PRS|AKT//aux//25 eventuella//JJ|POS|UTR/NEU|PLU|IND/DEF|NOM//amod//23 problem//NN|NEU|PLU|IND|NOM//nsubj:pass//25 dessutom//AB//advmod//25 antas//VB|PRS|SFO//ROOT//25 minska//VB|INF|AKT//xcomp//25 .//MAD//punct//25
Överväganden och förslag;Ett//DT|NEU|SIN|IND//det//2 nytt//JJ|POS|NEU|SIN|IND|NOM//amod//2 kontrollsystem//NN|NEU|SIN|IND|NOM//ROOT//2
Överväganden och förslag;Arbetsgivarens//NN|UTR|SIN|DEF|GEN//nmod:poss//1 befogenhet//NN|UTR|SIN|IND|NOM//nsubj//5 och//KN//cc//3 skyldighet//NN|UTR|SIN|IND|NOM//conj//1 att//IE//mark//5 reagera//VB|INF|AKT//ROOT//5 på//PP//case//8 förtroendeskadliga//JJ|POS|UTR/NEU|PLU|IND/DEF|NOM//amod//8 bisysslor//NN|UTR|PLU|IND|NOM//obl//5 och//KN//cc//10 agera//VB|INF|AKT//conj//5 på//PP//case//14 ett//DT|NEU|SIN|IND//det//14 tidigt//JJ|POS|NEU|SIN|IND|NOM//amod//14 stadium//NN|NEU|SIN|IND|NOM//obl//10 måste//VB|PRS|AKT//aux//16 förbättras//VB|INF|SFO//conj//5 framför//PP//case//18 allt//PN|NEU|SIN|IND|SUB/OBJ//obl//16 på//PP//case//22 den//DT|UTR|SIN|DEF//det//22 statliga//JJ|POS|UTR/NEU|SIN|DEF|NOM//amod//22 sidan//NN|UTR|SIN|DEF|NOM//nmod//18 .//MAD//punct//5
Överväganden och förslag;För//PP//mark//27 att//IE//mark//27 kunna//VB|INF|AKT//aux//27 bedöma//VB|INF|AKT//advcl//44 bisysslefrågor//NN|UTR|PLU|IND|NOM//obj//27 innan//SN//mark//32 skada//NN|UTR|SIN|IND|NOM//nsubj//32 har//VB|PRS|AKT//aux//32 skett//VB|SUP|AKT//advcl//27 ,//MID//punct//38 dvs.//AB|AN//advmod//38 innan//SN//mark//38 allmänhetens//NN|UTR|SIN|DEF|GEN//nmod:poss//37 förtroende//NN|NEU|SIN|IND|NOM//nsubj//38 riskerar//VB|PRS|AKT//advcl//32 att//IE//mark//40 skadas//VB|INF|SFO//xcomp//38 ,//MID//punct//44 är//VB|PRS|AKT//cop//44 det//PN|NEU|SIN|DEF|SUB/OBJ//expl//44 viktigt//JJ|POS|NEU|SIN|IND|NOM//parataxis//5 att//SN//mark//47 det//PN|NEU|SIN|DEF|SUB/OBJ//expl//47 blir//VB|PRS|AKT//advcl//44 en//DT|UTR|SIN|IND//det//50 naturlig//JJ|POS|UTR|SIN|IND|NOM//amod//50 sak//NN|UTR|SIN|IND|NOM//xcomp//47 att//IE//mark//52 ta//VB|INF|AKT//acl//50 upp//PL//compound:prt//52 och//KN//cc//55 diskutera//VB|INF|AKT//conj//52 sådana//JJ|POS|UTR/NEU|PLU|IND|NOM//amod//57 frågor//NN|UTR|PLU|IND|NOM//obj//55 mellan//PP//case//59 arbetsgivare//NN|UTR|PLU|IND|NOM//nmod//57 och//KN//cc//61 arbetstagare//NN|UTR|PLU|IND|NOM//conj//59 .//MAD//punct//5
Överväganden och förslag;Utredningen//NN|UTR|SIN|DEF|NOM//nsubj//64 föreslår//VB|PRS|AKT//parataxis//5 att//SN//mark//77 en//DT|UTR|SIN|IND//det//67 arbetsgivare//NN|UTR|SIN|IND|NOM//nsubj//77 som//HP|-|-|-//nsubj//69 får//VB|PRS|AKT//acl:relcl//67 kännedom//NN|UTR|SIN|IND|NOM//obj//69 om//PP//case//74 en//DT|UTR|SIN|IND//det//74 förtroendeskadlig//JJ|POS|UTR|SIN|IND|NOM//amod//74 bisyssla//NN|UTR|SIN|IND|NOM//nmod//70 skall//VB|PRS|AKT//aux//77 vara//VB|INF|AKT//cop//77 skyldig//JJ|POS|UTR|SIN|IND|NOM//ccomp//64 att//IE//mark//79 ålägga//VB|INF|AKT//advcl//77 arbetstagaren//NN|UTR|SIN|DEF|NOM//obj//79 att//IE//mark//82 upphöra//VB|INF|AKT//xcomp//79 med//PP//compound:prt//82 eller//KN//cc//86 inte//AB//advmod//86 åta//VB|INF|AKT//conj//82 sig//PN|UTR/NEU|SIN/PLU|DEF|OBJ//iobj//86 bisysslan//NN|UTR|SIN|DEF|NOM//obj//86 .//MAD//punct//64
Överväganden och förslag;Genom//PP//mark//94 att//SN//mark//94 dels//KN//advmod//94 arbetsgivaren//NN|UTR|SIN|DEF|NOM//nsubj//94 får//VB|PRS|AKT//advcl//117 en//DT|UTR|SIN|IND//det//96 skyldighet//NN|UTR|SIN|IND|NOM//obj//94 att//IE//mark//98 informera//VB|INF|AKT//acl//96 sina//PS|UTR/NEU|PLU|DEF//nmod:poss//100 arbetstagare//NN|UTR|PLU|IND|NOM//obj//98 om//PP//mark//105 vad//HP|NEU|SIN|IND//dislocated//105 som//HP|-|-|-//nsubj//105 kan//VB|PRS|AKT//aux//105 göra//VB|INF|AKT//acl//100 en//DT|UTR|SIN|IND//det//107 bisyssla//NN|UTR|SIN|IND|NOM//obj//105 förtroendeskadlig//JJ|POS|UTR|SIN|IND|NOM//xcomp//105 ,//MID//punct//112 dels//KN//advmod//112 en//DT|UTR|SIN|IND//det//112 arbetstagare//NN|UTR|SIN|IND|NOM//obl//94 på//PP//case//115 arbetsgivarens//NN|UTR|SIN|DEF|GEN//nmod:poss//115 begäran//NN|UTR|SIN|IND|NOM//nmod//112 skall//VB|PRS|AKT//aux//117 lämna//VB|INF|AKT//conj//64 de//DT|UTR/NEU|PLU|DEF//det//119 uppgifter//NN|UTR|PLU|IND|NOM//obj//117 som//HP|-|-|-//nsubj:pass//121 behövs//VB|PRS|SFO//acl:relcl//119 för//PP//mark//127 att//SN//fixed//122 arbetsgivaren//NN|UTR|SIN|DEF|NOM//nsubj//127 skall//VB|PRS|AKT//aux//127 kunna//VB|INF|AKT//aux//127 bedöma//VB|INF|AKT//advcl//121 arbetstagarens//NN|UTR|SIN|DEF|GEN//nmod:poss//129 bisysslor//NN|UTR|PLU|IND|NOM//obj//127 ,//MID//punct//136 bör//VB|PRS|AKT//aux//136 en//DT|UTR|SIN|IND//det//134 rimlig//JJ|POS|UTR|SIN|IND|NOM//amod//134 diskussion//NN|UTR|SIN|IND|NOM//nsubj:pass//136 kunna//VB|INF|AKT//aux//136 föras//VB|INF|SFO//conj//64 löpande//PC|PRS|UTR/NEU|SIN/PLU|IND/DEF|NOM//advmod//136 och//KN//cc//144 i//PP//case//142 de//DT|UTR/NEU|PLU|DEF//det//142 flesta//JJ|SUV|UTR/NEU|PLU|DEF|NOM//amod//142 fall//NN|NEU|PLU|IND|NOM//obl//144 inte//AB//advmod//144 behöva//VB|INF|AKT//conj//64 leda//VB|INF|AKT//xcomp//144 till//PP//case//148 drastiska//JJ|POS|UTR/NEU|PLU|IND/DEF|NOM//amod//148 åtgärder//NN|UTR|PLU|IND|NOM//obl//145 .//MAD//punct//5
Överväganden och förslag;Det//PN|NEU|SIN|DEF|SUB/OBJ//expl//152 får//VB|PRS|AKT//aux//152 anses//VB|INF|SFO//conj//5 självklart//JJ|POS|NEU|SIN|IND|NOM//xcomp//152 att//SN//mark//160 en//DT|UTR|SIN|IND//det//156 arbetstagare//NN|UTR|SIN|IND|NOM//nsubj//160 som//HP|-|-|-//nsubj//158 önskar//VB|PRS|AKT//acl:relcl//156 det//PN|NEU|SIN|DEF|SUB/OBJ//obj//158 har//VB|PRS|AKT//advcl//152 rätt//PL//obj//160 att//IE//mark//163 få//VB|INF|AKT//acl//161 besked//NN|NEU|SIN|IND|NOM//obj//163 av//PP//case//166 arbetsgivaren//NN|UTR|SIN|DEF|NOM//obl//163 om//PP//case//169 dennes//PS|UTR/NEU|SIN/PLU|DEF//nmod:poss//169 syn//NN|UTR|SIN|IND|NOM//obl//163 på//PP//case//173 en//DT|UTR|SIN|IND//det//172 bisysslas//JJ|POS|UTR|SIN|IND|NOM//nmod:poss//173 tillåtlighet//NN|UTR|SIN|IND|NOM//nmod//169 .//MAD//punct//175
Överväganden och förslag;Regeln//NN|UTR|SIN|DEF|NOM//nsubj:pass//184 om//PP//case//177 bisysslobesked//NN|UTR|SIN|DEF|NOM//nmod//175 i//PP//case//181 12//RG|NOM//nummod//180 §//NN|AN//nmod//181 anställningsförordningen//NN|UTR|SIN|DEF|NOM//nmod//177 kan//VB|PRS|AKT//aux//184 därmed//AB//advmod//184 upphävas//VB|INF|SFO//conj//152 .//MAD//punct//5
Överväganden och förslag;Reglerna//NN|UTR|PLU|DEF|NOM//nsubj:pass//4 om//PP//case//3 förtroendeskadliga//JJ|POS|UTR/NEU|PLU|IND/DEF|NOM//amod//3 bisysslor//NN|UTR|PLU|IND|NOM//nmod//0 samlas//VB|PRS|SFO//ROOT//4 enligt//PP//case//7 utredningens//NN|UTR|SIN|DEF|GEN//nmod:poss//7 förslag//NN|NEU|SIN|IND|NOM//obl//4 i//PP//case//9 lagen//NN|UTR|SIN|DEF|NOM//nmod//7 om//PP//case//12 offentlig//JJ|POS|UTR|SIN|IND|NOM//amod//12 anställning//NN|UTR|SIN|IND|NOM//nmod//9 och//KN//cc//14 görs//VB|PRS|SFO//conj//4 tillämpliga//JJ|POS|UTR/NEU|PLU|IND/DEF|NOM//advmod//14 även//AB//advmod//14 på//PP//case//18 kommuner//NN|UTR|PLU|IND|NOM//obl//14 och//KN//cc//20 landsting//NN|NEU|PLU|IND|NOM//conj//18 .//MAD//punct//4
Överväganden och förslag;Arbetstagarens//NN|UTR|SIN|DEF|GEN//nmod:poss//23 uppgiftsskyldighet//NN|UTR|SIN|IND|NOM//nsubj//28 skall//VB|PRS|AKT//aux//28 av//PP//case//27 praktiska//JJ|POS|UTR/NEU|PLU|IND/DEF|NOM//amod//27 skäl//NN|NEU|PLU|IND|NOM//obl//28 gälla//VB|INF|AKT//parataxis//4 alla//DT|UTR/NEU|PLU|IND/DEF//det//30 bisyssletyper//NN|UTR|PLU|IND|NOM//obj//28 .//MAD//punct//28
Överväganden och förslag;Överprövningen//PM|NOM//obl//4 av//PP//case//34 beslut//NN|NEU|PLU|IND|NOM//nmod//32 om//PP//mark//37 bisysslor//NN|UTR|PLU|IND|NOM//nsubj//37 blir//VB|PRS|AKT//advcl//4 enhetlig//JJ|POS|UTR|SIN|IND|NOM//xcomp//37 genom//PP//mark//46 att//SN//mark//46 tingsrätt//NN|UTR|SIN|IND|NOM//nsubj//46 eller//KN//cc//43 Arbetsdomstolen//PM|NOM//conj//41 skall//VB|PRS|AKT//aux//46 kunna//VB|INF|AKT//aux//46 överpröva//VB|INF|AKT//advcl//37 såväl//KN//amod//48 beslut//NN|NEU|PLU|IND|NOM//obj//46 om//PP//case//51 förtroendeskadliga//JJ|POS|UTR/NEU|PLU|IND/DEF|NOM//amod//51 bisysslor//NN|UTR|PLU|IND|NOM//obl//46 som//HP|-|-|-//nsubj:pass//53 fattats//VB|SUP|SFO//acl:relcl//51 med//PP//case//55 stöd//NN|NEU|SIN|IND|NOM//obl//53 av//PP//case//57 lagen//NN|UTR|SIN|DEF|NOM//nmod//55 om//PP//case//60 offentlig//JJ|POS|UTR|SIN|IND|NOM//amod//60 anställning//NN|UTR|SIN|IND|NOM//nmod//57 som//KN//case//62 beslut//NN|NEU|SIN|IND|NOM//nmod//60 i//PP//case//66 fråga//NN|UTR|SIN|IND|NOM//fixed//63 om//PP//fixed//63 arbetshindrande-//NN|UTR|-|-|SMS//nmod//60 eller//KN//cc//68 konkurrensbisysslor//NN|UTR|PLU|IND|NOM//conj//66 ,//MID//punct//4 vilka//HP|UTR/NEU|PLU|IND//nsubj:pass//71 fattats//VB|SUP|SFO//parataxis//4 med//PP//case//73 stöd//NN|NEU|SIN|IND|NOM//obl//71 av//PP//case//75 kollektivavtal//NN|NEU|SIN|IND|NOM//nmod//73 .//MAD//punct//4
Överväganden och förslag;Domarnas//NN|UTR|PLU|DEF|GEN//nmod:poss//2 speciella//JJ|POS|UTR/NEU|SIN|DEF|NOM//amod//2 ställning//NN|UTR|SIN|IND|NOM//nsubj//18 och//KN//cc//6 det//DT|NEU|SIN|DEF//det//6 särskilda//PC|PRF|UTR/NEU|SIN|DEF|NOM//amod//6 rättssäkerhetsintresse//NN|NEU|SIN|IND|NOM//conj//2 som//HP|-|-|-//nsubj//8 ligger//VB|PRS|AKT//acl:relcl//6 i//PP//mark//13 att//SN//mark//13 deras//PS|UTR/NEU|SIN/PLU|DEF//nmod:poss//12 bisysslor//NN|UTR|PLU|IND|NOM//nsubj//13 kommer//VB|PRS|AKT//advcl//8 upp//PL//compound:prt//13 till//PP//case//16 bedömning//NN|UTR|SIN|IND|NOM//obl//13 har//VB|PRS|AKT//aux//18 gjort//VB|SUP|AKT//ROOT//18 att//SN//mark//21 utredningen//NN|UTR|SIN|DEF|NOM//nsubj//21 föreslår//VB|PRS|AKT//ccomp//18 att//SN//mark//34 domare//NN|UTR|PLU|IND|NOM//nsubj//34 som//HP|-|-|-//nsubj:pass//25 anställs//VB|PRS|SFO//acl:relcl//23 genom//PP//case//27 beslut//NN|NEU|SIN|IND|NOM//obl//25 av//PP//case//29 regeringen//NN|UTR|SIN|DEF|NOM//nmod//27 på//PP//case//32 eget//JJ|POS|NEU|SIN|IND/DEF|NOM//amod//32 initiativ//NN|NEU|SIN|IND|NOM//nmod//29 skall//VB|PRS|AKT//aux//34 anmäla//VB|INF|AKT//ccomp//21 sina//PS|UTR/NEU|PLU|DEF//nmod:poss//36 bisysslor//NN|UTR|PLU|IND|NOM//obj//34 till//PP//case//38 arbetsgivaren//NN|UTR|SIN|DEF|NOM//obl//34 .//MAD//punct//18
Överväganden och förslag;Anmälningsskyldigheten//NN|UTR|SIN|DEF|NOM//nsubj:pass//41 tas//VB|PRS|SFO//parataxis//18 in//PL//compound:prt//41 i//PP//case//44 lag//NN|UTR|SIN|IND|NOM//obl//41 .//MAD//punct//41
Överväganden och förslag;Tjänsteförslagsnämnden//NN|UTR|SIN|DEF|NOM//nsubj//53 för//PP//case//48 domstolsväsendet//NN|NEU|SIN|DEF|NOM//nmod//46 är//VB|PRS|AKT//cop//53 enligt//PP//case//51 förslaget//NN|NEU|SIN|DEF|NOM//obl//53 det//DT|NEU|SIN|DEF//det//53 organ//NN|NEU|SIN|IND|NOM//parataxis//41 som//HP|-|-|-//nsubj//56 skall//VB|PRS|AKT//aux//56 handlägga//VB|INF|AKT//acl:relcl//53 frågor//NN|UTR|PLU|IND|NOM//obj//56 om//PP//case//60 domarnas//NN|UTR|PLU|DEF|GEN//nmod:poss//60 bisysslor//NN|UTR|PLU|IND|NOM//nmod//57 .//MID//punct//18
Överväganden och förslag;Det//PN|NEU|SIN|DEF|SUB/OBJ//nsubj//63 leder//VB|PRS|AKT//parataxis//18 bl.a.//AB|AN//advmod//63 till//PP//mark//68 att//SN//mark//68 uppgifterna//NN|UTR|PLU|DEF|NOM//nsubj//68 blir//VB|PRS|AKT//advcl//63 offentliga//JJ|POS|UTR/NEU|PLU|IND/DEF|NOM//xcomp//68 .//MAD//punct//63
Överväganden och förslag;Även//AB//advmod//1 generaldirektörer//NN|UTR|PLU|IND|NOM//nsubj//17 ,//MID//punct//1 landshövdingar//NN|UTR|PLU|IND|NOM//conj//1 ,//MID//punct//3 andra//JJ|POS|UTR/NEU|PLU|IND/DEF|NOM//amod//6 chefer//NN|UTR|PLU|IND|NOM//conj//1 för//PP//case//8 förvaltningsmyndigheter//NN|UTR|PLU|IND|NOM//nmod//6 som//HP|-|-|-//nsubj//10 lyder//VB|PRS|AKT//acl:relcl//8 direkt//AB|POS//advmod//10 under//PP//case//13 regeringen//NN|UTR|SIN|DEF|NOM//obl//10 samt//KN//cc//16 försäkringskassornas//NN|UTR|PLU|DEF|GEN//nmod:poss//16 direktörer//NN|UTR|PLU|IND|NOM//conj//13 får//VB|PRS|AKT//ROOT//17 en//DT|UTR|SIN|IND//det//20 lagstadgad//PC|PRF|UTR|SIN|IND|NOM//amod//20 skyldighet//NN|UTR|SIN|IND|NOM//obj//17 att//IE//mark//22 anmäla//VB|INF|AKT//acl//20 sina//PS|UTR/NEU|PLU|DEF//nmod:poss//24 bisysslor//NN|UTR|PLU|IND|NOM//obj//22 ,//MID//punct//17 i//PP//case//28 de//DT|UTR/NEU|PLU|DEF//det//28 fallen//NN|NEU|PLU|DEF|NOM//obl//17 till//PP//case//30 regeringen//NN|UTR|SIN|DEF|NOM//nmod//28 respektive//AB//cc//32 styrelsen//NN|UTR|SIN|DEF|NOM//conj//30 för//PP//case//34 försäkringskassan//NN|UTR|SIN|DEF|NOM//nmod//32 .//MAD//punct//17
Överväganden och förslag;Författnings-//NN|UTR|-|-|SMS//ROOT//0 eller//KN//cc//2 avtalsreglering//NN|UTR|SIN|IND|NOM//conj//0
Överväganden och förslag;Förbudet//NN|NEU|SIN|DEF|NOM//nsubj//4 mot//PP//case//3 förtroendeskadliga//JJ|POS|UTR/NEU|PLU|IND/DEF|NOM//amod//3 bisysslor//NN|UTR|PLU|IND|NOM//nmod//0 har//VB|PRS|AKT//ROOT//4 samma//DT|UTR/NEU|SIN/PLU|IND//det//6 syfte//NN|NEU|SIN|IND|NOM//obj//4 på//PP//case//8 kommun-//NN|UTR|-|-|SMS//nmod//6 och//KN//cc//10 landstingsområdet//NN|NEU|SIN|DEF|NOM//conj//8 som//HP|-|-|-//mark//15 på//PP//case//15 det//DT|NEU|SIN|DEF//det//15 statliga//JJ|POS|UTR/NEU|SIN|DEF|NOM//amod//15 området//NN|NEU|SIN|DEF|NOM//obl//4 .//MID//punct//4
Överväganden och förslag;Det//PN|NEU|SIN|DEF|SUB/OBJ//nsubj//18 handlar//VB|PRS|AKT//parataxis//4 om//PP//mark//21 att//IE//mark//21 upprätthålla//VB|INF|AKT//advcl//18 allmänhetens//NN|UTR|SIN|DEF|GEN//nmod:poss//23 förtroende//NN|NEU|SIN|IND|NOM//obj//21 för//PP//case//25 saklighet//NN|UTR|SIN|IND|NOM//obl//21 och//KN//cc//27 opartiskhet//NN|UTR|SIN|IND|NOM//conj//25 i//PP//case//29 förvaltningen//NN|UTR|SIN|DEF|NOM//obl//21 .//MAD//punct//18
Överväganden och förslag;Detta//DT|NEU|SIN|DEF//det//32 intresse//NN|NEU|SIN|IND|NOM//nsubj//33 gör//VB|PRS|AKT//parataxis//18 sig//PN|UTR/NEU|SIN/PLU|DEF|OBJ//obj//33 gällande//PC|PRS|UTR/NEU|SIN/PLU|IND/DEF|NOM//compound:prt//33 med//PP//case//38 samma//DT|UTR/NEU|SIN/PLU|IND//det//38 styrka//NN|UTR|SIN|IND|NOM//obl//33 på//PP//case//42 det//DT|NEU|SIN|DEF//det//42 kommunala//JJ|POS|UTR/NEU|SIN|DEF|NOM//amod//42 området//NN|NEU|SIN|DEF|NOM//nmod//38 som//HP|-|-|-//mark//46 på//PP//case//46 det//DT|NEU|SIN|DEF//det//46 statliga//JJ|POS|UTR/NEU|SIN|DEF|NOM//acl:relcl//42 .//MAD//punct//33
Överväganden och förslag;Regeringsformens//NN|UTR|SIN|DEF|GEN//nmod:poss//49 krav//NN|NEU|SIN|IND|NOM//nsubj//58 på//PP//case//51 saklighet//NN|UTR|SIN|IND|NOM//nmod//49 och//KN//cc//53 opartiskhet//NN|UTR|SIN|IND|NOM//conj//51 i//PP//case//57 den//DT|UTR|SIN|DEF//det//57 offentliga//JJ|POS|UTR/NEU|SIN|DEF|NOM//amod//57 förvaltningen//NN|UTR|SIN|DEF|NOM//nmod//49 gäller//VB|PRS|AKT//parataxis//33 inte//AB//advmod//58 bara//AB//advmod//58 staten//NN|UTR|SIN|DEF|NOM//obj//58 utan//KN//cc//64 även//AB//advmod//64 kommuner//NN|UTR|PLU|IND|NOM//conj//61 och//KN//cc//66 landsting//NN|NEU|SIN|IND|NOM//conj//64 .//MID//punct//18
Överväganden och förslag;Det//PN|NEU|SIN|DEF|SUB/OBJ//expl//72 är//VB|PRS|AKT//cop//72 ett//DT|NEU|SIN|IND//det//72 allmänt//JJ|POS|NEU|SIN|IND|NOM//amod//72 intresse//NN|NEU|SIN|IND|NOM//parataxis//18 som//HP|-|-|-//nsubj//74 går//VB|PRS|AKT//acl:cleft//72 utöver//PP//case//76 förhållandet//NN|NEU|SIN|DEF|NOM//obl//74 mellan//PP//case//78 arbetsgivare//NN|UTR|PLU|IND|NOM//nmod//76 och//KN//cc//80 arbetstagare//NN|UTR|PLU|IND|NOM//conj//78 .//MAD//punct//18
Överväganden och förslag;Kommunerna//NN|UTR|PLU|DEF|NOM//nsubj//3 och//KN//cc//2 landstingen//NN|NEU|PLU|DEF|NOM//conj//0 svarar//VB|PRS|AKT//ROOT//3 i//PP//advmod//3 dag//NN|UTR|SIN|IND|NOM//fixed//4 för//PP//case//10 den//DT|UTR|SIN|DEF//det//10 helt//AB|POS//advmod//9 övervägande//JJ|POS|UTR/NEU|SIN/PLU|IND/DEF|NOM//amod//10 delen//NN|UTR|SIN|DEF|NOM//obl//3 av//PP//case//14 den//DT|UTR|SIN|DEF//det//14 offentliga//JJ|POS|UTR/NEU|SIN|DEF|NOM//amod//14 förvaltningen//NN|UTR|SIN|DEF|NOM//nmod//10 .//MAD//punct//3
Överväganden och förslag;Den//DT|UTR|SIN|DEF//det//17 allmänhet//NN|UTR|SIN|IND|NOM//parataxis//3 vars//HS|DEF//nmod:poss//19 förtroende//NN|NEU|SIN|IND|NOM//nsubj//23 för//PP//case//21 förvaltningen//NN|UTR|SIN|DEF|NOM//nmod//19 bisysslereglerna//NN|UTR|PLU|DEF|NOM//nmod//21 är//VB|PRS|AKT//cop//17 till//PL//compound:prt//23 för//PP//mark//27 att//IE//mark//27 skydda//VB|INF|AKT//advcl//23 har//VB|PRS|AKT//ccomp//23 minst//AB|SUV//advmod//30 lika//AB//advmod//31 mycket//JJ|POS|NEU|SIN|IND|NOM//amod//32 kontakter//NN|UTR|PLU|IND|NOM//obj//28 med//PP//case//35 kommunala//JJ|POS|UTR/NEU|PLU|IND/DEF|NOM//amod//35 förvaltningar//NN|UTR|PLU|IND|NOM//nmod//32 som//HP|-|-|-//mark//39 med//PP//case//39 statliga//JJ|POS|UTR/NEU|PLU|IND/DEF|NOM//amod//39 myndigheter//NN|UTR|PLU|IND|NOM//obl//28 .//MAD//punct//17
Överväganden och förslag;De//DT|UTR/NEU|PLU|DEF//det//43 kommunala//JJ|POS|UTR/NEU|PLU|IND/DEF|NOM//amod//43 förvaltningarna//NN|UTR|PLU|DEF|NOM//nsubj//44 utövar//VB|PRS|AKT//conj//3 makt//NN|UTR|SIN|IND|NOM//obj//44 och//KN//cc//47 myndighet//NN|UTR|SIN|IND|NOM//conj//45 ,//MID//punct//49 tillsyn//NN|UTR|SIN|IND|NOM//conj//45 och//KN//cc//51 kontroll//NN|UTR|SIN|IND|NOM//conj//45 och//KN//cc//53 bedriver//VB|PRS|AKT//conj//44 upphandling//NN|UTR|SIN|IND|NOM//obj//53 på//PP//case//57 samma//DT|UTR/NEU|SIN/PLU|IND//det//57 sätt//NN|NEU|SIN|IND|NOM//obl//53 som//KN//mark//61 de//DT|UTR/NEU|PLU|DEF//det//61 statliga//JJ|POS|UTR/NEU|PLU|IND/DEF|NOM//amod//61 myndigheterna//NN|UTR|PLU|DEF|NOM//acl//57 .//MAD//punct//3
Överväganden och förslag;Utredningens//NN|UTR|SIN|DEF|GEN//nmod:poss//64 slutsats//NN|UTR|SIN|IND|NOM//nsubj//65 är//VB|PRS|AKT//cop//71 därför//AB//mark//71 att//SN//fixed//66 det//PN|NEU|SIN|DEF|SUB/OBJ//expl//71 är//VB|PRS|AKT//cop//71 principiellt//AB|POS//advmod//71 felaktigt//JJ|POS|NEU|SIN|IND|NOM//parataxis//3 att//IE//mark//73 ta//VB|INF|AKT//csubj//71 in//PL//compound:prt//73 förbud//NN|NEU|PLU|IND|NOM//obj//73 mot//PP//case//78 förtroendeskadliga//JJ|POS|UTR/NEU|PLU|IND/DEF|NOM//amod//78 bisysslor//NN|UTR|PLU|IND|NOM//obl//73 i//PP//case//80 kollektivavtal//NN|NEU|SIN|IND|NOM//nmod//78 och//KN//cc//84 att//SN//mark//84 det//PN|NEU|SIN|DEF|SUB/OBJ//expl//84 finns//VB|PRS|SFO//conj//3 starka//JJ|POS|UTR/NEU|PLU|IND/DEF|NOM//amod//86 skäl//NN|NEU|PLU|IND|NOM//nsubj//84 för//PP//mark//89 att//SN//mark//89 förbudet//NN|NEU|SIN|DEF|NOM//nsubj:pass//96 även//AB//advmod//89 på//PP//case//94 den//DT|UTR|SIN|DEF//det//94 kommunala//JJ|POS|UTR/NEU|SIN|DEF|NOM//amod//94 sidan//NN|UTR|SIN|DEF|NOM//obl//89 skall//VB|PRS|AKT//aux//96 regleras//VB|INF|SFO//advcl//84 i//PP//case//98 författning//NN|UTR|SIN|IND|NOM//obl//96 .//MID//punct//3
Överväganden och förslag;Ett//DT|NEU|SIN|IND//det//102 sådant//JJ|POS|NEU|SIN|IND|NOM//amod//102 förbud//NN|NEU|SIN|IND|NOM//nsubj:pass//111 med//PP//case//105 anknytande//PC|PRS|UTR/NEU|SIN/PLU|IND/DEF|NOM//amod//105 regler//NN|UTR|PLU|IND|NOM//nmod//102 kan//VB|PRS|AKT//aux//111 enligt//PP//case//109 utredningens//NN|UTR|SIN|DEF|GEN//nmod:poss//109 mening//NN|UTR|SIN|IND|NOM//obl//111 inte//AB//advmod//111 anses//VB|PRS|SFO//advcl//3 inkräkta//VB|INF|AKT//xcomp//111 på//PP//case//116 den//DT|UTR|SIN|DEF//det//116 kommunala//JJ|POS|UTR/NEU|SIN|DEF|NOM//amod//116 självstyrelsen//NN|UTR|SIN|DEF|NOM//obl//112 .//MAD//punct//3
Överväganden och förslag;De//DT|UTR/NEU|PLU|DEF//det//119 skäl//NN|NEU|PLU|IND|NOM//nsubj//143 av//PP//case//123 närmast//AB|SUV//advmod//123 praktisk//JJ|POS|UTR|SIN|IND|NOM//amod//123 karaktär//NN|UTR|SIN|IND|NOM//nmod//119 som//HP|-|-|-//nsubj:pass//126 kan//VB|PRS|AKT//aux//126 anföras//VB|INF|SFO//acl:relcl//123 till//PP//case//128 stöd//NN|NEU|SIN|IND|NOM//obl//126 för//PP//mark//139 att//SN//mark//139 regleringen//NN|UTR|SIN|DEF|NOM//nsubj//139 på//PP//case//135 den//DT|UTR|SIN|DEF//det//135 kommunala//JJ|POS|UTR/NEU|SIN|DEF|NOM//amod//135 sidan//NN|UTR|SIN|DEF|NOM//nmod//131 alltjämt//AB//advmod//139 skall//VB|PRS|AKT//aux//139 vara//VB|INF|AKT//cop//139 samlad//PC|PRF|UTR|SIN|IND|NOM//advcl//126 på//PP//case//142 ett//DT|NEU|SIN|IND//det//142 ställe//NN|NEU|SIN|IND|NOM//obl//139 väger//VB|PRS|AKT//parataxis//3 inte//AB//advmod//143 upp//PL//compound:prt//143 de//DT|UTR/NEU|PLU|DEF//det//148 principiella//JJ|POS|UTR/NEU|PLU|IND/DEF|NOM//amod//148 invändningarna//NN|UTR|PLU|DEF|NOM//obj//143 mot//PP//case//150 avtalsreglering//NN|UTR|SIN|IND|NOM//nmod//148 .//MAD//punct//143
Överväganden och förslag;Utredningen//NN|UTR|SIN|DEF|NOM//nsubj//1 föreslår//VB|PRS|AKT//ROOT//1 således//AB//advmod//1 att//SN//mark//14 bestämmelserna//NN|UTR|PLU|DEF|NOM//nsubj//14 om//PP//case//7 förtroendeskadliga//JJ|POS|UTR/NEU|PLU|IND/DEF|NOM//amod//7 bisysslor//NN|UTR|PLU|IND|NOM//nmod//4 i//PP//case//9 lagen//NN|UTR|SIN|DEF|NOM//nmod//7 om//PP//case//12 offentlig//JJ|POS|UTR|SIN|IND|NOM//amod//12 anställning//NN|UTR|SIN|IND|NOM//nmod//9 skall//VB|PRS|AKT//aux//14 gälla//VB|INF|AKT//ccomp//1 för//PP//case//19 hela//JJ|POS|UTR/NEU|SIN|DEF|NOM//amod//19 den//DT|UTR|SIN|DEF//det//19 offentliga//JJ|POS|UTR/NEU|SIN|DEF|NOM//amod//19 sektorn//NN|UTR|SIN|DEF|NOM//obl//14 .//MAD//punct//1
Överväganden och förslag;Samma//DT|UTR/NEU|SIN/PLU|IND//det//23 principiella//JJ|POS|UTR/NEU|SIN|DEF|NOM//amod//23 skäl//NN|NEU|SIN|IND|NOM//appos//1 som//KN//nsubj//29 beträffande//PP//case//28 de//DT|UTR/NEU|PLU|DEF//det//28 förtroendeskadliga//JJ|POS|UTR/NEU|PLU|IND/DEF|NOM//amod//28 bisysslorna//NN|UTR|PLU|DEF|NOM//obl//29 gör//VB|PRS|AKT//acl:relcl//23 sig//PN|UTR/NEU|SIN/PLU|DEF|OBJ//obj//29 inte//AB//advmod//29 gällande//PC|PRS|UTR/NEU|SIN/PLU|IND/DEF|NOM//compound:prt//29 beträffande//PP//case//35 arbetshindrande//PC|PRS|UTR/NEU|SIN/PLU|IND/DEF|NOM//amod//35 bisysslor//NN|UTR|PLU|IND|NOM//obl//29 och//KN//cc//37 konkurrensbisysslor//NN|UTR|PLU|IND|NOM//conj//35 .//MID//punct//1
Överväganden och förslag;Dessa//PN|UTR/NEU|PLU|DEF|SUB/OBJ//nsubj//45 skall//VB|PRS|AKT//aux//45 därför//AB//advmod//45 inom//PP//case//45 såväl//KN//advmod//45 det//DT|NEU|SIN|DEF//det//45 statliga//JJ|POS|UTR/NEU|SIN|DEF|NOM//parataxis//1 som//KN//nsubj:pass//52 det//DT|NEU|SIN|DEF//det//49 kommunala//JJ|POS|UTR/NEU|SIN|DEF|NOM//amod//49 området//NN|NEU|SIN|DEF|NOM//nsubj:pass//52 fortfarande//AB//advmod//52 kunna//VB|INF|AKT//aux//52 regleras//VB|INF|SFO//acl:relcl//45 i//PP//case//54 avtal//NN|NEU|PLU|IND|NOM//obl//52 mellan//PP//case//57 arbetsmarknadens//NN|UTR|SIN|DEF|GEN//nmod:poss//57 parter//NN|UTR|PLU|IND|NOM//nmod//54 .//MAD//punct//1
Överväganden och förslag;Kostnader//NN|UTR|PLU|IND|NOM//ROOT//0 m.m.//AB|AN//conj//0
Överväganden och förslag;Utredningens//NN|UTR|SIN|DEF|GEN//nmod:poss//1 bedömning//NN|UTR|SIN|IND|NOM//nsubj//2 är//VB|PRS|AKT//ROOT//2 att//SN//mark//6 förslagen//NN|NEU|PLU|DEF|NOM//nsubj//6 inte//AB//advmod//6 ger//VB|PRS|AKT//ccomp//2 några//DT|UTR/NEU|PLU|IND//det//12 nämnvärda//JJ|POS|UTR/NEU|PLU|IND/DEF|NOM//amod//12 ekonomiska//JJ|POS|UTR/NEU|PLU|IND/DEF|NOM//amod//12 eller//KN//cc//11 andra//JJ|POS|UTR/NEU|PLU|IND/DEF|NOM//conj//9 konsekvenser//NN|UTR|PLU|IND|NOM//obj//6 som//HP|-|-|-//nsubj//14 kräver//VB|PRS|AKT//acl:relcl//12 särskild//PC|PRF|UTR|SIN|IND|NOM//amod//16 redovisning//NN|UTR|SIN|IND|NOM//obj//14 .//MAD//punct//2

