Sammanfattning;Många//JJ|POS|UTR/NEU|PLU|IND/DEF|NOM//amod//1 människor//NN|UTR|PLU|IND|NOM//nsubj//2 kommer//VB|PRS|AKT//ROOT//2 till//PP//case//4 Sverige//PM|NOM//obl//2 för//PP//mark//7 att//IE//mark//7 söka//VB|INF|AKT//advcl//2 skydd//NN|NEU|SIN|IND|NOM//obj//7 undan//PP//case//10 krig//NN|NEU|PLU|IND|NOM//obl//7 och//KN//cc//12 förföljelser//NN|UTR|PLU|IND|NOM//conj//10 .//MAD//punct//2
Sammanfattning;Den//DT|UTR|SIN|DEF//det//16 sista//JJ|SUV|UTR/NEU|SIN/PLU|DEF|NOM//amod//16 fasen//NN|UTR|SIN|DEF|NOM//nsubj//28 i//PP//case//23 en//DT|UTR|SIN|IND//det//23 lång//JJ|POS|UTR|SIN|IND|NOM//amod//23 och//KN//cc//22 ofta//AB|POS//advmod//22 smärtsam//JJ|POS|UTR|SIN|IND|NOM//amod//23 migrationsprocess//NN|UTR|SIN|IND|NOM//nmod//16 är//VB|PRS|AKT//cop//28 också//AB//advmod//28 den//DT|UTR|SIN|DEF//det//28 första//RO|NOM//amod//28 fasen//NN|UTR|SIN|DEF|NOM//parataxis//2 av//PP//case//30 livet//NN|NEU|SIN|DEF|NOM//nmod//28 i//PP//case//34 det//DT|NEU|SIN|DEF//det//34 nya//JJ|POS|UTR/NEU|SIN|DEF|NOM//amod//34 landet//NN|NEU|SIN|DEF|NOM//nmod//28 .//MAD//punct//2
Sammanfattning;För//PP//case//39 de//DT|UTR/NEU|PLU|DEF//det//39 allra//AB//advmod//39 flesta//JJ|SUV|UTR/NEU|PLU|DEF|NOM//obl//41 är//VB|PRS|AKT//cop//41 informationsbehovet//NN|NEU|SIN|DEF|NOM//parataxis//2 då//AB//advmod//43 stort//JJ|POS|NEU|SIN|IND|NOM//advmod//41 .//MID//punct//41
Sammanfattning;Hur//HA//advmod//46 skaffar//VB|PRS|AKT//parataxis//2 jag//PN|UTR|SIN|DEF|SUB//nsubj//46 mig//PN|UTR|SIN|DEF|OBJ//iobj//46 arbete//NN|NEU|SIN|IND|NOM//obj//46 och//KN//cc//51 bostad//NN|UTR|SIN|IND|NOM//conj//49 ?//MID//punct//46
Sammanfattning;Hur//HA//advmod//54 fungerar//VB|PRS|AKT//parataxis//46 det//PN|NEU|SIN|DEF|SUB/OBJ//nsubj//54 med//PP//case//57 skola//NN|UTR|SIN|IND|NOM//obl//54 och//KN//cc//59 sjukvård//NN|UTR|SIN|IND|NOM//conj//57 ?//MID//punct//54
Sammanfattning;Vilka//HD|UTR/NEU|PLU|IND//det//62 rättigheter//NN|UTR|PLU|IND|NOM//obj//65 och//KN//cc//64 skyldigheter//NN|UTR|PLU|IND|NOM//conj//62 har//VB|PRS|AKT//parataxis//54 jag//PN|UTR|SIN|DEF|SUB//nsubj//65 när//HA//mark//71 jag//PN|UTR|SIN|DEF|SUB//nsubj//71 väl//AB//advmod//71 har//VB|PRS|AKT//aux//71 fått//VB|SUP|AKT//advcl//65 mitt//PS|NEU|SIN|DEF//nmod:poss//73 uppehållstillstånd//NN|NEU|SIN|IND|NOM//obj//71 ?//MAD//punct//46

Bakgrund;viduella//JJ|POS|UTR/NEU|PLU|IND/DEF|NOM//amod//1 former//NN|UTR|PLU|IND|NOM//discourse//18 och//KN//cc//7 ibland//AB//advmod//7 i//PP//case//7 mer//AB|KOM//advmod//6 strukturerade//PC|PRF|UTR/NEU|PLU|IND/DEF|NOM//amod//7 program//NN|NEU|PLU|IND|NOM//conj//1 med//PP//case//9 grupper//NN|UTR|PLU|IND|NOM//nmod//7 av//PP//case//11 deltagare//NN|UTR|PLU|IND|NOM//nmod//9 .//MAD//punct//1
Bakgrund;Den//PN|UTR|SIN|DEF|SUB/OBJ//nsubj:pass//18 har//VB|PRS|AKT//aux//18 i//PP//case//17 vissa//JJ|POS|UTR/NEU|PLU|IND/DEF|NOM//amod//17 kommuner//NN|UTR|PLU|IND|NOM//obl//18 utförts//VB|SUP|SFO//ROOT//18 av//PP//case//20 flyktinghandläggare//NN|UTR|PLU|IND|NOM//obl:agent//18 (//PAD//punct//23 eller//KN//cc//23 motsvarande//PC|PRS|UTR/NEU|SIN/PLU|IND/DEF|NOM//conj//20 )//PAD//punct//23 ,//MID//punct//27 i//PP//case//27 andra//PN|UTR/NEU|PLU|IND|SUB/OBJ//conj//20 av//PP//case//29 sfi-lärare//NN|UTR|PLU|IND|NOM//nmod//27 och//KN//cc//33 i//PP//case//33 ökande//PC|PRS|UTR/NEU|SIN/PLU|IND/DEF|NOM//amod//33 utsträckning//NN|UTR|SIN|IND|NOM//conj//29 av//PP//case//37 så//AB//advmod//36 kallade//PC|PRF|UTR/NEU|PLU|IND/DEF|NOM//amod//37 samhällskommunikatörer//NN|UTR|PLU|IND|NOM//nmod//33 eller//KN//cc//39 liknande//PC|PRS|UTR/NEU|SIN/PLU|IND/DEF|NOM//conj//37 .//MAD//punct//20
Bakgrund;Viktiga//JJ|POS|UTR/NEU|PLU|IND/DEF|NOM//amod//42 inslag//NN|NEU|PLU|IND|NOM//nsubj//46 har//VB|PRS|AKT//aux//46 också//AB//advmod//46 varit//VB|SUP|AKT//cop//46 studiebesök//NN|NEU|PLU|IND|NOM//conj//18 hos//PP//case//49 statliga//JJ|POS|UTR/NEU|PLU|IND/DEF|NOM//amod//49 myndigheter//NN|UTR|PLU|IND|NOM//nmod//46 och//KN//cc//52 andra//JJ|POS|UTR/NEU|PLU|IND/DEF|NOM//amod//52 inrättningar//NN|UTR|PLU|IND|NOM//conj//49 ,//MID//punct//46 eller//KN//cc//55 besök//NN|NEU|SIN|IND|NOM//conj//46 av//PP//case//57 representanter//NN|UTR|PLU|IND|NOM//nmod//55 för//PP//case//59 dessa//PN|UTR/NEU|PLU|DEF|SUB/OBJ//nmod//57 .//MAD//punct//18
Bakgrund;Innehållet//NN|NEU|SIN|DEF|NOM//nsubj//63 har//VB|PRS|AKT//aux//63 pendlat//VB|SUP|AKT//parataxis//18 mellan//PP//case//66 praktisk//JJ|POS|UTR|SIN|IND|NOM//amod//66 vardagskunskap//NN|UTR|SIN|IND|NOM//obl//63 ,//MID//punct//69 praktisk//JJ|POS|UTR|SIN|IND|NOM//amod//69 samhällskunskap//NN|UTR|SIN|IND|NOM//conj//66 och//KN//cc//71 värdegrund//NN|UTR|SIN|IND|NOM//conj//66 ,//MID//punct//75 enligt//PP//case//75 en//DT|UTR|SIN|IND//det//75 kartläggning//NN|UTR|SIN|IND|NOM//obl//63 av//PP//case//77 länsstyrelserna//NN|UTR|PLU|DEF|NOM//nmod//75 .//MAD//punct//79
Bakgrund;förordningen//NN|UTR|SIN|DEF|NOM//conj//75 och//KN//cc//82 dess//PS|UTR/NEU|SIN/PLU|DEF//nmod:poss//82 bilaga//NN|UTR|SIN|IND|NOM//conj//79 .//MAD//punct//63
Bakgrund;Det//PN|NEU|SIN|DEF|SUB/OBJ//nsubj//85 innebär//VB|PRS|AKT//conj//18 att//SN//mark//88 texten//NN|UTR|SIN|DEF|NOM//nsubj//88 avser//VB|PRS|AKT//ccomp//85 att//IE//mark//90 förklara//VB|INF|AKT//xcomp//88 och//KN//cc//92 utveckla//VB|INF|AKT//conj//90 innebörden//NN|UTR|SIN|DEF|NOM//obj//92 i//PP//case//95 bestämmelserna//NN|UTR|PLU|DEF|NOM//obl//92 ,//MID//punct//90 till//PP//case//98 vägledning//NN|UTR|SIN|IND|NOM//obl//90 för//PP//case//100 utförarna//NN|UTR|PLU|DEF|NOM//nmod//98 av//PP//case//102 samhällsorientering//NN|UTR|SIN|IND|NOM//nmod//100 .//MAD//punct//85
Bakgrund;På//PP//case//106 så//AB//amod//106 sätt//NN|NEU|SIN|IND|NOM//obl//125 ska//VB|PRS|AKT//aux//125 exempelvis//AB//advmod//110 vår//PS|UTR|SIN|DEF//nmod:poss//110 diskussion//NN|UTR|SIN|IND|NOM//obl//125 om//PP//case//112 lärarkompetens//NN|UTR|SIN|IND|NOM//nmod//110 och//KN//cc//115 om//PP//case//115 fördelar//NN|UTR|PLU|IND|NOM//conj//112 och//KN//cc//117 nackdelar//NN|UTR|PLU|IND|NOM//conj//115 med//PP//case//120 alternativa//JJ|POS|UTR/NEU|PLU|IND/DEF|NOM//amod//120 sätt//NN|NEU|PLU|IND|NOM//nmod//117 att//IE//mark//122 utforma//VB|INF|AKT//acl//120 samhällsorienteringen//NN|UTR|SIN|DEF|NOM//obj//122 ,//MID//punct//125 fungera//VB|INF|AKT//parataxis//85 som//KN//case//128 ett//DT|NEU|SIN|IND//det//128 underlag//NN|NEU|SIN|IND|NOM//xcomp//125 för//PP//case//132 lokala//JJ|POS|UTR/NEU|PLU|IND/DEF|NOM//amod//132 pedagogiska//JJ|POS|UTR/NEU|PLU|IND/DEF|NOM//amod//132 överväganden//NN|NEU|PLU|IND|NOM//nmod//128 .//MAD//punct//85

60 timmar – så snart som möjligt;Förslaget//NN|NEU|SIN|DEF|NOM//nsubj//1 innebär//VB|PRS|AKT//ROOT//1 i//PP//mark//9 korthet//NN|UTR|SIN|IND|NOM//fixed//2 att//SN//mark//9 varje//DT|UTR/NEU|SIN|IND//det//7 nyanländ//PC|PRF|UTR|SIN|IND|NOM//amod//7 person//NN|UTR|SIN|IND|NOM//nsubj:pass//9 ska//VB|PRS|AKT//aux//9 erbjudas//VB|INF|SFO//advcl//1 minst//AB|SUV//advmod//11 60//RG|NOM//nummod//12 timmars//NN|UTR|PLU|IND|GEN//nmod:poss//13 samhällsorientering//NN|UTR|SIN|IND|NOM//obj//9 .//MAD//punct//1
60 timmar – så snart som möjligt;Det//PN|NEU|SIN|DEF|SUB/OBJ//expl//17 är//VB|PRS|AKT//cop//17 svårt//JJ|POS|NEU|SIN|IND|NOM//parataxis//1 att//IE//mark//19 beräkna//VB|INF|AKT//csubj//17 hur//HA//advmod//21 stor//JJ|POS|UTR|SIN|IND|NOM//amod//22 målgruppen//NN|UTR|SIN|DEF|NOM//nsubj//26 kan//VB|PRS|AKT//aux//26 komma//VB|INF|AKT//aux//26 att//IE//mark//26 bli//VB|INF|AKT//conj//19 ,//MID//punct//31 men//KN//cc//31 en//DT|UTR|SIN|IND//det//30 uppskattning//NN|UTR|SIN|IND|NOM//nsubj//31 ger//VB|PRS|AKT//conj//17 vid//PP//case//33 handen//NN|UTR|SIN|DEF|NOM//obl//31 att//SN//mark//36 det//PN|NEU|SIN|DEF|SUB/OBJ//nsubj//36 rör//VB|PRS|AKT//ccomp//31 sig//PN|UTR/NEU|SIN/PLU|DEF|OBJ//obj//36 om//PP//case//42 8//RG|NOM//nummod//40 000–10//RG|NOM//nmod//41 000//RG|NOM//nummod//42 personer//NN|UTR|PLU|IND|NOM//obl//36 årligen//AB//obl//36 .//MAD//punct//17
60 timmar – så snart som möjligt;De//DT|UTR/NEU|PLU|DEF//det//47 60//RG|NOM//nummod//47 timmarna//NN|UTR|PLU|DEF|NOM//nsubj:pass//49 ska//VB|PRS|AKT//aux//49 ses//VB|INF|SFO//parataxis//17 som//KN//case//53 en//DT|UTR|SIN|IND//det//53 gemensam//JJ|POS|UTR|SIN|IND|NOM//amod//53 bas//NN|UTR|SIN|IND|NOM//obl//49 ,//MID//punct//53 som//HP|-|-|-//nsubj:pass//56 kompletteras//VB|PRS|SFO//acl:relcl//53 genom//PP//case//58 insatser//NN|UTR|PLU|IND|NOM//obl//56 från//PP//case//60 kommunen//NN|UTR|SIN|DEF|NOM//nmod//58 själv//JJ|POS|UTR|SIN|IND|NOM//conj//58 ,//MID//punct//63 landstinget//NN|NEU|SIN|DEF|NOM//conj//58 eller//KN//cc//66 statliga//JJ|POS|UTR/NEU|PLU|IND/DEF|NOM//amod//66 myndigheter//NN|UTR|PLU|IND|NOM//conj//58 i//PP//case//71 enlighet//NN|UTR|SIN|IND|NOM//fixed//67 med//PP//case//71 annan//JJ|POS|UTR|SIN|IND|NOM//amod//71 reglering//NN|UTR|SIN|IND|NOM//nmod//58 .//MAD//punct//17
60 timmar – så snart som möjligt;Samhällsorienteringen//NN|UTR|SIN|DEF|NOM//nsubj:pass//75 ska//VB|PRS|AKT//aux//75 inledas//VB|INF|SFO//parataxis//17 så//AB//advmod//77 snart//AB|POS//advmod//75 som//KN//mark//79 möjligt//JJ|POS|NEU|SIN|IND|NOM//advcl//75 efter//PP//case//82 beviljat//PC|PRF|NEU|SIN|IND|NOM//amod//82 uppehållstillstånd//NN|NEU|SIN|IND|NOM//obl//75 och//KN//cc//87 i//PP//case//85 normalfallet//NN|NEU|SIN|DEF|NOM//obl//87 vara//VB|INF|AKT//cop//87 avslutad//PC|PRF|UTR|SIN|IND|NOM//conj//75 när//HA//mark//92 det//DT|NEU|SIN|DEF//det//91 första//RO|NOM//amod//91 etableringsåret//NN|NEU|SIN|DEF|NOM//nsubj//92 är//VB|PRS|AKT//advcl//87 till//PP//case//94 ända//NN|UTR|SIN|IND|NOM//advmod//92 .//MAD//punct//17
60 timmar – så snart som möjligt;Kommunen//NN|UTR|SIN|DEF|NOM//nsubj:pass//97 ges//VB|PRS|SFO//parataxis//17 frihet//NN|UTR|SIN|IND|NOM//obj//97 att//SN//mark//112 –//RG|NOM//punct//104 efter//PP//case//104 lokala//JJ|POS|UTR/NEU|PLU|IND/DEF|NOM//amod//104 pedagogiska//JJ|POS|UTR/NEU|PLU|IND/DEF|NOM//amod//104 överväganden//NN|NEU|PLU|IND|NOM//obl//112 och//KN//cc//107 mot//PP//case//107 bakgrund//NN|UTR|SIN|IND|NOM//conj//104 av//PP//case//110 individuella//JJ|POS|UTR/NEU|PLU|IND/DEF|NOM//amod//110 behov//NN|NEU|PLU|IND|NOM//nmod//107 –//PAD//punct//112 besluta//VB|INF|AKT//acl//98 om//PP//case//114 tidpunkten//NN|UTR|SIN|DEF|NOM//obl//112 ,//MID//punct//116 ordningsföljden//NN|UTR|SIN|DEF|NOM//conj//112 för//PP//case//120 de//DT|UTR/NEU|PLU|DEF//det//120 olika//JJ|POS|UTR/NEU|PLU|IND/DEF|NOM//amod//120 ämnesområdena//NN|NEU|PLU|DEF|NOM//nmod//116 och//KN//cc//126 vilka//HD|UTR/NEU|PLU|IND//det//123 läromedel//NN|NEU|PLU|IND|NOM//dislocated//126 som//HP|-|-|-//nsubj:pass//126 ska//VB|PRS|AKT//aux//126 användas//VB|INF|SFO//conj//112 .//MAD//punct//17

Höjd lärarkompetens;En//DT|UTR|SIN|IND//det//2 viktig//JJ|POS|UTR|SIN|IND|NOM//amod//2 erfarenhet//NN|UTR|SIN|IND|NOM//nsubj//33 från//PP//case//5 den//DT|UTR|SIN|DEF//det//5 verksamhet//NN|UTR|SIN|IND|NOM//nmod//2 som//HP|-|-|-//nsubj:pass//8 har//VB|PRS|AKT//aux//8 bedrivits//VB|SUP|SFO//acl:relcl//5 på//PP//case//11 senare//JJ|KOM|UTR/NEU|SIN/PLU|IND/DEF|NOM//amod//11 år//NN|NEU|PLU|IND|NOM//obl//8 är//VB|PRS|AKT//cop//2 att//SN//mark//23 lärarna//NN|UTR|PLU|DEF|NOM//nsubj//23 ///MID//cc//16 samtalsledarna//NN|UTR|PLU|DEF|NOM//conj//14 ///MID//cc//18 kommunikatörerna//NN|UTR|PLU|DEF|NOM//nmod//14 –//RG|NOM//punct//23 eller//KN//cc//23 vad//HP|NEU|SIN|IND//obj//23 man//PN|UTR|SIN|IND|SUB//nsubj//23 väljer//VB|PRS|AKT//csubj//2 att//IE//mark//25 kalla//VB|INF|AKT//xcomp//23 dem//PN|UTR/NEU|PLU|DEF|OBJ//obj//25 som//HP|-|-|-//nsubj//28 håller//VB|PRS|AKT//acl:relcl//26 i//PP//case//30 samhällsinformationen//NN|UTR|SIN|DEF|NOM//obl//28 –//PM|NOM//punct//2 är//VB|PRS|AKT//cop//33 nyckelaktörer//NN|UTR|PLU|IND|NOM//ROOT//33 och//KN//cc//39 att//SN//mark//39 effektiviteten//NN|UTR|SIN|DEF|NOM//nsubj//39 i//PP//case//38 informationen//NN|UTR|SIN|DEF|NOM//nmod//36 står//VB|PRS|AKT//conj//33 och//KN//cc//41 faller//VB|PRS|AKT//conj//39 med//PP//case//44 deras//PS|UTR/NEU|SIN/PLU|DEF//nmod:poss//44 förmåga//NN|UTR|SIN|IND|NOM//obl//41 att//IE//mark//46 anpassa//VB|INF|AKT//acl//44 undervisningen//NN|UTR|SIN|DEF|NOM//obj//46 till//PP//case//52 de//DT|UTR/NEU|PLU|DEF//det//51 individuella//JJ|POS|UTR/NEU|PLU|IND/DEF|NOM//amod//51 deltagarnas//NN|UTR|PLU|DEF|GEN//nmod:poss//52 behov//NN|NEU|PLU|IND|NOM//nmod//47 och//KN//cc//54 förutsättningar//NN|UTR|PLU|IND|NOM//conj//52 .//MAD//punct//39
Höjd lärarkompetens;Framgångsrik//JJ|POS|UTR|SIN|IND|NOM//amod//57 samhällsinformation//NN|UTR|SIN|IND|NOM//nsubj//59 måste//VB|PRS|AKT//aux//59 bygga//VB|INF|AKT//conj//39 på//PP//case//61 dialog//NN|UTR|SIN|IND|NOM//obl//59 och//KN//cc//63 diskussion//NN|UTR|SIN|IND|NOM//conj//61 –//RG|NOM//punct//69 inte//AB//advmod//69 vara//VB|INF|AKT//cop//69 en//DT|UTR|SIN|IND//det//69 enkelriktad//PC|PRF|UTR|SIN|IND|NOM//amod//69 kommunikation//NN|UTR|SIN|IND|NOM//conj//33 från//PP//case//73 en//DT|UTR|SIN|IND//det//73 okänd//JJ|POS|UTR|SIN|IND|NOM//amod//73 föreläsare//NN|UTR|SIN|IND|NOM//nmod//69 till//PP//case//77 en//DT|UTR|SIN|IND//det//77 tyst//JJ|POS|UTR|SIN|IND|NOM//amod//77 grupp//NN|UTR|SIN|IND|NOM//nmod//73 .//MAD//punct//69
Höjd lärarkompetens;Från//PP//case//81 utredningens//NN|UTR|SIN|DEF|GEN//nmod:poss//81 sida//NN|UTR|SIN|IND|NOM//obl//84 har//VB|PRS|AKT//aux//84 vi//PN|UTR|PLU|DEF|SUB//nsubj//84 dragit//VB|SUP|AKT//conj//33 slutsatsen//NN|UTR|SIN|DEF|NOM//obj//84 att//SN//mark//89 det//PN|NEU|SIN|DEF|SUB/OBJ//expl//89 är//VB|PRS|AKT//cop//89 viktigt//JJ|POS|NEU|SIN|IND|NOM//ccomp//84 att//IE//mark//91 rikta//VB|INF|AKT//csubj//89 uppmärksamheten//NN|UTR|SIN|DEF|NOM//obj//91 inte//AB//advmod//91 bara//AB//advmod//91 mot//PP//case//96 vad//HP|NEU|SIN|IND//obl//91 som//HP|-|-|-//nsubj//99 ”//PM|NOM//punct//99 går//VB|PRS|AKT//acl:relcl//96 ut//PL//compound:prt//99 ”//PM|NOM//punct//99 –//PAD//punct//89 alltså//AB//advmod//106 det//DT|NEU|SIN|DEF//det//106 föreskrivna//PC|PRF|UTR/NEU|SIN|DEF|NOM//amod//106 innehållet//NN|NEU|SIN|DEF|NOM//appos//89 i//PP//case//108 samhällsinformationen//NN|UTR|SIN|DEF|NOM//nmod//106 –//RG|NOM//punct//89 utan//KN//mark//117 framför//PP//case//112 allt//PN|NEU|SIN|IND|SUB/OBJ//fixed//110 på//PP//case//114 vad//HP|NEU|SIN|IND//dislocated//117 som//HP|-|-|-//nsubj//117 ”//PM|NOM//punct//117 går//VB|PRS|AKT//conj//33 in//PL//compound:prt//117 ”//PM|NOM//punct//117 ,//MID//punct//117 dvs.//AB|AN//advmod//122 vad//HP|NEU|SIN|IND//obj//125 deltagarna//NN|UTR|PLU|DEF|NOM//nsubj//125 faktiskt//AB|POS//advmod//125 förstår//VB|PRS|AKT//ccomp//117 och//KN//cc//127 tar//VB|PRS|AKT//conj//125 med//PL//case//129 sig//PN|UTR/NEU|SIN/PLU|DEF|OBJ//obl//127 .//MAD//punct//33
Höjd lärarkompetens;Detta//PN|NEU|SIN|DEF|SUB/OBJ//nsubj//133 är//VB|PRS|AKT//cop//133 avhängigt//JJ|POS|NEU|SIN|IND|NOM//conj//33 pedagogiken//NN|UTR|SIN|DEF|NOM//obj//133 i//PP//case//137 vid//JJ|POS|UTR|SIN|IND|NOM//case//137 mening//NN|UTR|SIN|IND|NOM//obl//133 .//MAD//punct//33
Höjd lärarkompetens;En//DT|UTR|SIN|IND//det//2 central//JJ|POS|UTR|SIN|IND|NOM//amod//2 fråga//NN|UTR|SIN|IND|NOM//nsubj//3 gäller//VB|PRS|AKT//ROOT//3 därför//AB//advmod//3 kompetensen//NN|UTR|SIN|DEF|NOM//obj//3 hos//PP//case//8 de//DT|UTR/NEU|PLU|DEF//det//8 personer//NN|UTR|PLU|IND|NOM//nmod//5 som//HP|-|-|-//nsubj//10 leder//VB|PRS|AKT//acl:relcl//8 samhällsorienteringen//NN|UTR|SIN|DEF|NOM//obj//10 ,//MID//punct//3 dvs.//AB|AN//advmod//14 lärarna//NN|UTR|PLU|DEF|NOM//nsubj//23 eller//KN//cc//16 samtalsledarna//NN|UTR|PLU|DEF|NOM//conj//14 .//MAD//punct//14
Höjd lärarkompetens;Erfarenheter//NN|UTR|PLU|IND|NOM//conj//14 från//PP//case//20 utvecklingsprojekt//NN|NEU|PLU|IND|NOM//nmod//18 på//PP//case//22 området//NN|NEU|SIN|DEF|NOM//nmod//20 visar//VB|PRS|AKT//parataxis//3 att//SN//mark//33 samhällsorientering//NN|UTR|SIN|IND|NOM//nsubj//33 av//PP//case//28 hög//JJ|POS|UTR|SIN|IND|NOM//amod//28 kvalitet//NN|UTR|SIN|IND|NOM//nmod//25 är//VB|PRS|AKT//cop//33 en//DT|UTR|SIN|IND//det//33 stor//JJ|POS|UTR|SIN|IND|NOM//amod//33 pedagogisk//JJ|POS|UTR|SIN|IND|NOM//amod//33 utmaning//NN|UTR|SIN|IND|NOM//obj//23 .//MAD//punct//23
Höjd lärarkompetens;Den//PN|UTR|SIN|DEF|SUB/OBJ//nsubj//43 som//HP|-|-|-//nsubj//37 håller//VB|PRS|AKT//acl:relcl//35 i//PP//case//39 samhällsorienteringen//NN|UTR|SIN|DEF|NOM//obl//37 måste//VB|PRS|AKT//aux//43 inte//AB//advmod//43 bara//AB//advmod//43 behärska//VB|INF|AKT//parataxis//23 ämnet//NN|NEU|SIN|DEF|NOM//obj//43 ,//MID//punct//48 utan//KN//cc//48 också//AB//advmod//48 uppvisa//VB|INF|AKT//conj//43 pedagogisk//JJ|POS|UTR|SIN|IND|NOM//amod//50 kompetens//NN|UTR|SIN|IND|NOM//obj//48 som//HP|-|-|-//nsubj//53 är//VB|PRS|AKT//cop//53 lämplig//JJ|POS|UTR|SIN|IND|NOM//acl:relcl//50 med//PP//case//61 tanke//NN|UTR|SIN|IND|NOM//fixed//54 på//PP//fixed//54 både//KN//cc//58 undervisningens//NN|UTR|SIN|DEF|GEN//nmod:poss//61 och//KN//cc//60 målgruppens//NN|UTR|SIN|DEF|GEN//conj//58 karaktär//NN|UTR|SIN|IND|NOM//obl//53 .//MAD//punct//43
Höjd lärarkompetens;Undervisningen//NN|UTR|SIN|DEF|NOM//nsubj:pass//65 ska//VB|PRS|AKT//aux//65 präglas//VB|INF|SFO//parataxis//43 av//PP//case//67 dialog//NN|UTR|SIN|IND|NOM//obl:agent//65 ,//MID//punct//69 diskussion//NN|UTR|SIN|IND|NOM//conj//67 och//KN//cc//71 reflektion//NN|UTR|SIN|IND|NOM//conj//67 i//PP//case//73 syfte//NN|NEU|SIN|IND|NOM//nmod//71 att//IE//mark//75 främja//VB|INF|AKT//advcl//65 förståelsen//NN|UTR|SIN|DEF|NOM//obj//75 och//KN//cc//78 ge//VB|INF|AKT//conj//75 utrymme//NN|NEU|SIN|IND|NOM//obj//78 för//PP//case//83 deltagarnas//NN|UTR|PLU|DEF|GEN//nmod:poss//83 egna//JJ|POS|UTR/NEU|PLU|IND/DEF|NOM//amod//83 frågor//NN|UTR|PLU|IND|NOM//obl//78 ,//MID//punct//85 tankar//NN|UTR|PLU|IND|NOM//conj//83 och//KN//cc//87 kunskapsbehov//NN|NEU|PLU|IND|NOM//conj//83 .//MAD//punct//65
Höjd lärarkompetens;Målgruppen//NN|UTR|SIN|DEF|NOM//nsubj:pass//90 präglas//VB|PRS|SFO//parataxis//65 av//PP//mark//94 att//SN//mark//94 det//PN|NEU|SIN|DEF|SUB/OBJ//nsubj//94 handlar//VB|PRS|AKT//advcl//90 om//PP//case//97 vuxna//JJ|POS|UTR/NEU|PLU|IND/DEF|NOM//amod//97 människor//NN|UTR|PLU|IND|NOM//obl//94 i//PP//case//100 en//DT|UTR|SIN|IND//det//100 migrationsprocess//NN|UTR|SIN|IND|NOM//obl//94 men//KN//cc//107 som//HP|-|-|-//nsubj//107 i//PP//case//105 andra//JJ|POS|UTR/NEU|PLU|IND/DEF|NOM//amod//105 avseenden//NN|NEU|PLU|IND|NOM//obl//107 ofta//AB|POS//advmod//107 har//VB|PRS|AKT//conj//90 mycket//AB|POS//advmod//109 olikartade//JJ|POS|UTR/NEU|PLU|IND/DEF|NOM//amod//110 erfarenheter//NN|UTR|PLU|IND|NOM//obj//107 –//PAD//punct//114 det//PN|NEU|SIN|DEF|SUB/OBJ//nsubj//114 är//VB|PRS|AKT//cop//114 unga//JJ|POS|UTR/NEU|PLU|IND/DEF|NOM//appos//90 och//KN//cc//116 gamla//JJ|POS|UTR/NEU|PLU|IND/DEF|NOM//conj//114 ,//MID//punct//118 män//NN|UTR|PLU|IND|NOM//conj//114 och//KN//cc//120 kvinnor//NN|UTR|PLU|IND|NOM//conj//114 ,//MID//punct//122 högutbildade//PC|PRF|UTR/NEU|PLU|IND/DEF|NOM//conj//114 och//KN//cc//124 lågutbildade//PC|PRF|UTR/NEU|PLU|IND/DEF|NOM//conj//122 ,//MID//punct//122 med//PP//case//127 ursprung//NN|NEU|SIN|IND|NOM//obl//114 i//PP//case//129 stad//NN|UTR|SIN|IND|NOM//nmod//127 eller//KN//cc//131 landsbygd//NN|UTR|SIN|IND|NOM//conj//129 ,//MID//punct//134 olika//JJ|POS|UTR/NEU|PLU|IND/DEF|NOM//amod//134 länder//NN|NEU|PLU|IND|NOM//conj//129 och//KN//cc//136 religioner//NN|UTR|PLU|IND|NOM//conj//129 .//MAD//punct//3

Samhällsorientering på modersmål;Ytterligare//AB|KOM//advmod//1 en//DT|UTR|SIN|IND//det//3 viktig//JJ|POS|UTR|SIN|IND|NOM//amod//3 aspekt//NN|UTR|SIN|IND|NOM//nsubj//12 av//PP//case//5 kompetensen//NN|UTR|SIN|DEF|NOM//nmod//3 hos//PP//case//7 dem//PN|UTR/NEU|PLU|DEF|OBJ//nmod//5 som//HP|-|-|-//nsubj//9 utför//VB|PRS|AKT//acl:relcl//7 samhällsorienteringen//NN|UTR|SIN|DEF|NOM//obj//9 är//VB|PRS|AKT//cop//12 språkkunskaperna//NN|UTR|PLU|DEF|NOM//ROOT//12 .//MID//punct//12
Samhällsorientering på modersmål;Vårt//PS|NEU|SIN|DEF//nmod:poss//15 förslag//NN|NEU|SIN|IND|NOM//nsubj//17 är//VB|PRS|AKT//cop//17 nämligen//AB//parataxis//12 att//SN//mark//24 samhällsorienteringen//NN|UTR|SIN|DEF|NOM//nsubj:pass//24 till//PP//case//22 största//JJ|SUV|UTR/NEU|SIN/PLU|DEF|NOM//amod//22 del//NN|UTR|SIN|IND|NOM//obl//24 ska//VB|PRS|AKT//aux//24 ges//VB|INF|SFO//csubj//12 på//PP//case//27 den//DT|UTR|SIN|DEF//det//27 nyanlända//PC|PRF|UTR/NEU|SIN|DEF|NOM//obl//24 personens//NN|UTR|SIN|DEF|GEN//nmod:poss//29 modersmål//NN|NEU|SIN|IND|NOM//obj//24 eller//KN//cc//32 annat//JJ|POS|NEU|SIN|IND|NOM//amod//32 språk//NN|NEU|SIN|IND|NOM//conj//29 som//HP|-|-|-//obj//37 han//PN|UTR|SIN|DEF|SUB//nsubj//37 eller//KN//cc//36 hon//PN|UTR|SIN|DEF|SUB//conj//34 behärskar//VB|PRS|AKT//acl:relcl//32 väl//AB|POS//advmod//37 .//MAD//punct//12
Samhällsorientering på modersmål;Skälet//NN|NEU|SIN|DEF|NOM//nsubj//44 till//PP//case//42 detta//PN|NEU|SIN|DEF|SUB/OBJ//nmod//40 är//VB|PRS|AKT//cop//44 tidpunkten//NN|UTR|SIN|DEF|NOM//parataxis//12 i//PP//case//46 kombination//NN|UTR|SIN|IND|NOM//nmod//44 med//PP//case//48 pedagogiken//NN|UTR|SIN|DEF|NOM//nmod//44 .//MAD//punct//44
Samhällsorientering på modersmål;Det//PN|NEU|SIN|DEF|SUB/OBJ//expl//54 är//VB|PRS|AKT//cop//54 av//PP//case//54 största//JJ|SUV|UTR/NEU|SIN/PLU|DEF|NOM//amod//54 vikt//NN|UTR|SIN|IND|NOM//conj//44 att//SN//mark//57 samhällsorienteringen//NN|UTR|SIN|DEF|NOM//nsubj:pass//57 ges//VB|PRS|SFO//acl//54 tidigt//AB|POS//advmod//57 i//PP//case//60 etableringsprocessen//NN|UTR|SIN|DEF|NOM//obl//57 och//KN//cc//63 det//PN|NEU|SIN|DEF|SUB/OBJ//nsubj//63 innebär//VB|PRS|AKT//conj//12 i//PP//case//66 sin//PS|UTR|SIN|DEF//nmod:poss//66 tur//NN|UTR|SIN|IND|NOM//obl//63 att//SN//mark//74 de//DT|UTR/NEU|PLU|DEF//det//69 flesta//JJ|SUV|UTR/NEU|PLU|DEF|NOM//nsubj//74 inte//AB//advmod//74 kan//VB|PRS|AKT//cop//74 svenska//NN|UTR|SIN|IND|NOM//nsubj//74 tillräckligt//AB|POS//advmod//74 bra//JJ|POS|UTR/NEU|SIN/PLU|IND/DEF|NOM//ccomp//63 för//PP//mark//77 att//IE//mark//77 uppnå//VB|INF|AKT//advcl//74 den//DT|UTR|SIN|DEF//det//79 förståelse//NN|UTR|SIN|IND|NOM//obj//77 som//HP|-|-|-//nsubj:pass//81 behövs//VB|PRS|SFO//acl:relcl//79 .//MAD//punct//12
Samhällsorientering på modersmål;En//DT|UTR|SIN|IND//det//84 undervisning//NN|UTR|SIN|IND|NOM//nsubj//91 på//PP//case//86 svenska//NN|UTR|SIN|IND|NOM//nmod//84 med//PP//case//90 hjälp//NN|UTR|SIN|IND|NOM//fixed//87 av//PP//fixed//87 tolk//NN|UTR|SIN|IND|NOM//nmod//84 ger//VB|PRS|AKT//parataxis//12 inte//AB//advmod//91 samma//DT|UTR/NEU|SIN/PLU|IND//det//94 möjligheter//NN|UTR|PLU|IND|NOM//obj//91 till//PP//case//98 ett//DT|NEU|SIN|IND//det//98 aktivt//JJ|POS|NEU|SIN|IND|NOM//amod//98 deltagande//NN|NEU|SIN|IND|NOM//nmod//94 med//PP//case//100 frågor//NN|UTR|PLU|IND|NOM//nmod//98 och//KN//cc//102 diskussion//NN|UTR|SIN|IND|NOM//conj//100 som//KN//case//105 en//DT|UTR|SIN|IND//det//105 undervisning//NN|UTR|SIN|IND|NOM//obl//91 på//PP//case//107 modersmål//NN|NEU|SIN|IND|NOM//nmod//105 .//MAD//punct//12
Samhällsorientering på modersmål;Samhällsorienteringen//NN|UTR|SIN|DEF|NOM//nsubj:pass//114 bör//VB|PRS|AKT//aux//114 alltså//AB//advmod//114 i//PP//case//113 normalfallet//NN|NEU|SIN|DEF|NOM//obl//114 ges//VB|PRS|SFO//parataxis//12 på//PP//case//116 modersmål//NN|NEU|SIN|IND|NOM//obl//114 ,//MID//punct//114 men//KN//cc//123 kan//VB|PRS|AKT//aux//123 i//PP//case//122 vissa//JJ|POS|UTR/NEU|PLU|IND/DEF|NOM//amod//122 delar//NN|UTR|PLU|IND|NOM//obl//123 ges//VB|INF|SFO//conj//114 på//PP//case//125 svenska//NN|UTR|SIN|IND|NOM//obl//123 eller//KN//cc//127 svenska//NN|UTR|SIN|IND|NOM//conj//125 med//PP//case//129 tolk//NN|UTR|SIN|IND|NOM//obl//123 .//MAD//punct//114
Samhällsorientering på modersmål;Valet//NN|NEU|SIN|DEF|NOM//nsubj//138 av//PP//case//133 språk//NN|NEU|SIN|IND|NOM//nmod//131 ska//VB|PRS|AKT//aux//138 i//PP//advmod//138 första//RO|NOM//fixed//135 hand//NN|UTR|SIN|IND|NOM//fixed//135 ske//VB|INF|AKT//conj//114 mot//PP//case//140 bakgrund//NN|UTR|SIN|IND|NOM//obl//138 av//PP//case//143 pedagogiska//JJ|POS|UTR/NEU|PLU|IND/DEF|NOM//amod//143 överväganden//NN|NEU|PLU|IND|NOM//nmod//140 .//MAD//punct//12
Samhällsorientering på modersmål;Den//PN|UTR|SIN|DEF|SUB/OBJ//nsubj//4 som//HP|-|-|-//nsubj//2 utför//VB|PRS|AKT//acl:relcl//0 samhällsorienteringen//NN|UTR|SIN|DEF|NOM//obj//2 behöver//VB|PRS|AKT//ROOT//4 därför//AB//advmod//4 ämneskunskap//NN|UTR|SIN|IND|NOM//obj//4 ,//MID//punct//9 pedagogisk//JJ|POS|UTR|SIN|IND|NOM//amod//9 kompetens//NN|UTR|SIN|IND|NOM//conj//6 och//KN//cc//12 goda//JJ|POS|UTR/NEU|PLU|IND/DEF|NOM//amod//12 kunskaper//NN|UTR|PLU|IND|NOM//conj//6 i//PP//case//15 både//KN//cc//15 svenska//JJ|POS|UTR/NEU|PLU|IND/DEF|NOM//nmod//12 och//KN//cc//18 det//DT|NEU|SIN|DEF//det//18 språk//NN|NEU|SIN|IND|NOM//conj//15 som//HP|-|-|-//obl//21 samhällsorienteringen//NN|UTR|SIN|DEF|NOM//nsubj:pass//21 ges//VB|PRS|SFO//acl:relcl//18 på//PP//case//19 .//MAD//punct//4
Samhällsorientering på modersmål;Vi//PN|UTR|PLU|DEF|SUB//nsubj//25 bedömer//VB|PRS|AKT//parataxis//4 att//SN//mark//31 det//PN|NEU|SIN|DEF|SUB/OBJ//expl//31 i//PP//advmod//31 dagsläget//NN|NEU|SIN|DEF|NOM//fixed//28 inte//AB//advmod//31 finns//VB|PRS|SFO//ccomp//25 tillräckligt//AB|POS//advmod//33 många//JJ|POS|UTR/NEU|PLU|IND/DEF|NOM//amod//34 personer//NN|UTR|PLU|IND|NOM//nsubj//31 i//PP//case//36 Sverige//PM|NOM//nmod//34 som//HP|-|-|-//nsubj//38 har//VB|PRS|AKT//acl:relcl//36 en//DT|UTR|SIN|IND//det//41 bred//JJ|POS|UTR|SIN|IND|NOM//amod//41 kompetens//NN|UTR|SIN|IND|NOM//obj//38 av//PP//case//45 just//AB//advmod//44 detta//DT|NEU|SIN|DEF//det//45 slag//NN|NEU|SIN|IND|NOM//nmod//41 .//MAD//punct//25
Samhällsorientering på modersmål;För//PP//mark//49 att//IE//mark//49 säkerställa//VB|INF|AKT//advcl//58 nationell//JJ|POS|UTR|SIN|IND|NOM//amod//51 likvärdighet//NN|UTR|SIN|IND|NOM//obj//49 och//KN//cc//55 en//DT|UTR|SIN|IND//det//55 hög//JJ|POS|UTR|SIN|IND|NOM//amod//55 kvalitet//NN|UTR|SIN|IND|NOM//conj//49 på//PP//case//57 samhällsorienteringen//NN|UTR|SIN|DEF|NOM//nmod//55 behövs//VB|PRS|SFO//advcl//25 därför//AB//advmod//60 särskilda//PC|PRF|UTR/NEU|PLU|IND/DEF|NOM//amod//61 insatser//NN|UTR|PLU|IND|NOM//nsubj:pass//58 på//PP//case//63 högskolenivå//NN|UTR|SIN|IND|NOM//nmod//61 .//MAD//punct//58
Samhällsorientering på modersmål;Kompletteringskurser//NN|UTR|PLU|IND|NOM//nsubj:pass//79 om//PP//case//68 30//RG|NOM//nummod//68 högskolepoäng//NN|UTR|PLU|IND|NOM//nmod//65 med//PP//case//71 särskild//PC|PRF|UTR|SIN|IND|NOM//amod//71 inriktning//NN|UTR|SIN|IND|NOM//nmod//68 på//PP//case//74 denna//DT|UTR|SIN|DEF//det//74 målgrupp//NN|UTR|SIN|IND|NOM//nmod//71 och//KN//cc//76 utbildningsinsats//NN|UTR|SIN|IND|NOM//conj//68 bör//VB|PRS|AKT//aux//79 kunna//VB|INF|AKT//aux//79 erbjudas//VB|INF|SFO//parataxis//58 inom//PP//case//84 ramen//NN|UTR|SIN|DEF|NOM//fixed//80 för//PP//fixed//80 exempelvis//AB//advmod//84 lärarutbildningen//NN|UTR|SIN|DEF|NOM//obl//79 .//MAD//punct//4
Samhällsorientering på modersmål;Det//PN|NEU|SIN|DEF|SUB/OBJ//nsubj:pass//87 behövs//VB|PRS|SFO//parataxis//4 ,//MID//punct//87 bedömer//VB|PRS|AKT//parataxis//4 vi//PN|UTR|PLU|DEF|SUB//nsubj//89 ,//MID//punct//89 en//DT|UTR|SIN|IND//det//93 professionalisering//NN|UTR|SIN|IND|NOM//obj//4  //_SP////93 av//PP//case//96 samhällsorienteringen//NN|UTR|SIN|DEF|NOM//nmod//93 .//MAD//punct//4

Kommunerna ansvarar – och samarbetar med andra;Den//DT|UTR|SIN|DEF//det//2 höjda//PC|PRF|UTR/NEU|SIN|DEF|NOM//amod//2 ambitionsnivån//NN|UTR|SIN|DEF|NOM//nsubj//8 för//PP//case//4 samhällsorienteringen//NN|UTR|SIN|DEF|NOM//nmod//2 kan//VB|PRS|AKT//aux//8 komma//VB|INF|AKT//aux//8 att//IE//mark//8 ställa//VB|INF|AKT//ROOT//8 vissa//JJ|POS|UTR/NEU|PLU|IND/DEF|NOM//amod//10 kommuner//NN|UTR|PLU|IND|NOM//obj//8 inför//PP//case//13 praktiska//JJ|POS|UTR/NEU|PLU|IND/DEF|NOM//amod//13 utmaningar//NN|UTR|PLU|IND|NOM//obl//8 .//MAD//punct//8
Kommunerna ansvarar – och samarbetar med andra;Kommunernas//NN|UTR|PLU|DEF|GEN//nmod:poss//16 ansvar//NN|NEU|SIN|IND|NOM//nsubj//21 för//PP//mark//19 att//IE//mark//19 erbjuda//VB|INF|AKT//acl//16 samhällsorientering//NN|UTR|SIN|IND|NOM//obj//19 betyder//VB|PRS|AKT//parataxis//8 dock//AB//advmod//21 inte//AB//advmod//21 att//SN//mark//28 de//PN|UTR/NEU|PLU|DEF|SUB//nsubj//28 alltid//AB//advmod//28 måste//VB|PRS|AKT//aux//28 utföra//VB|INF|AKT//ccomp//21 den//PN|UTR|SIN|DEF|SUB/OBJ//obj//28 i//PP//case//32 egen//JJ|POS|UTR|SIN|IND/DEF|NOM//amod//32 regi//NN|UTR|SIN|IND|NOM//obl//28 .//MAD//punct//8
Kommunerna ansvarar – och samarbetar med andra;I//PP//case//36 många//JJ|POS|UTR/NEU|PLU|IND/DEF|NOM//amod//36 fall//NN|NEU|PLU|IND|NOM//obl//40 kommer//VB|PRS|AKT//aux//40 kommunerna//NN|UTR|PLU|DEF|NOM//nsubj//40 att//IE//mark//40 behöva//VB|INF|AKT//parataxis//8 antingen//KN//cc//42 köpa//VB|INF|AKT//conj//40 tjänsten//NN|UTR|SIN|DEF|NOM//obj//42 eller//KN//cc//48 på//PP//case//47 annat//JJ|POS|NEU|SIN|IND|NOM//amod//47 sätt//NN|NEU|SIN|IND|NOM//obl//48 samarbeta//VB|INF|AKT//conj//40 med//PP//case//51 andra//JJ|POS|UTR/NEU|PLU|IND/DEF|NOM//amod//51 kommuner//NN|UTR|PLU|IND|NOM//obl//48 eller//KN//cc//53 aktörer//NN|UTR|PLU|IND|NOM//conj//51 .//MID//punct//8
Kommunerna ansvarar – och samarbetar med andra;Distansundervisning//NN|UTR|SIN|IND|NOM//nsubj//63 med//PP//case//60 hjälp//NN|UTR|SIN|IND|NOM//fixed//56 av//PP//fixed//56 modern//JJ|POS|UTR|SIN|IND|NOM//amod//60 teknik//NN|UTR|SIN|IND|NOM//nmod//55 kommer//VB|PRS|AKT//aux//63 att//IE//mark//63 bli//VB|INF|AKT//parataxis//8 ett//DT|NEU|SIN|IND//det//66 nödvändigt//JJ|POS|NEU|SIN|IND|NOM//amod//66 inslag//NN|NEU|SIN|IND|NOM//xcomp//63 för//PP//case//69 en//DT|UTR|SIN|IND//det//69 del//NN|UTR|SIN|IND|NOM//obl//63 .//MAD//punct//8
Kommunerna ansvarar – och samarbetar med andra;Vi//PN|UTR|PLU|DEF|SUB//nsubj//72 bedömer//VB|PRS|AKT//parataxis//8 att//SN//mark//80 behovet//NN|NEU|SIN|DEF|NOM//nsubj//80 av//PP//case//77 regional//JJ|POS|UTR|SIN|IND|NOM//amod//77 samverkan//NN|UTR|SIN|IND|NOM//nmod//74 kommer//VB|PRS|AKT//aux//80 att//IE//mark//80 bli//VB|INF|AKT//ccomp//72 stort//JJ|POS|NEU|SIN|IND|NOM//xcomp//80 på//PP//case//84 vissa//JJ|POS|UTR/NEU|PLU|IND/DEF|NOM//amod//84 håll//NN|NEU|PLU|IND|NOM//obl//80 .//MAD//punct//72
Kommunerna ansvarar – och samarbetar med andra;Länsstyrelserna//NN|UTR|PLU|DEF|NOM//appos//72 ,//MID//punct//91 som//HP|-|-|-//nsubj//91 med//PP//case//90 förslaget//NN|NEU|SIN|DEF|NOM//obl//91 ges//VB|PRS|SFO//acl:relcl//86 ett//DT|NEU|SIN|IND//det//93 ansvar//NN|NEU|SIN|IND|NOM//obj//91 för//PP//case//95 uppföljningen//NN|UTR|SIN|DEF|NOM//nmod//93 av//PP//case//97 verksamheten//NN|UTR|SIN|DEF|NOM//nmod//95 ,//MID//punct//106 bör//VB|PRS|AKT//aux//106 inom//PP//case//104 ramen//NN|UTR|SIN|DEF|NOM//fixed//100 för//PP//fixed//100 sitt//PS|NEU|SIN|DEF//nmod:poss//104 samordningsansvar//NN|NEU|SIN|IND|NOM//obl//106 också//AB//advmod//106 stödja//VB|INF|AKT//conj//72 dessa//DT|UTR/NEU|PLU|DEF//det//108 strävanden//NN|NEU|PLU|IND|NOM//obj//106 .//MAD//punct//72

Värden, välfärdsstat, vardagsliv;Innehållet//NN|NEU|SIN|DEF|NOM//nsubj:pass//4 i//PP//case//2 samhällsorienteringen//NN|UTR|SIN|DEF|NOM//nmod//0 kan//VB|PRS|AKT//aux//4 sammanfattas//VB|INF|SFO//ROOT//4 med//PP//case//7 orden//NN|NEU|PLU|DEF|NOM//nmod//7 värden//NN|NEU|PLU|IND|NOM//obl//4 ,//MID//punct//9 välfärdsstat//NN|UTR|SIN|IND|NOM//conj//7 och//KN//cc//11 vardagsliv//NN|NEU|SIN|IND|NOM//conj//7 .//MID//punct//4
Värden, välfärdsstat, vardagsliv;Dessa//DT|UTR/NEU|PLU|DEF//det//16 tre//RG|NOM//nummod//16 återkommande//PC|PRS|UTR/NEU|SIN/PLU|IND/DEF|NOM//amod//16 aspekter//NN|UTR|PLU|IND|NOM//nsubj:pass//18 ska//VB|PRS|AKT//aux//18 prägla//VB|INF|AKT//parataxis//4 vart//PN|NEU|SIN|IND|SUB/OBJ//advmod//18 och//KN//fixed//19 ett//PN|NEU|SIN|IND|SUB/OBJ//fixed//19 av//PP//case//25 de//DT|UTR/NEU|PLU|DEF//det//25 nio//RG|NOM//nummod//25 ämnesområdena//NN|NEU|PLU|DEF|NOM//nmod//19 .//MAD//punct//4
Värden, välfärdsstat, vardagsliv;Det//PN|NEU|SIN|DEF|SUB/OBJ//expl//3 kan//VB|PRS|AKT//aux//3 vara//VB|INF|AKT//cop//3 svårt//JJ|POS|NEU|SIN|IND|NOM//ROOT//3 att//IE//mark//5 precisera//VB|INF|AKT//csubj//3 vad//HP|NEU|SIN|IND//dislocated//8 som//HP|-|-|-//nsubj:pass//8 avses//VB|PRS|SFO//ccomp//5 med//PP//case//13 ett//DT|NEU|SIN|IND//det//11 samhälles//NN|NEU|SIN|IND|GEN//nmod:poss//13 grundläggande//PC|PRS|UTR/NEU|SIN/PLU|IND/DEF|NOM//amod//13 värden//NN|NEU|PLU|IND|NOM//obl//8 .//MAD//punct//3
Värden, välfärdsstat, vardagsliv;Vårt//PS|NEU|SIN|DEF//nmod:poss//17 principiella//JJ|POS|UTR/NEU|SIN|DEF|NOM//amod//17 ställningstagande//NN|NEU|SIN|IND|NOM//nsubj//18 är//VB|PRS|AKT//conj//3 här//AB//advmod//18 att//IE//mark//21 utgå//VB|INF|AKT//advcl//18 från//PP//case//23 grundlagen//NN|UTR|SIN|DEF|NOM//obl//21 .//MAD//punct//3
Värden, välfärdsstat, vardagsliv;Den//DT|UTR|SIN|DEF//det//30 mest//AB|SUV//advmod//27 auktoritativa//JJ|POS|UTR/NEU|SIN|DEF|NOM//amod//30 och//KN//cc//29 bindande//PC|PRS|UTR/NEU|SIN/PLU|IND/DEF|NOM//conj//27 formuleringen//NN|UTR|SIN|DEF|NOM//nsubj//38 av//PP//case//37 de//DT|UTR/NEU|PLU|DEF//det//37 övergripande//PC|PRS|UTR/NEU|SIN/PLU|IND/DEF|NOM//amod//37 etiska//JJ|POS|UTR/NEU|PLU|IND/DEF|NOM//amod//37 och//KN//cc//36 konstitutionella//JJ|POS|UTR/NEU|PLU|IND/DEF|NOM//conj//34 principerna//NN|UTR|PLU|DEF|NOM//nmod//30 återfinns//VB|PRS|SFO//parataxis//3 i//PP//case//40 regeringsformen//NN|UTR|SIN|DEF|NOM//obl//38 .//MAD//punct//38
Värden, välfärdsstat, vardagsliv;Där//AB//advmod//43 återges//VB|PRS|SFO//parataxis//38 den//DT|UTR|SIN|DEF//det//46 gemensamma//JJ|POS|UTR/NEU|SIN|DEF|NOM//amod//46 referensram//NN|UTR|SIN|IND|NOM//nsubj:pass//43 som//HP|-|-|-//nsubj//50 ytterst//AB|SUV//advmod//50 ska//VB|PRS|AKT//aux//50 hjälpa//VB|INF|AKT//acl:relcl//46 oss//PN|UTR|PLU|DEF|OBJ//obj//50 att//IE//mark//54 fredligt//AB|POS//advmod//54 lösa//VB|INF|AKT//xcomp//50 de//DT|UTR/NEU|PLU|DEF//det//56 konflikter//NN|UTR|PLU|IND|NOM//obj//54 som//HP|-|-|-//nsubj//58 uppstår//VB|PRS|AKT//acl:relcl//56 och//KN//cc//61 de//DT|UTR/NEU|PLU|DEF//det//61 principer//NN|UTR|PLU|IND|NOM//conj//56 som//HP|-|-|-//nsubj//64 ska//VB|PRS|AKT//aux//64 ligga//VB|INF|AKT//acl:relcl//61 till//PP//case//69 grund//NN|UTR|SIN|IND|NOM//fixed//65 för//PP//fixed//65 statens//NN|UTR|SIN|DEF|GEN//nmod:poss//69 handlande//NN|NEU|SIN|IND|NOM//obl//64 .//MAD//punct//43
Värden, välfärdsstat, vardagsliv;Värden//NN|NEU|PLU|IND|NOM//parataxis//43 och//KN//cc//73 principer//NN|UTR|PLU|IND|NOM//conj//71 som//HP|-|-|-//nsubj:pass//75 uttrycks//VB|PRS|SFO//acl:relcl//73 i//PP//case//77 regeringsformen//NN|UTR|SIN|DEF|NOM//obl//75 och//KN//cc//81 i//PP//case//81 internationella//JJ|POS|UTR/NEU|PLU|IND/DEF|NOM//amod//81 konventioner//NN|UTR|PLU|IND|NOM//conj//75 som//HP|-|-|-//obl//84 Sverige//PM|NOM//nsubj//84 anslutit//VB|SUP|AKT//acl:relcl//81 sig//PN|UTR/NEU|SIN/PLU|DEF|OBJ//obj//84 till//PP//case//82 ,//MID//punct//88 blir//VB|PRS|AKT//conj//43 i//PP//case//91 vårt//PS|NEU|SIN|DEF//nmod:poss//91 förslag//NN|NEU|SIN|IND|NOM//obl//88 utgångspunkten//NN|UTR|SIN|DEF|NOM//xcomp//88 vid//PP//case//94 behandlingen//NN|UTR|SIN|DEF|NOM//nmod//92 av//PP//case//96 aspekten//NN|UTR|SIN|DEF|NOM//nmod//94 ”//RG|NOM//punct//98 värden//NN|NEU|PLU|IND|NOM//nmod//94 ”//RG|NOM//punct//43 .//MAD//punct//38
Värden, välfärdsstat, vardagsliv;Vid//PP//case//104 sidan//NN|UTR|SIN|DEF|NOM//fixed//101 av//PP//fixed//101 värden//NN|NEU|PLU|IND|NOM//obl//38 ska//VB|PRS|AKT//conj//3 samhällsorienteringen//NN|UTR|SIN|DEF|NOM//obj//105 som//HP|-|-|-//nsubj:pass//108 nämnts//VB|SUP|SFO//acl:relcl//106 även//AB//advmod//110 innehålla//VB|INF|AKT//amod//111 vardagskunskap//NN|UTR|SIN|IND|NOM//obj//108 av//PP//case//114 praktisk//JJ|POS|UTR|SIN|IND|NOM//amod//114 natur//NN|UTR|SIN|IND|NOM//nmod//111 liksom//PP//mark//119 institutionella//JJ|POS|UTR/NEU|PLU|IND/DEF|NOM//amod//119 och//KN//cc//118 organisatoriska//JJ|POS|UTR/NEU|PLU|IND/DEF|NOM//conj//116 aspekter//NN|UTR|PLU|IND|NOM//obl//108 av//PP//case//121 demokrati//NN|UTR|SIN|IND|NOM//nmod//119 och//KN//cc//123 välfärdsstat//NN|UTR|SIN|IND|NOM//conj//121 .//MAD//punct//3
Värden, välfärdsstat, vardagsliv;Också//AB//advmod//4 andra//JJ|POS|UTR/NEU|PLU|IND/DEF|NOM//amod//4 viktiga//JJ|POS|UTR/NEU|PLU|IND/DEF|NOM//amod//4 principiella//JJ|POS|UTR/NEU|PLU|IND/DEF|NOM//amod//4 utgångspunkter//NN|UTR|PLU|IND|NOM//nsubj//9 för//PP//case//7 vårt//PS|NEU|SIN|DEF//nmod:poss//7 förslag//NN|NEU|SIN|IND|NOM//nmod//4 ,//MID//punct//4 hämtar//VB|PRS|AKT//ROOT//9 näring//NN|UTR|SIN|IND|NOM//obj//9 ur//PP//case//12 regeringsformen//NN|UTR|SIN|DEF|NOM//obl//9 .//MAD//punct//9
Värden, välfärdsstat, vardagsliv;Samhällsorienteringen//NN|UTR|SIN|DEF|NOM//nsubj:pass//16 ska//VB|PRS|AKT//aux//16 präglas//VB|INF|SFO//parataxis//9 av//PP//case//18 likabehandling//NN|UTR|SIN|IND|NOM//obl:agent//16 och//KN//cc//20 respekt//NN|UTR|SIN|IND|NOM//conj//18 för//PP//case//24 de//DT|UTR/NEU|PLU|DEF//det//24 enskilda//JJ|POS|UTR/NEU|PLU|IND/DEF|NOM//amod//24 deltagarna//NN|UTR|PLU|DEF|NOM//obl//16 .//MAD//punct//16
Värden, välfärdsstat, vardagsliv;Vi//PN|UTR|PLU|DEF|SUB//nsubj//28 vill//VB|PRS|AKT//aux//28 säkra//VB|INF|AKT//parataxis//16 den//DT|UTR|SIN|DEF//det//31 viktiga//JJ|POS|UTR/NEU|SIN|DEF|NOM//amod//31 medborgarresurs//NN|UTR|SIN|IND|NOM//obj//28 som//KN//mark//33 kunskap//NN|UTR|SIN|IND|NOM//acl//31 om//PP//case//38 samhällets//NN|NEU|SIN|DEF|GEN//nmod:poss//38 grundläggande//PC|PRS|UTR/NEU|SIN/PLU|IND/DEF|NOM//amod//38 etiska//JJ|POS|UTR/NEU|PLU|IND/DEF|NOM//amod//38 principer//NN|UTR|PLU|IND|NOM//nmod//33 och//KN//cc//41 organisatoriska//JJ|POS|UTR/NEU|SIN|DEF|NOM//amod//41 uppbyggnad//NN|UTR|SIN|IND|NOM//nsubj//42 utgör//VB|PRS|AKT//acl:relcl//31 .//MAD//punct//42
Värden, välfärdsstat, vardagsliv;Syftet//NN|NEU|SIN|DEF|NOM//parataxis//42 med//PP//case//46 samhällsorienteringen//NN|UTR|SIN|DEF|NOM//nmod//44 är//VB|PRS|AKT//cop//44 att//IE//mark//49 stärka//VB|INF|AKT//acl//44 deltagarnas//NN|UTR|PLU|DEF|GEN//nmod:poss//51 förmåga//NN|UTR|SIN|IND|NOM//obj//49 att//IE//mark//53 forma//VB|INF|AKT//advcl//49 inte//AB//advmod//53 bara//AB//advmod//53 sina//PS|UTR/NEU|PLU|DEF//nmod:poss//58 egna//JJ|POS|UTR/NEU|PLU|IND/DEF|NOM//amod//58 liv//NN|NEU|PLU|IND|NOM//obj//53 utan//KN//cc//61 också//AB//advmod//61 delta//VB|INF|AKT//conj//49 i//PP//case//63 formandet//NN|NEU|SIN|DEF|NOM//obl//61 av//PP//case//67 det//DT|NEU|SIN|DEF//det//67 svenska//JJ|POS|UTR/NEU|SIN|DEF|NOM//amod//67 samhället//NN|NEU|SIN|DEF|NOM//nmod//63 .//MID//punct//28
Värden, välfärdsstat, vardagsliv;Det//PN|NEU|SIN|DEF|SUB/OBJ//nsubj//71 ska//VB|PRS|AKT//aux//71 ske//VB|INF|AKT//conj//28 genom//PP//mark//74 att//IE//mark//74 ge//VB|INF|AKT//advcl//71 en//DT|UTR|SIN|IND//det//77 solid//JJ|POS|UTR|SIN|IND|NOM//amod//77 grund//NN|UTR|SIN|IND|NOM//obj//74 för//PP//case//80 personliga//JJ|POS|UTR/NEU|PLU|IND/DEF|NOM//amod//80 ställningstaganden//NN|NEU|PLU|IND|NOM//obl//74 präglade//PC|PRF|UTR/NEU|PLU|IND/DEF|NOM//advcl//71 av//PP//case//83 reflektion//NN|UTR|SIN|IND|NOM//obl//81 och//KN//cc//85 insikt//NN|UTR|SIN|IND|NOM//conj//83 .//MAD//punct//9

