Uppdraget;Mitt//PS|NEU|SIN|DEF//nmod:poss//1 uppdrag//NN|NEU|SIN|IND|NOM//nsubj//3 har//VB|PRS|AKT//aux//3 varit//VB|SUP|AKT//ROOT//3 att//IE//mark//5 lämna//VB|INF|AKT//xcomp//3 förslag//NN|NEU|SIN|IND|NOM//obj//5 till//PP//mark//13 hur//HA//advmod//13 resenärsrättigheter//NN|UTR|PLU|IND|NOM//nsubj:pass//13 i//PP//case//11 kollektivtrafiken//NN|UTR|SIN|DEF|NOM//nmod//9 kan//VB|PRS|AKT//aux//13 stärkas//VB|INF|SFO//acl//6 i//PP//case//17 den//DT|UTR|SIN|DEF//det//17 svenska//JJ|POS|UTR/NEU|SIN|DEF|NOM//amod//17 lagstiftningen//NN|UTR|SIN|DEF|NOM//obl//13 .//MAD//punct//3
Uppdraget;I//PP//case//20 uppdraget//NN|NEU|SIN|DEF|NOM//obl//22 har//VB|PRS|AKT//aux//22 ingått//VB|SUP|AKT//parataxis//3 att//IE//mark//24 föreslå//VB|INF|AKT//xcomp//22 bestämmelser//NN|UTR|PLU|IND|NOM//obj//24 om//PP//case//27 kompensation//NN|UTR|SIN|IND|NOM//nmod//25 och//KN//cc//29 assistans//NN|UTR|SIN|IND|NOM//conj//27 vid//PP//case//31 förseningar//NN|UTR|PLU|IND|NOM//obl//24 och//KN//cc//33 störningar//NN|UTR|PLU|IND|NOM//conj//31 i//PP//case//35 trafiken//NN|UTR|SIN|DEF|NOM//nmod//33 .//MAD//punct//22
Uppdraget;Särskild//PC|PRF|UTR|SIN|IND|NOM//amod//38 vikt//NN|UTR|SIN|IND|NOM//nsubj:pass//42 skulle//VB|PRT|AKT//aux//42 enligt//PP//case//41 direktiven//NN|NEU|PLU|DEF|NOM//obl//42 fästas//VB|PRS|SFO//conj//22 vid//PP//case//44 behoven//NN|NEU|PLU|DEF|NOM//obl//42 hos//PP//case//46 resenärer//NN|UTR|PLU|IND|NOM//nmod//44 med//PP//case//48 funktionsnedsättning//NN|UTR|SIN|IND|NOM//nmod//46 .//MAD//punct//22
Uppdraget;I//PP//case//51 direktiven//NN|NEU|PLU|DEF|NOM//obl//52 angavs//VB|PRT|SFO//parataxis//22 även//AB//mark//63 att//SN//mark//63 gällande//PC|PRS|UTR/NEU|SIN/PLU|IND/DEF|NOM//amod//58 och//KN//cc//57 föreslagen//PC|PRF|UTR|SIN|IND|NOM//conj//55 gemenskapsreglering//NN|UTR|SIN|IND|NOM//nsubj:pass//63 på//PP//case//60 området//NN|NEU|SIN|DEF|NOM//nmod//58 särskilt//AB//advmod//63 skulle//VB|PRT|AKT//aux//63 beaktas//VB|INF|SFO//advcl//52 .//MAD//punct//22
Uppdraget;Slutligen//AB//advmod//66 ingick//VB|PRT|AKT//conj//3 i//PP//case//69 mitt//PS|NEU|SIN|DEF//nmod:poss//69 uppdrag//NN|NEU|SIN|IND|NOM//obl//66 att//IE//mark//71 genomföra//VB|INF|AKT//acl//69 en//DT|UTR|SIN|IND//det//73 översyn//NN|UTR|SIN|IND|NOM//obj//71 av//PP//case//75 regelverket//NN|NEU|SIN|DEF|NOM//nmod//73 om//PP//case//78 administrativa//JJ|POS|UTR/NEU|PLU|IND/DEF|NOM//amod//78 sanktioner//NN|UTR|PLU|IND|NOM//nmod//75 mot//PP//case//80 resenärer//NN|UTR|PLU|IND|NOM//nmod//78 som//HP|-|-|-//nsubj//82 bryter//VB|PRS|AKT//acl:relcl//80 mot//PP//case//84 skyldigheten//NN|UTR|SIN|DEF|NOM//obl//82 att//IE//mark//86 betala//VB|INF|AKT//acl//84 avgift//NN|UTR|SIN|IND|NOM//obj//86 i//PP//case//89 kollektivtrafiken//NN|UTR|SIN|DEF|NOM//obl//86 .//MAD//punct//66

Lag om resenärers rättigheter i lokal och regional kollektivtrafik;Mitt//PS|NEU|SIN|DEF//nmod:poss//1 förslag//NN|NEU|SIN|IND|NOM//nsubj:pass//13 till//PP//case//3 lag//NN|UTR|SIN|IND|NOM//nmod//1 om//PP//case//6 resenärers//NN|UTR|PLU|IND|GEN//nmod:poss//6 rättigheter//NN|UTR|PLU|IND|NOM//nmod//3 i//PP//case//8 lokal//JJ|POS|UTR|SIN|IND|NOM//nmod//6 och//KN//cc//10 regional//JJ|POS|UTR|SIN|IND|NOM//amod//11 kollektivtrafik//NN|UTR|SIN|IND|NOM//conj//8 ska//VB|PRS|AKT//aux//13 tillämpas//VB|INF|SFO//ROOT//13 på//PP//case//15 lokal//JJ|POS|UTR|SIN|IND|NOM//obl//13 och//KN//cc//17 regional//JJ|POS|UTR|SIN|IND|NOM//amod//18 kollektivtrafik//NN|UTR|SIN|IND|NOM//conj//15 med//PP//case//20 buss//NN|UTR|SIN|IND|NOM//nmod//18 ,//MID//punct//22 båt//NN|UTR|SIN|IND|NOM//conj//20 ,//MID//punct//24 spårvagn//NN|UTR|SIN|IND|NOM//conj//20 ,//MID//punct//26 taxi//NN|UTR|SIN|IND|NOM//conj//20 ,//MID//punct//28 tunnelbana//NN|UTR|SIN|IND|NOM//conj//20 och//KN//cc//30 tåg//NN|NEU|SIN|IND|NOM//conj//20 .//MAD//punct//13
Lag om resenärers rättigheter i lokal och regional kollektivtrafik;Lagen//NN|UTR|SIN|DEF|NOM//nsubj//5 ska//VB|PRS|AKT//aux//5 till//PP//case//4 sin//PS|UTR|SIN|DEF//nmod:poss//4 konstruktion//NN|UTR|SIN|IND|NOM//obl//5 utgöra//VB|INF|AKT//ROOT//5 ett//DT|NEU|SIN|IND//det//7 komplement//NN|NEU|SIN|IND|NOM//obj//5 till//PP//case//9 EGförordningen//NN|UTR|SIN|DEF|NOM//nmod//7 som//HP|-|-|-//nsubj//11 rör//VB|PRS|AKT//acl:relcl//9 tågresenärer//NN|UTR|PLU|IND|NOM//obj//11 och//KN//cc//16 de//DT|UTR/NEU|PLU|DEF//det//16 föreslagna//PC|PRF|UTR/NEU|PLU|IND/DEF|NOM//amod//16 förordningarna//NN|UTR|PLU|DEF|NOM//conj//12 gällande//PC|PRS|UTR/NEU|SIN/PLU|IND/DEF|NOM//amod//18 busstransporter//NN|UTR|PLU|IND|NOM//nmod//16 och//KN//cc//20 transporter//NN|UTR|PLU|IND|NOM//conj//18 till//PP//case//22 sjöss//NN|-|-|-|-//nmod//20 och//KN//cc//26 på//PP//case//26 inre//JJ|KOM|UTR/NEU|SIN/PLU|IND/DEF|NOM//amod//26 vattenvägar//NN|UTR|PLU|IND|NOM//conj//22 .//MAD//punct//5
Lag om resenärers rättigheter i lokal och regional kollektivtrafik;Lagen//NN|UTR|SIN|DEF|NOM//nsubj:pass//30 ska//VB|PRS|AKT//aux//30 tillämpas//VB|INF|SFO//parataxis//5 på//PP//case//33 den//DT|UTR|SIN|DEF//det//33 trafik//NN|UTR|SIN|IND|NOM//obl//30 som//HP|-|-|-//obj//36 Sverige//PM|NOM//nsubj//36 kan//VB|PRS|AKT//acl:relcl//33 och//KN//cc//38 väljer//VB|PRS|AKT//conj//36 att//IE//mark//40 undanta//VB|INF|AKT//xcomp//38 från//PP//case//43 EG-förordningarnas//NN|UTR|PLU|DEF|GEN//nmod:poss//43 tillämpningsområde//NN|NEU|SIN|IND|NOM//obl//40 .//MAD//punct//5
Lag om resenärers rättigheter i lokal och regional kollektivtrafik;Kollektivtrafik//NN|UTR|SIN|IND|NOM//nsubj:pass//7 med//PP//case//2 spårvagn//NN|UTR|SIN|IND|NOM//nmod//0 ,//MID//punct//4 taxi//NN|UTR|SIN|IND|NOM//conj//2 och//KN//cc//6 tunnelbana//NN|UTR|SIN|IND|NOM//conj//2 regleras//VB|PRS|SFO//ROOT//7 inte//AB//advmod//7 i//PP//case//10 EG-rätten//NN|UTR|SIN|DEF|NOM//obl//7 men//KN//cc//12 föreslås//VB|PRS|SFO//conj//7 ingå//VB|INF|AKT//xcomp//12 i//PP//case//17 den//DT|UTR|SIN|DEF//det//17 nationella//JJ|POS|UTR/NEU|SIN|DEF|NOM//amod//17 lagen//NN|UTR|SIN|DEF|NOM//obl//13 .//MAD//punct//7
Lag om resenärers rättigheter i lokal och regional kollektivtrafik;Även//AB//advmod//20 samordnad//PC|PRF|UTR|SIN|IND|NOM//amod//22 anropsstyrd//PC|PRF|UTR|SIN|IND|NOM//amod//22 kollektivtrafik//NN|UTR|SIN|IND|NOM//obl//7 ,//MID//punct//22 till//PP//advmod//26 exempel//NN|NEU|SIN|IND|NOM//fixed//24 färdtjänst//NN|UTR|SIN|IND|NOM//conj//22 och//KN//cc//28 sjukresor//NN|UTR|PLU|IND|NOM//conj//26 ,//MID//punct//7 ska//VB|PRS|AKT//aux//31 omfattas//VB|INF|SFO//conj//7 av//PP//case//34 lagens//NN|UTR|SIN|DEF|GEN//nmod:poss//34 tillämpningsområde//NN|NEU|SIN|IND|NOM//obl:agent//31 .//MAD//punct//7
Lag om resenärers rättigheter i lokal och regional kollektivtrafik;Lagen//NN|UTR|SIN|DEF|NOM//nsubj//3 ska//VB|PRS|AKT//aux//3 vara//VB|INF|AKT//cop//3 tvingande//PC|PRS|UTR/NEU|SIN/PLU|IND/DEF|NOM//ROOT//3 till//PP//case//6 resenärens//NN|UTR|SIN|DEF|GEN//nmod:poss//6 fördel//NN|UTR|SIN|IND|NOM//obl//3 .//MAD//punct//3
Lag om resenärers rättigheter i lokal och regional kollektivtrafik;Av//PP//case//9 detta//PN|NEU|SIN|DEF|SUB/OBJ//obl//10 följer//VB|PRS|AKT//conj//3 att//SN//mark//22 avtalsvillkor//NN|UTR|PLU|IND|NOM//nsubj//22 som//HP|-|-|-//nsubj//14 avviker//VB|PRS|AKT//acl:relcl//12 från//PP//case//16 bestämmelser//NN|UTR|PLU|IND|NOM//obl//14 i//PP//case//19 mitt//PS|NEU|SIN|DEF//nmod:poss//19 lagförslag//NN|NEU|SIN|IND|NOM//nmod//16 endast//AB//advmod//22 ska//VB|PRS|AKT//aux//22 gälla//VB|INF|AKT//ccomp//10 om//SN//mark//27 de//PN|UTR/NEU|PLU|DEF|SUB//nsubj//27 är//VB|PRS|AKT//cop//27 till//PP//case//27 fördel//NN|UTR|SIN|IND|NOM//obl//22 för//PP//case//29 resenären//NN|UTR|SIN|DEF|NOM//nmod//27 .//MAD//punct//3

Rätt till information;När//HA//case//4 det//PN|NEU|SIN|DEF|SUB/OBJ//fixed//0 gäller//VB|PRS|AKT//fixed//0 resenärers//NN|UTR|PLU|IND|GEN//nmod:poss//4 rätt//NN|UTR|SIN|IND|NOM//obl//7 till//PP//case//6 information//NN|UTR|SIN|IND|NOM//nmod//4 föreslår//VB|PRS|AKT//ROOT//7 jag//PN|UTR|SIN|DEF|SUB//nsubj//7 att//SN//mark//11 ansvaret//NN|NEU|SIN|DEF|NOM//nsubj:pass//11 delas//VB|PRS|SFO//ccomp//7 upp//PL//compound:prt//11 på//PP//case//14 transportörer//NN|UTR|PLU|IND|NOM//obl//11 och//KN//cc//16 förvaltare//NN|UTR|PLU|IND|NOM//conj//14 av//PP//case//18 bytespunkter//NN|UTR|PLU|IND|NOM//nmod//16 .//MAD//punct//7
Rätt till information;Informationen//NN|UTR|SIN|DEF|NOM//nsubj:pass//22 ska//VB|PRS|AKT//aux//22 lämnas//VB|INF|SFO//parataxis//7 i//PP//case//25 den//DT|UTR|SIN|DEF//det//25 form//NN|UTR|SIN|IND|NOM//obl//22 som//HP|-|-|-//nsubj//29 är//VB|PRS|AKT//cop//29 mest//AB|SUV//advmod//29 lämplig//JJ|POS|UTR|SIN|IND|NOM//acl:relcl//25 .//MID//punct//22
Rätt till information;När//HA//mark//33 informationen//NN|UTR|SIN|DEF|NOM//nsubj:pass//33 lämnas//VB|PRS|SFO//advcl//37 ska//VB|PRS|AKT//aux//37 särskild//PC|PRF|UTR|SIN|IND|NOM//amod//36 vikt//NN|UTR|SIN|IND|NOM//nsubj:pass//37 läggas//VB|INF|SFO//advcl//22 vid//PP//case//39 behoven//NN|NEU|PLU|DEF|NOM//obl//37 hos//PP//case//41 personer//NN|UTR|PLU|IND|NOM//nmod//39 med//PP//case//43 funktionshinder//NN|NEU|PLU|IND|NOM//nmod//41 eller//KN//cc//46 nedsatt//PC|PRF|UTR|SIN|IND|NOM//amod//46 rörlighet//NN|UTR|SIN|IND|NOM//conj//43 .//MAD//punct//22
Rätt till information;Transportören//NN|UTR|SIN|DEF|NOM//nsubj//4 ska//VB|PRS|AKT//aux//4 före//PP//case//3 resan//NN|UTR|SIN|DEF|NOM//obl//4 lämna//VB|INF|AKT//ROOT//4 information//NN|UTR|SIN|IND|NOM//obj//4 till//PP//case//7 resenären//NN|UTR|SIN|DEF|NOM//obl//4 om//PP//case//9 resenärsrättigheter//NN|UTR|SIN|IND|NOM//nmod//7 enligt//PP//case//11 lag//NN|UTR|SIN|IND|NOM//nmod//9 ,//MID//punct//13 avtalsvillkor//NN|UTR|PLU|IND|NOM//conj//11 ,//MID//punct//15 biljettpriser//NN|UTR|PLU|IND|NOM//conj//11 ,//MID//punct//17 tidtabeller//NN|UTR|PLU|IND|NOM//conj//11 ,//MID//punct//19 linjesträckning//NN|UTR|SIN|IND|NOM//conj//11 ,//MID//punct//21 störningar//NN|UTR|PLU|IND|NOM//conj//11 ,//MID//punct//23 fordon//NN|NEU|PLU|IND|NOM//conj//11 och//KN//cc//26 bytespunkters//NN|UTR|PLU|IND|GEN//nmod:poss//26 tillgänglighet//NN|UTR|SIN|IND|NOM//conj//11 ,//MID//punct//33 samt//KN//cc//33 hur//HA//advmod//30 ansvarig//JJ|POS|UTR|SIN|IND|NOM//amod//31 transportör//NN|UTR|SIN|IND|NOM//nsubj:pass//33 kan//VB|PRS|AKT//aux//33 kontaktas//VB|INF|SFO//conj//4 .//MAD//punct//33
Rätt till information;Under//PP//case//36 resan//NN|UTR|SIN|DEF|NOM//obl//39 ska//VB|PRS|AKT//aux//39 transportören//NN|UTR|SIN|DEF|NOM//nsubj//39 lämna//VB|INF|AKT//conj//4 information//NN|UTR|SIN|IND|NOM//obj//39 om//PP//case//43 nästa//JJ|POS|UTR/NEU|SIN/PLU|IND/DEF|NOM//amod//43 bytespunkt//NN|UTR|SIN|IND|NOM//nmod//40 och//KN//cc//45 störningar//NN|UTR|PLU|IND|NOM//conj//43 .//MAD//punct//4
Rätt till information;För//PP//mark//2 att//IE//mark//2 möjliggöra//VB|INF|AKT//advcl//13 för//PP//case//4 transportörerna//NN|UTR|PLU|DEF|NOM//obl//2 att//IE//mark//6 lämna//VB|INF|AKT//xcomp//2 information//NN|UTR|SIN|IND|NOM//obj//6 om//PP//case//10 bytespunkternas//NN|UTR|PLU|DEF|GEN//nmod:poss//10 tillgänglighet//NN|UTR|SIN|IND|NOM//nmod//7 har//VB|PRS|AKT//aux//13 jag//PN|UTR|SIN|DEF|SUB//nsubj//13 föreslagit//VB|SUP|AKT//ROOT//13 att//SN//mark//20 förvaltare//NN|UTR|PLU|IND|NOM//nsubj//20 av//PP//case//17 bytespunkter//NN|UTR|PLU|IND|NOM//nmod//15 ska//VB|PRS|AKT//aux//20 vara//VB|INF|AKT//cop//20 skyldiga//JJ|POS|UTR/NEU|PLU|IND/DEF|NOM//ccomp//13 att//IE//mark//34 till//PP//case//23 regeringen//NN|UTR|SIN|DEF|NOM//obl//34 eller//KN//cc//26 den//DT|UTR|SIN|DEF//det//26 myndighet//NN|UTR|SIN|IND|NOM//conj//23 regeringen//NN|UTR|SIN|DEF|NOM//nsubj//28 bestämmer//VB|PRS|AKT//acl:relcl//26 lämna//VB|INF|AKT//xcomp//28 sådan//JJ|POS|UTR|SIN|IND|NOM//amod//31 information//NN|UTR|SIN|IND|NOM//obj//29 .//MAD//punct//23
Rätt till information;Skyldigheten//NN|UTR|SIN|DEF|NOM//conj//23 gäller//VB|PRS|AKT//csubj//20 även//AB//advmod//34 avvikelser//NN|UTR|PLU|IND|NOM//obj//34 i//PP//case//39 bytespunktens//NN|UTR|SIN|DEF|GEN//nmod:poss//39 tillgänglighet//NN|UTR|SIN|IND|NOM//nmod//36 .//MAD//punct//13
Rätt till information;Förvaltare//NN|UTR|PLU|IND|NOM//nsubj//6 av//PP//case//2 bytespunkter//NN|UTR|PLU|IND|NOM//nmod//0 ska//VB|PRS|AKT//aux//6 på//PP//case//5 bytespunkten//NN|UTR|SIN|DEF|NOM//obl//6 samordnat//VB|SUP|AKT//ROOT//6 informera//VB|INF|AKT//xcomp//6 om//PP//case//9 tidtabeller//NN|UTR|PLU|IND|NOM//obl//7 för//PP//case//12 den//DT|UTR|SIN|DEF//det//12 trafik//NN|UTR|SIN|IND|NOM//nmod//9 som//HP|-|-|-//nsubj//14 stannar//VB|PRS|AKT//acl:relcl//12 eller//KN//cc//16 avgår//VB|PRS|AKT//conj//14 från//PP//case//18 bytespunkten//NN|UTR|SIN|DEF|NOM//obl//16 .//MAD//punct//6
Rätt till information;Förvaltare//NN|UTR|PLU|IND|NOM//nsubj//28 av//PP//case//24 fullt//AB|POS//advmod//23 tillgängliga//JJ|POS|UTR/NEU|PLU|IND/DEF|NOM//amod//24 bytespunkter//NN|UTR|PLU|IND|NOM//nmod//20 ska//VB|PRS|AKT//aux//28 även//AB//advmod//28 vara//VB|INF|AKT//cop//28 skyldiga//JJ|POS|UTR/NEU|PLU|IND/DEF|NOM//parataxis//6 att//IE//mark//33 på//PP//case//31 bytespunkten//NN|UTR|SIN|DEF|NOM//obl//32 samordnat//VB|SUP|AKT//nsubj//33 informera//VB|INF|AKT//advcl//28 om//PP//case//35 resenärsrättigheter//NN|UTR|PLU|IND|NOM//obl//33 enligt//PP//case//37 lag//NN|UTR|SIN|IND|NOM//nmod//35 ,//MID//punct//39 störningar//NN|UTR|PLU|IND|NOM//conj//37 i//PP//case//41 trafiken//NN|UTR|SIN|DEF|NOM//nmod//39 och//KN//cc//44 på//PP//case//44 bytespunkten//NN|UTR|SIN|DEF|NOM//conj//37 ,//MID//punct//48 samt//KN//cc//48 bytespunktens//NN|UTR|SIN|DEF|GEN//nmod:poss//48 tillgänglighet//NN|UTR|SIN|IND|NOM//conj//33 .//MID//punct//48
Rätt till information;Att//SN//mark//52 informationen//NN|UTR|SIN|DEF|NOM//nsubj:pass//52 lämnas//VB|PRS|SFO//advcl//6 samordnat//PC|PRF|NEU|SIN|IND|NOM//dep//52 innebär//VB|PRS|AKT//advcl//6 att//SN//mark//57 informationen//NN|UTR|SIN|DEF|NOM//nsubj:pass//57 presenteras//VB|PRS|SFO//ccomp//54 på//PP//case//63 ett//DT|NEU|SIN|IND//det//63 samlat//PC|PRF|NEU|SIN|IND|NOM//amod//63 och//KN//cc//62 transportslagsövergripande//JJ|POS|UTR/NEU|SIN/PLU|IND/DEF|NOM//conj//60 sätt//NN|NEU|PLU|IND|NOM//obl//57 .//MAD//punct//6

Rättigheter vid förseningar;Om//SN//mark//5 ett//DT|NEU|SIN|IND//det//2 avbrott//NN|NEU|SIN|IND|NOM//nsubj//5 i//PP//case//4 trafiken//NN|UTR|SIN|DEF|NOM//nmod//2 uppgår//VB|PRS|AKT//advcl//18 ,//MID//punct//8 eller//KN//cc//8 beräknas//VB|PRS|SFO//conj//5 uppgå//VB|INF|AKT//xcomp//8 ,//MID//punct//15 till//PP//case//15 mer//AB|KOM//advmod//14 än//KN//fixed//12 60//RG|NOM//nummod//15 minuter//NN|UTR|PLU|IND|NOM//obl//5 har//VB|PRS|AKT//aux//18 jag//PN|UTR|SIN|DEF|SUB//nsubj//18 föreslagit//VB|SUP|AKT//ROOT//18 att//SN//mark//22 transportören//NN|UTR|SIN|DEF|NOM//nsubj//22 ska//VB|PRS|AKT//aux//22 anordna//VB|INF|AKT//ccomp//18 ersättningstrafik//NN|UTR|SIN|IND|NOM//obj//22 .//MAD//punct//18
Rättigheter vid förseningar;Vid//PP//case//28 ett//DT|NEU|SIN|IND//det//28 sådant//JJ|POS|NEU|SIN|IND|NOM//amod//28 avbrott//NN|NEU|SIN|IND|NOM//obl//31 i//PP//case//30 trafiken//NN|UTR|SIN|DEF|NOM//nmod//28 behöver//VB|PRS|AKT//parataxis//18 transportören//NN|UTR|SIN|DEF|NOM//nsubj//31 i//PP//case//35 vissa//JJ|POS|UTR/NEU|PLU|IND/DEF|NOM//amod//35 undantagsfall//NN|NEU|PLU|IND|NOM//obl//31 inte//AB//advmod//37 anordna//VB|INF|AKT//xcomp//31 ersättningstrafik//NN|UTR|SIN|IND|NOM//obj//37 .//MAD//punct//31
Rättigheter vid förseningar;Ersättningstrafik//NN|UTR|SIN|IND|NOM//nsubj//42 kan//VB|PRS|AKT//aux//42 innebära//VB|INF|AKT//parataxis//31 att//SN//mark//50 egna//JJ|POS|UTR/NEU|PLU|IND/DEF|NOM//amod//49 eller//KN//cc//48 en//DT|UTR|SIN|IND//det//48 annan//JJ|POS|UTR|SIN|IND|NOM//amod//48 transportörs//NN|UTR|SIN|IND|GEN//conj//44 fordon//NN|NEU|PLU|IND|NOM//nsubj:pass//50 sätts//VB|PRS|SFO//ccomp//42 in//PL//compound:prt//50 eller//KN//cc//57 att//SN//mark//57 ett//DT|NEU|SIN|IND//det//56 annat//JJ|POS|NEU|SIN|IND|NOM//amod//56 trafikslag//NN|NEU|SIN|IND|NOM//nsubj:pass//57 används//VB|PRS|SFO//conj//50 .//MAD//punct//18
Rättigheter vid förseningar;Transportören//NN|UTR|SIN|DEF|NOM//nsubj//62 är//VB|PRS|AKT//cop//62 inte//AB//advmod//62 skyldig//JJ|POS|UTR|SIN|IND|NOM//parataxis//18 att//IE//mark//64 anordna//VB|INF|AKT//advcl//62 ersättningstrafik//NN|UTR|SIN|IND|NOM//obj//64 om//PP//case//67 information//NN|UTR|SIN|IND|NOM//nmod//65 om//PP//case//71 fullgoda//JJ|POS|UTR/NEU|PLU|IND/DEF|NOM//amod//71 alternativa//JJ|POS|UTR/NEU|PLU|IND/DEF|NOM//amod//71 färdvägar//NN|UTR|PLU|IND|NOM//nmod//67 lämnas//VB|PRS|SFO//advcl//62 till//PP//case//74 resenärerna//NN|UTR|PLU|DEF|NOM//obl//72 .//MAD//punct//62
Rättigheter vid förseningar;Särskild//PC|PRF|UTR|SIN|IND|NOM//amod//77 hänsyn//NN|UTR|SIN|IND|NOM//nsubj:pass//79 ska//VB|PRS|AKT//aux//79 tas//VB|INF|SFO//conj//62 till//PP//case//81 möjligheten//NN|UTR|SIN|DEF|NOM//obl//79 för//PP//case//83 personer//NN|UTR|PLU|IND|NOM//nmod//81 med//PP//case//85 funktionshinder//NN|NEU|PLU|IND|NOM//nmod//83 eller//KN//cc//88 nedsatt//PC|PRF|UTR|SIN|IND|NOM//amod//88 rörlighet//NN|UTR|SIN|IND|NOM//conj//85 att//IE//mark//90 använda//VB|INF|AKT//advcl//79 sig//PN|UTR/NEU|SIN/PLU|DEF|OBJ//obj//90 av//PP//case//93 ersättningstrafiken//NN|UTR|SIN|DEF|NOM//obl//90 .//MAD//punct//62
Rättigheter vid förseningar;När//HA//mark//7 trafiken//NN|UTR|SIN|DEF|NOM//nsubj//7 är//VB|PRS|AKT//cop//7 mer//JJ|KOM|UTR/NEU|SIN/PLU|IND/DEF|NOM//advmod//5 än//KN//fixed//3 20//RG|NOM//nummod//6 minuter//NN|UTR|PLU|IND|NOM//obl//7 försenad//PC|PRF|UTR|SIN|IND|NOM//advcl//12 från//PP//case//9 avresetidpunkten//NN|UTR|SIN|DEF|NOM//obl//7 har//VB|PRS|AKT//aux//12 jag//PN|UTR|SIN|DEF|SUB//nsubj//12 föreslagit//VB|SUP|AKT//ROOT//12 att//SN//mark//16 resenären//NN|UTR|SIN|DEF|NOM//nsubj//16 ska//VB|PRS|AKT//aux//16 ha//VB|INF|AKT//ccomp//12 rätt//NN|UTR|SIN|IND|NOM//obj//16 till//PP//case//19 ersättning//NN|UTR|SIN|IND|NOM//obl//16 för//PP//case//21 resa//NN|UTR|SIN|IND|NOM//nmod//19 med//PP//case//24 annan//JJ|POS|UTR|SIN|IND|NOM//amod//24 transportör//NN|UTR|SIN|IND|NOM//obl//16 eller//KN//cc//26 taxi//NN|UTR|SIN|IND|NOM//conj//24 .//MID//punct//16
Rättigheter vid förseningar;Högsta//JJ|SUV|UTR/NEU|SIN/PLU|DEF|NOM//amod//29 kostnad//NN|UTR|SIN|IND|NOM//obj//16 med//PP//case//32 alternativt//JJ|POS|NEU|SIN|IND|NOM//amod//32 färdmedel//NN|NEU|SIN|IND|NOM//nmod//29 som//HP|-|-|-//nsubj:pass//34 ersätts//VB|PRS|SFO//acl:relcl//32 är//VB|PRS|AKT//cop//36 1/40//RG|NOM//punct//12 av//PP//case//38 basbeloppet//NN|NEU|SIN|DEF|NOM//nmod//36 enligt//PP//case//40 lagen//NN|UTR|SIN|DEF|NOM//obl//36 (//PAD//punct//42 1962:381//RG|NOM//nmod//40 )//PAD//punct//42 om//PP//case//46 allmän//JJ|POS|UTR|SIN|IND|NOM//amod//46 försäkring//NN|UTR|SIN|IND|NOM//nmod//40 ,//MID//punct//36 det//PN|NEU|SIN|DEF|SUB/OBJ//nsubj//50 vill//VB|PRS|AKT//aux//50 säga//VB|INF|AKT//conj//12 i//PP//advmod//50 dag//NN|UTR|SIN|IND|NOM//fixed//51 runt//AB//advmod//55 1//RG|NOM//nummod//55 000//RG|NOM//nummod//56 kronor//NN|UTR|PLU|IND|NOM//obj//50 .//MAD//punct//12
Rättigheter vid förseningar;En//DT|UTR|SIN|IND//det//1 resenär//NN|UTR|SIN|IND|NOM//nsubj//5 vars//HS|DEF//nmod:poss//3 ankomsttid//NN|UTR|SIN|IND|NOM//nsubj//5 är//VB|PRS|AKT//cop//5 försenad//PC|PRF|UTR|SIN|IND|NOM//ROOT//5 mer//AB|KOM//advmod//5 än//KN//case//9 60//RG|NOM//nummod//9 minuter//NN|UTR|PLU|IND|NOM//nmod//6 har//VB|PRS|AKT//aux//14 rätt//NN|UTR|SIN|IND|NOM//obj//10 till//PP//case//13 ersättning//NN|UTR|SIN|IND|NOM//obl//10 uppgående//PC|PRS|UTR/NEU|SIN/PLU|IND/DEF|NOM//conj//5 till//PP//case//18 två//RG|NOM//nummod//17 gånger//NN|UTR|PLU|IND|NOM//nmod//18 biljettpriset//NN|NEU|SIN|DEF|NOM//obl//14 eller//KN//cc//22 två//RG|NOM//nummod//21 gånger//NN|UTR|PLU|IND|NOM//nmod//22 egenavgiften//NN|UTR|SIN|DEF|NOM//conj//18 .//MAD//punct//5
Rättigheter vid förseningar;Det//PN|NEU|SIN|DEF|SUB/OBJ//nsubj//25 gäller//VB|PRS|AKT//conj//5 endast//AB//advmod//25 om//SN//mark//31 resenären//NN|UTR|SIN|DEF|NOM//nsubj//31 inte//AB//advmod//31 har//VB|PRS|AKT//aux//31 använt//VB|SUP|AKT//advcl//25 sig//PN|UTR/NEU|SIN/PLU|DEF|OBJ//obj//31 av//PP//case//34 möjligheten//NN|UTR|SIN|DEF|NOM//obl//31 till//PP//case//36 ersättning//NN|UTR|SIN|IND|NOM//nmod//34 för//PP//case//38 alternativ//NN|NEU|PLU|IND|NOM//nmod//36 resa//VB|INF|AKT//xcomp//31 med//PP//case//42 annan//JJ|POS|UTR|SIN|IND|NOM//amod//42 transportör//NN|UTR|SIN|IND|NOM//obl//39 eller//KN//cc//44 taxi//NN|UTR|SIN|IND|NOM//conj//42 .//MAD//punct//25
Rättigheter vid förseningar;Ersättning//NN|UTR|SIN|IND|NOM//nsubj:pass//48 ska//VB|PRS|AKT//aux//48 utbetalas//VB|INF|SFO//parataxis//25 inom//PP//case//51 tre//RG|NOM//nummod//51 månader//NN|UTR|PLU|IND|NOM//obl//48 från//PP//case//53 det//PN|NEU|SIN|DEF|SUB/OBJ//nmod//51 att//SN//mark//56 ersättning//NN|UTR|SIN|IND|NOM//nsubj:pass//56 begärts//VB|SUP|SFO//acl:relcl//51 .//MAD//punct//25
Rättigheter vid förseningar;Ersättningen//NN|UTR|SIN|DEF|NOM//nsubj:pass//63 ska//VB|PRS|AKT//aux//63 på//PP//case//62 resenärens//NN|UTR|SIN|DEF|GEN//nmod:poss//62 begäran//NN|UTR|SIN|IND|NOM//obl//63 betalas//VB|PRS|SFO//parataxis//25 kontant//AB|POS//xcomp//63 .//MAD//punct//25
Rättigheter vid förseningar;Transportören//NN|UTR|SIN|DEF|NOM//nsubj//8 är//VB|PRS|AKT//cop//8 enligt//PP//case//4 mitt//PS|NEU|SIN|DEF//nmod:poss//4 förslag//NN|NEU|SIN|IND|NOM//obl//8 i//PP//case//7 vissa//JJ|POS|UTR/NEU|PLU|IND/DEF|NOM//amod//7 situationer//NN|UTR|PLU|IND|NOM//nmod//4 fri//JJ|POS|UTR|SIN|IND|NOM//ROOT//8 från//PP//case//10 ansvar//NN|NEU|SIN|IND|NOM//obl//8 för//PP//case//12 förseningen//NN|UTR|SIN|DEF|NOM//obl//8 .//MAD//punct//8
Rättigheter vid förseningar;En//DT|UTR|SIN|IND//det//16 sådan//JJ|POS|UTR|SIN|IND|NOM//amod//16 situation//NN|UTR|SIN|IND|NOM//nsubj//17 är//VB|PRS|AKT//conj//8 om//SN//mark//21 förseningen//NN|UTR|SIN|DEF|NOM//nsubj:pass//21 har//VB|PRS|AKT//aux//21 orsakats//VB|SUP|SFO//ccomp//17 av//PP//case//23 väderförhållanden//NN|NEU|PLU|IND|NOM//obl//21 eller//KN//cc//26 andra//JJ|POS|UTR/NEU|PLU|IND/DEF|NOM//amod//26 omständigheter//NN|UTR|PLU|IND|NOM//conj//23 som//HP|-|-|-//obj//31 transportören//NN|UTR|SIN|DEF|NOM//nsubj//31 inte//AB//advmod//31 kunnat//VB|SUP|AKT//aux//31 undvika//VB|INF|AKT//acl:relcl//26 även//AB//mark//35 om//SN//fixed//32 transportören//NN|UTR|SIN|DEF|NOM//nsubj//35 vidtagit//VB|SUP|AKT//advcl//31 alla//DT|UTR/NEU|PLU|IND/DEF//det//37 åtgärder//NN|UTR|PLU|IND|NOM//obj//35 som//HP|-|-|-//nsubj:pass//42 rimligen//AB//advmod//42 hade//VB|PRT|AKT//aux//42 kunnat//VB|SUP|AKT//aux//42 krävas//VB|INF|SFO//acl:relcl//37 av//PP//case//44 denne//PN|MAS|SIN|DEF|SUB/OBJ//obl:agent//42 .//MAD//punct//8
Rättigheter vid förseningar;Transportören//NN|UTR|SIN|DEF|NOM//nsubj//49 är//VB|PRS|AKT//cop//49 även//AB//advmod//49 fri//JJ|POS|UTR|SIN|IND|NOM//conj//8 från//PP//case//51 ansvar//NN|NEU|SIN|IND|NOM//obl//49 vid//PP//case//53 förseningar//NN|UTR|PLU|IND|NOM//nmod//51 om//SN//mark//60 denne//PN|MAS|SIN|DEF|SUB/OBJ//nsubj//60 inom//PP//case//58 rimlig//JJ|POS|UTR|SIN|IND|NOM//amod//58 tid//NN|UTR|SIN|IND|NOM//obl//60 har//VB|PRS|AKT//aux//60 informerat//VB|SUP|AKT//advcl//49 resenärerna//NN|UTR|PLU|DEF|NOM//obj//60 om//PP//mark//66 att//SN//mark//66 förseningar//NN|UTR|PLU|IND|NOM//nsubj//66 kan//VB|PRS|AKT//aux//66 uppkomma//VB|INF|AKT//advcl//60 .//MAD//punct//8
Rättigheter vid förseningar;Transportören//NN|UTR|SIN|DEF|NOM//nsubj//75 har//VB|PRS|AKT//aux//75 trots//PP//case//72 dessa//DT|UTR/NEU|PLU|DEF//det//72 ansvarsbegränsningar//NN|UTR|PLU|IND|NOM//obl//75 alltid//AB//advmod//75 en//DT|UTR|SIN|IND//det//75 skyldighet//NN|UTR|SIN|IND|NOM//conj//8 att//IE//mark//77 fullfölja//VB|INF|AKT//acl//75 transporten//NN|UTR|SIN|DEF|NOM//obj//77 .//MAD//punct//8
Rättigheter vid förseningar;Detta//PN|NEU|SIN|DEF|SUB/OBJ//nsubj//84 behöver//VB|PRS|AKT//aux//84 dock//AB//advmod//84 inte//AB//advmod//84 ske//VB|INF|AKT//conj//8 inom//PP//case//87 fastställd//PC|PRF|UTR|SIN|IND|NOM//amod//87 tid//NN|UTR|SIN|IND|NOM//obl//84 .//MAD//punct//8
Rättigheter vid förseningar;Enligt//PP//case//2 mitt//PS|NEU|SIN|DEF//nmod:poss//2 förslag//NN|NEU|SIN|IND|NOM//obl//7 ska//VB|PRS|AKT//aux//7 resenären//NN|UTR|SIN|DEF|NOM//nsubj//7 inte//AB//advmod//7 kunna//VB|INF|AKT//aux//7 få//VB|INF|AKT//ROOT//7 ersättning//NN|UTR|SIN|IND|NOM//obj//7 för//PP//case//10 följdskador//NN|UTR|PLU|IND|NOM//obl//7 .//MAD//punct//7

Rättigheter för personer med funktionsnedsättning;Regleringen//NN|UTR|SIN|DEF|NOM//nsubj//12 av//PP//case//3 resenärers//NN|UTR|PLU|IND|GEN//nmod:poss//3 rättigheter//NN|UTR|PLU|IND|NOM//nmod//0 bör//VB|PRS|AKT//aux//12 i//PP//case//8 så//AB//advmod//7 stor//JJ|POS|UTR|SIN|IND|NOM//amod//8 utsträckning//NN|UTR|SIN|IND|NOM//obl//12 som//KN//mark//10 möjligt//JJ|POS|NEU|SIN|IND|NOM//advmod//12 vara//VB|INF|AKT//cop//12 generell//JJ|POS|UTR|SIN|IND|NOM//ROOT//12 .//MID//punct//12
Rättigheter för personer med funktionsnedsättning;Jag//PN|UTR|SIN|DEF|SUB//nsubj//15 har//VB|PRS|AKT//aux//20 emellertid//AB//advmod//20 inom//PP//case//19 vissa//JJ|POS|UTR/NEU|PLU|IND/DEF|NOM//amod//19 områden//NN|NEU|PLU|IND|NOM//obl//20 föreslagit//VB|SUP|AKT//conj//12 särskilda//PC|PRF|UTR/NEU|PLU|IND/DEF|NOM//amod//22 rättigheter//NN|UTR|PLU|IND|NOM//obj//20 för//PP//case//24 personer//NN|UTR|PLU|IND|NOM//obl//20 med//PP//case//26 funktionsnedsättning//NN|UTR|SIN|IND|NOM//nmod//24 .//MAD//punct//12
Rättigheter för personer med funktionsnedsättning;Transportörer//NN|UTR|PLU|IND|NOM//nsubj//6 i//PP//case//2 lokal//JJ|POS|UTR|SIN|IND|NOM//nmod//0 och//KN//cc//4 regional//JJ|POS|UTR|SIN|IND|NOM//amod//5 kollektivtrafik//NN|UTR|SIN|IND|NOM//conj//2 får//VB|PRS|AKT//ROOT//6 enligt//PP//case//9 mitt//PS|NEU|SIN|DEF//nmod:poss//9 förslag//NN|NEU|SIN|IND|NOM//obl//6 inte//AB//advmod//18 med//PP//case//14 hänvisning//NN|UTR|SIN|IND|NOM//fixed//11 till//PP//fixed//11 funktionshinder//NN|NEU|SIN|IND|NOM//obl//18 eller//KN//cc//17 nedsatt//PC|PRF|UTR|SIN|IND|NOM//amod//17 rörlighet//NN|UTR|SIN|IND|NOM//conj//14 neka//VB|INF|AKT//advcl//6 personer//NN|UTR|PLU|IND|NOM//nmod//20 ombordstigning//NN|UTR|SIN|IND|NOM//obj//18 om//SN//mark//23 personen//NN|UTR|SIN|DEF|NOM//nsubj//23 har//VB|PRS|AKT//advcl//18 en//DT|UTR|SIN|IND//det//26 giltig//JJ|POS|UTR|SIN|IND|NOM//amod//26 biljett//NN|UTR|SIN|IND|NOM//obj//23 eller//KN//cc//28 avser//VB|PRS|AKT//conj//23 köpa//VB|INF|AKT//xcomp//28 biljetten//NN|UTR|SIN|DEF|NOM//obj//29 ombord//AB//advmod//29 .//MAD//punct//6
Rättigheter för personer med funktionsnedsättning;Undantag//NN|NEU|SIN|IND|NOM//obj//6 från//PP//case//36 denna//DT|UTR|SIN|DEF//det//36 bestämmelse//NN|UTR|SIN|IND|NOM//nmod//33 får//VB|PRS|AKT//aux//39 endast//AB//advmod//39 göras//VB|INF|SFO//conj//6 om//SN//mark//42 transporten//NN|UTR|SIN|DEF|NOM//nsubj//42 strider//VB|PRS|AKT//obl//39 mot//PP//case//45 gällande//PC|PRS|UTR/NEU|SIN/PLU|IND/DEF|NOM//amod//45 säkerhetsbestämmelser//NN|UTR|PLU|IND|NOM//nmod//42 eller//KN//cc//48 med//PP//case//48 hänvisning//NN|UTR|SIN|IND|NOM//conj//45 till//PP//case//51 fordonets//NN|NEU|SIN|DEF|GEN//nmod:poss//51 storlek//NN|UTR|SIN|IND|NOM//nmod//48 eller//KN//cc//53 utformning//NN|UTR|SIN|IND|NOM//conj//51 .//MAD//punct//6
Rättigheter för personer med funktionsnedsättning;Jag//PN|UTR|SIN|DEF|SUB//nsubj//3 har//VB|PRS|AKT//aux//3 också//AB//advmod//3 föreslagit//VB|SUP|AKT//ROOT//3 att//SN//mark//11 transportören//NN|UTR|SIN|DEF|NOM//nsubj//11 vid//PP//case//7 behov//NN|NEU|SIN|IND|NOM//nmod//5 utan//PP//cc//9 avgift//NN|UTR|SIN|IND|NOM//nmod//7 ska//VB|PRS|AKT//aux//11 assistera//VB|INF|AKT//ccomp//3 resenärer//NN|UTR|PLU|IND|NOM//obj//11 med//PP//case//14 funktionshinder//NN|NEU|PLU|IND|NOM//nmod//12 eller//KN//cc//16 nedsatt//PC|PRF|UTR|SIN|IND|NOM//amod//17 rörlighet//NN|UTR|SIN|IND|NOM//conj//14 vid//PP//case//19 på-//NN|UTR|-|-|SMS//nmod//17 och//KN//cc//21 avstigning//NN|UTR|SIN|IND|NOM//conj//19 från//PP//case//23 färdmedlet//NN|NEU|SIN|DEF|NOM//nmod//21 .//MAD//punct//3
Rättigheter för personer med funktionsnedsättning;Ledsagning//NN|UTR|SIN|IND|NOM//nsubj:pass//2 ska//VB|PRS|AKT//aux//2 erbjudas//VB|INF|SFO//ROOT//2 på//PP//case//7 de//DT|UTR/NEU|PLU|DEF//det//7 fullt//AB|POS//advmod//6 tillgängliga//JJ|POS|UTR/NEU|PLU|IND/DEF|NOM//amod//7 bytespunkter//NN|UTR|PLU|IND|NOM//obl//2 som//HP|-|-|-//mark//10 kollektivtrafikansvarig//JJ|POS|UTR|SIN|IND|NOM//amod//10 myndighet//NN|UTR|SIN|IND|NOM//nmod//7 i//PP//case//12 länet//NN|NEU|SIN|DEF|NOM//nmod//10 utpekat//PC|PRF|NEU|SIN|IND|NOM//conj//2 .//MAD//punct//2
Rättigheter för personer med funktionsnedsättning;Förvaltare//NN|UTR|PLU|IND|NOM//nsubj//18 av//PP//case//17 bytespunkten//NN|UTR|SIN|DEF|NOM//nmod//15 ansvarar//VB|PRS|AKT//parataxis//2 för//PP//case//20 ledsagningen//NN|UTR|SIN|DEF|NOM//obl//18 .//MID//punct//2
Rättigheter för personer med funktionsnedsättning;Alla//DT|UTR/NEU|PLU|IND/DEF//det//23 personer//NN|UTR|PLU|IND|NOM//nsubj//31 som//HP|-|-|-//nsubj//26 själva//JJ|POS|UTR/NEU|PLU|IND/DEF|NOM//nsubj//26 upplever//VB|PRS|AKT//acl:relcl//23 sig//PN|UTR/NEU|SIN/PLU|DEF|OBJ//obj//26 ha//VB|INF|AKT//xcomp//26 behov//NN|NEU|PLU|IND|NOM//obj//28 ska//VB|PRS|AKT//aux//31 erbjudas//VB|INF|SFO//parataxis//2 ledsagning//NN|UTR|SIN|IND|NOM//obj//31 .//MAD//punct//2
Rättigheter för personer med funktionsnedsättning;Ledsagning//NN|UTR|SIN|IND|NOM//nsubj:pass//36 ska//VB|PRS|AKT//aux//36 erbjudas//VB|INF|SFO//parataxis//2 i//PP//case//39 rimlig//JJ|POS|UTR|SIN|IND|NOM//amod//39 omfattning//NN|UTR|SIN|IND|NOM//obl//36 under//PP//case//41 dygnet//NN|NEU|SIN|DEF|NOM//obl//36 och//KN//cc//45 ska//VB|PRS|AKT//aux//45 kunna//VB|INF|AKT//aux//45 beställas//VB|INF|SFO//conj//36 i//PP//advmod//45 förväg//NN|UTR|SIN|IND|NOM//fixed//46 .//MID//punct//36
Rättigheter för personer med funktionsnedsättning;Maximalt//AB|POS//amod//52 två//RG|NOM//nummod//51 timmars//NN|UTR|PLU|IND|GEN//nmod:poss//52 förbeställning//NN|UTR|SIN|IND|NOM//nsubj:pass//54 ska//VB|PRS|AKT//aux//54 tillämpas//VB|INF|SFO//conj//36 för//PP//mark//60 att//SN//mark//60 resenären//NN|UTR|SIN|DEF|NOM//nsubj//60 ska//VB|PRS|AKT//aux//60 kunna//VB|INF|AKT//aux//60 få//VB|INF|AKT//advcl//54 ledsagning//NN|UTR|SIN|IND|NOM//obj//60 på//PP//case//64 önskad//PC|PRF|UTR|SIN|IND|NOM//amod//64 tid//NN|UTR|SIN|IND|NOM//obl//60 .//MAD//punct//36
Rättigheter för personer med funktionsnedsättning;Ledsagning//NN|UTR|SIN|IND|NOM//nsubj//69 ska//VB|PRS|AKT//aux//69 även//AB//advmod//69 erbjudas//VB|INF|SFO//conj//36 utan//PP//case//71 förbokning//NN|UTR|SIN|IND|NOM//obl//69 och//KN//cc//75 enligt//PP//case//75 mitt//PS|NEU|SIN|DEF//nmod:poss//75 förslag//NN|NEU|SIN|IND|NOM//conj//71 ska//VB|PRS|AKT//aux//85 en//DT|UTR|SIN|IND//det//79 maximal//JJ|POS|UTR|SIN|IND|NOM//amod//79 väntetid//NN|UTR|SIN|IND|NOM//nsubj//85 i//PP//case//82 sådant//JJ|POS|NEU|SIN|IND|NOM//amod//82 fall//NN|NEU|SIN|IND|NOM//nmod//79 vara//VB|INF|AKT//cop//85 30//RG|NOM//nummod//85 minuter//NN|UTR|PLU|IND|NOM//conj//69 .//MAD//punct//2
Rättigheter för personer med funktionsnedsättning;För//PP//mark//2 att//IE//mark//2 tydliggöra//VB|INF|AKT//advcl//10 vilken//HD|UTR|SIN|IND//det//4 trafik//NN|UTR|SIN|IND|NOM//obj//2 förvaltaren//NN|UTR|SIN|DEF|NOM//nsubj//10 av//PP//case//8 en//DT|UTR|SIN|IND//det//8 bytespunkt//NN|UTR|SIN|IND|NOM//nmod//5 ska//VB|PRS|AKT//aux//10 informera//VB|INF|AKT//ROOT//10 om//PP//compound:prt//10 samt//KN//cc//21 mellan//PP//case//15 vilka//HD|UTR/NEU|PLU|IND//det//15 transporter//NN|UTR|PLU|IND|NOM//obl//21 som//HP|-|-|-//obl//19 ledsagningen//NN|UTR|SIN|DEF|NOM//nsubj//19 ska//VB|PRS|AKT//aux//19 äga//VB|INF|AKT//acl:relcl//15 rum//NN|NEU|SIN|IND|NOM//obj//19 anser//VB|PRS|AKT//conj//10 jag//PN|UTR|SIN|DEF|SUB//nsubj//21 att//SN//mark//39 den//DT|UTR|SIN|DEF//det//26 kollektivtrafikansvariga//JJ|POS|UTR/NEU|SIN|DEF|NOM//amod//26 myndigheten//NN|UTR|SIN|DEF|NOM//nsubj//39 i//PP//case//28 länet//NN|NEU|SIN|DEF|NOM//nmod//26 i//PP//case//30 samband//NN|NEU|SIN|IND|NOM//nmod//28 med//PP//case//32 utpekandet//NN|NEU|SIN|DEF|NOM//nmod//26 av//PP//case//36 fullt//AB|POS//advmod//35 tillgängliga//JJ|POS|UTR/NEU|PLU|IND/DEF|NOM//amod//36 bytespunkter//NN|UTR|PLU|IND|NOM//nmod//32 även//AB//advmod//39 ska//VB|PRS|AKT//aux//39 definiera//VB|INF|AKT//ccomp//21 vilket//HD|NEU|SIN|IND//det//42 geografiskt//JJ|POS|NEU|SIN|IND|NOM//amod//42 område//NN|NEU|SIN|IND|NOM//obj//39 som//HP|-|-|-//obj//45 bytespunkten//NN|UTR|SIN|DEF|NOM//nsubj//45 omfattar//VB|PRS|AKT//acl:relcl//42 .//MAD//punct//10

Klagomål, reklamation och preskription;Transportören//NN|UTR|SIN|DEF|NOM//nsubj//2 ska//VB|PRS|AKT//aux//2 inrätta//VB|INF|AKT//ROOT//2 ett//DT|NEU|SIN|IND//det//4 system//NN|NEU|SIN|IND|NOM//obj//2 för//PP//mark//7 att//IE//mark//7 hantera//VB|INF|AKT//acl//4 klagomål//NN|NEU|PLU|IND|NOM//obj//7 från//PP//case//10 resenärer//NN|UTR|PLU|IND|NOM//nmod//8 .//MAD//punct//2
Klagomål, reklamation och preskription;För//PP//mark//5 att//SN//fixed//0 resenären//NN|UTR|SIN|DEF|NOM//nsubj//5 ska//VB|PRS|AKT//aux//5 kunna//VB|INF|AKT//aux//5 ta//VB|INF|AKT//advcl//20 del//NN|UTR|SIN|IND|NOM//obj//5 av//PP//case//10 de//DT|UTR/NEU|PLU|DEF//det//10 föreslagna//PC|PRF|UTR/NEU|PLU|IND/DEF|NOM//amod//10 rättigheterna//NN|UTR|PLU|DEF|NOM//nmod//6 vid//PP//case//12 försening//NN|UTR|SIN|IND|NOM//nmod//10 måste//VB|PRS|AKT//aux//20 han//PN|UTR|SIN|DEF|SUB//nsubj//20 eller//KN//cc//16 hon//PN|UTR|SIN|DEF|SUB//conj//14 inom//PP//case//19 skälig//JJ|POS|UTR|SIN|IND|NOM//amod//19 tid//NN|UTR|SIN|IND|NOM//obl//20 reklamera//VB|INF|AKT//ROOT//20 transporten//NN|UTR|SIN|DEF|NOM//obj//20 .//MAD//punct//20
Klagomål, reklamation och preskription;Meddelande//NN|NEU|SIN|IND|NOM//nsubj:pass//41 som//HP|-|-|-//nsubj:pass//25 lämnas//VB|PRS|SFO//acl:relcl//23 inom//PP//case//28 en//DT|UTR|SIN|IND//det//28 månad//NN|UTR|SIN|IND|NOM//obl//25 efter//PP//case//31 den//DT|UTR|SIN|DEF//det//31 dag//NN|UTR|SIN|IND|NOM//obl//25 då//HA//advmod//34 transporten//NN|UTR|SIN|DEF|NOM//nsubj:pass//34 utfördes//VB|PRT|SFO//acl:relcl//31 eller//KN//cc//38 skulle//VB|PRT|AKT//aux//38 ha//VB|INF|AKT//aux//38 utförts//VB|SUP|SFO//conj//34 ska//VB|PRS|AKT//aux//41 alltid//AB//advmod//41 anses//VB|INF|SFO//parataxis//20 ha//VB|INF|AKT//aux//43 lämnats//VB|SUP|SFO//xcomp//41 i//PP//case//46 rätt//JJ|POS|UTR|SIN|IND|NOM//amod//46 tid//NN|UTR|SIN|IND|NOM//obl//43 .//MAD//punct//20
Klagomål, reklamation och preskription;För//PP//mark//5 att//SN//fixed//0 transportören//NN|UTR|SIN|DEF|NOM//nsubj//5 inte//AB//advmod//5 ska//VB|PRS|AKT//aux//5 behöva//VB|INF|AKT//advcl//6 utsättas//VB|INF|SFO//ROOT//6 för//PP//case//8 påföljder//NN|UTR|PLU|IND|NOM//obl//6 vid//PP//case//10 fel//NN|NEU|SIN|IND|NOM//nmod//8 under//PP//case//14 en//DT|UTR|SIN|IND//det//14 längre//JJ|KOM|UTR/NEU|SIN/PLU|IND/DEF|NOM//amod//14 tid//NN|UTR|SIN|IND|NOM//obl//19 efter//PP//case//16 transporten//NN|UTR|SIN|DEF|NOM//nmod//14 har//VB|PRS|AKT//aux//19 jag//PN|UTR|SIN|DEF|SUB//nsubj//19 föreslagit//VB|SUP|AKT//advcl//6 en//DT|UTR|SIN|IND//det//21 bestämmelse//NN|UTR|SIN|IND|NOM//obj//19 om//PP//case//23 preskription//NN|UTR|SIN|IND|NOM//nmod//21 .//MAD//punct//6
Klagomål, reklamation och preskription;Resenärens//PM|GEN//nmod:poss//26 rätt//NN|UTR|SIN|IND|NOM//nsubj//37 till//PP//case//28 talan//NN|UTR|SIN|IND|NOM//nmod//26 om//PP//case//30 ersättning//NN|UTR|SIN|IND|NOM//nmod//28 på//PP//case//35 grund//NN|UTR|SIN|IND|NOM//fixed//31 av//PP//fixed//31 en//DT|UTR|SIN|IND//det//35 försening//NN|UTR|SIN|IND|NOM//nmod//30 är//VB|PRS|AKT//cop//37 förlorad//PC|PRF|UTR|SIN|IND|NOM//parataxis//6 ,//MID//punct//44 om//SN//mark//44 inte//AB//advmod//44 talan//NN|UTR|SIN|IND|NOM//nsubj:pass//44 mot//PP//case//43 transportören//NN|UTR|SIN|DEF|NOM//nmod//41 väcks//VB|PRS|SFO//advcl//37 inom//PP//case//47 ett//DT|NEU|SIN|IND//det//47 år//NN|NEU|SIN|IND|NOM//obl//44 från//PP//case//50 den//DT|UTR|SIN|DEF//det//50 dag//NN|UTR|SIN|IND|NOM//obl//44 då//HA//advmod//53 transporten//NN|UTR|SIN|DEF|NOM//nsubj:pass//53 utfördes//VB|PRT|SFO//acl:relcl//50 eller//KN//cc//59 när//HA//mark//59 den//PN|UTR|SIN|DEF|SUB/OBJ//nsubj:pass//59 borde//VB|PRT|AKT//aux//59 ha//VB|INF|AKT//aux//59 utförts//VB|SUP|SFO//conj//53 .//MAD//punct//6

Tillsyn och marknadsrättsliga sanktioner;Konsumentverket//NN|NEU|SIN|DEF|NOM//nsubj//2 ska//VB|PRS|AKT//aux//2 utöva//VB|INF|AKT//ROOT//2 tillsyn//NN|UTR|SIN|IND|NOM//obj//2 över//PP//mark//9 att//SN//mark//9 bestämmelserna//NN|UTR|PLU|DEF|NOM//nsubj:pass//9 i//PP//case//8 lagförslaget//NN|NEU|SIN|DEF|NOM//nmod//6 följs//VB|PRS|SFO//advcl//2 avseende//PC|PRS|UTR/NEU|SIN/PLU|IND/DEF|NOM//amod//11 rätten//NN|UTR|SIN|DEF|NOM//obj//9 till//PP//case//13 information//NN|UTR|SIN|IND|NOM//nmod//11 och//KN//cc//15 skyldigheten//NN|UTR|SIN|DEF|NOM//conj//13 att//IE//mark//17 inneha//VB|INF|AKT//acl//15 ett//DT|NEU|SIN|IND//det//19 system//NN|NEU|SIN|IND|NOM//obj//17 för//PP//case//21 klagomål//NN|NEU|PLU|IND|NOM//obl//17 ,//MID//punct//24 samt//KN//cc//24 avseende//PC|PRS|UTR/NEU|SIN/PLU|IND/DEF|NOM//conj//17 särskilda//PC|PRF|UTR/NEU|PLU|IND/DEF|NOM//amod//26 rättigheter//NN|UTR|PLU|IND|NOM//obj//24 för//PP//case//28 personer//NN|UTR|PLU|IND|NOM//obl//24 med//PP//case//30 funktionshinder//NN|NEU|PLU|IND|NOM//nmod//28 eller//KN//cc//33 nedsatt//PC|PRF|UTR|SIN|IND|NOM//amod//33 rörlighet//NN|UTR|SIN|IND|NOM//conj//30 .//MAD//punct//2
Tillsyn och marknadsrättsliga sanktioner;En//DT|UTR|SIN|IND//det//1 transportör//NN|UTR|SIN|IND|NOM//nsubj:pass//15 eller//KN//cc//4 en//DT|UTR|SIN|IND//det//4 förvaltare//NN|UTR|SIN|IND|NOM//conj//1 av//PP//case//7 en//DT|UTR|SIN|IND//det//7 bytespunkt//NN|UTR|SIN|IND|NOM//nmod//4 ska//VB|PRS|AKT//aux//15 på//PP//case//11 marknadsrättslig//JJ|POS|UTR|SIN|IND|NOM//amod//11 väg//NN|UTR|SIN|IND|NOM//obl//15 vid//PP//case//13 vite//NN|NEU|SIN|IND|NOM//nmod//11 kunna//VB|INF|AKT//aux//15 åläggas//VB|INF|SFO//ROOT//15 att//IE//mark//17 lämna//VB|INF|AKT//xcomp//15 den//DT|UTR|SIN|DEF//det//19 information//NN|UTR|SIN|IND|NOM//obj//17 som//HP|-|-|-//nsubj//21 följer//VB|PRS|AKT//acl:relcl//19 av//PP//compound:prt//21 mitt//PS|NEU|SIN|DEF//nmod:poss//24 lagförslag//NN|NEU|SIN|IND|NOM//obj//21 .//MAD//punct//15
Tillsyn och marknadsrättsliga sanktioner;En//DT|UTR|SIN|IND//det//28 sådan//JJ|POS|UTR|SIN|IND|NOM//amod//28 talan//NN|UTR|SIN|IND|NOM//nsubj:pass//31 ska//VB|PRS|AKT//aux//31 kunna//VB|INF|AKT//aux//31 väckas//VB|INF|SFO//parataxis//15 vid//PP//case//33 Marknadsdomstolen//NN|UTR|SIN|DEF|NOM//obl//31 av//PP//case//37 bland//PP//case//37 annat//PN|NEU|SIN|IND|SUB/OBJ//amod//37 Konsumentombudsmannen//PM|NOM//obl//31 .//MAD//punct//31
Tillsyn och marknadsrättsliga sanktioner;I//PP//case//40 frågor//NN|UTR|PLU|IND|NOM//obl//48 av//PP//case//43 mindre//JJ|KOM|UTR/NEU|SIN/PLU|IND/DEF|NOM//amod//43 vikt//NN|UTR|SIN|IND|NOM//nmod//40 bör//VB|PRS|AKT//aux//48 Konsumentombudsmannen//NN|UTR|SIN|DEF|NOM//nsubj//48 själv//JJ|POS|UTR|SIN|IND|NOM//amod//45 kunna//VB|INF|AKT//aux//48 förelägga//VB|INF|AKT//parataxis//31 vite//NN|NEU|SIN|IND|NOM//obj//48 .//MAD//punct//15
Tillsyn och marknadsrättsliga sanktioner;Jag//PN|UTR|SIN|DEF|SUB//nsubj//6 har//VB|PRS|AKT//aux//6 även//AB//advmod//6 på//PP//case//5 samma//DT|UTR/NEU|SIN/PLU|IND//det//5 sätt//NN|NEU|SIN|IND|NOM//obl//6 föreslagit//VB|SUP|AKT//ROOT//6 marknadsrättsliga//JJ|POS|UTR/NEU|PLU|IND/DEF|NOM//amod//8 sanktioner//NN|UTR|PLU|IND|NOM//obj//6 mot//PP//case//11 en//DT|UTR|SIN|IND//det//11 transportör//NN|UTR|SIN|IND|NOM//obl//6 som//HP|-|-|-//nsubj//13 vägrar//VB|PRS|AKT//acl:relcl//11 någon//PN|UTR|SIN|IND|SUB/OBJ//obj//13 att//IE//mark//16 resa//VB|INF|AKT//acl//14 på//PP//case//20 grund//NN|UTR|SIN|IND|NOM//fixed//17 av//PP//fixed//17 funktionshinder//NN|NEU|PLU|IND|NOM//obl//16 eller//KN//cc//23 nedsatt//PC|PRF|UTR|SIN|IND|NOM//amod//23 rörlighet//NN|UTR|SIN|IND|NOM//conj//20 ,//MID//punct//26 inte//AB//advmod//26 uppfyller//VB|PRS|AKT//conj//6 rätten//NN|UTR|SIN|DEF|NOM//obj//26 till//PP//case//29 assistans//NN|UTR|SIN|IND|NOM//nmod//27 vid//PP//case//31 på-//NN|UTR|-|-|SMS//nmod//29 och//KN//cc//33 avstigning//NN|UTR|SIN|IND|NOM//conj//31 ,//MID//punct//37 eller//KN//cc//37 inte//AB//advmod//37 har//VB|PRS|AKT//conj//6 ett//DT|NEU|SIN|IND//det//39 system//NN|NEU|SIN|IND|NOM//obj//37 för//PP//case//41 hantering//NN|UTR|SIN|IND|NOM//nmod//39 av//PP//case//43 klagomål//NN|NEU|PLU|IND|NOM//nmod//41 .//MAD//punct//6
Tillsyn och marknadsrättsliga sanktioner;Samma//DT|UTR/NEU|SIN/PLU|IND//det//46 sak//NN|UTR|SIN|IND|NOM//nsubj//47 gäller//VB|PRS|AKT//conj//6 för//PP//case//50 en//DT|UTR|SIN|IND//det//50 förvaltare//NN|UTR|SIN|IND|NOM//obl//47 av//PP//case//53 en//DT|UTR|SIN|IND//det//53 bytespunkt//NN|UTR|SIN|IND|NOM//nmod//50 som//HP|-|-|-//nsubj//55 vägrar//VB|PRS|AKT//acl:relcl//53 ledsagning//NN|UTR|SIN|IND|NOM//obj//55 på//PP//case//58 bytespunkter//NN|UTR|PLU|IND|NOM//obl//55 .//MAD//punct//6

Tilläggsavgift i kollektiv persontrafik;Mitt//PS|NEU|SIN|DEF//nmod:poss//1 förslag//NN|NEU|SIN|IND|NOM//nsubj//2 är//VB|PRS|AKT//ROOT//2 att//SN//mark//11 den//PN|UTR|SIN|DEF|SUB/OBJ//nsubj//11 som//HP|-|-|-//nsubj//6 driver//VB|PRS|AKT//acl:relcl//4 kollektiv//JJ|POS|UTR|SIN|IND|NOM//amod//8 persontrafik//NN|UTR|SIN|IND|NOM//obj//6 själv//JJ|POS|UTR|SIN|IND|NOM//amod//8 får//VB|PRS|AKT//aux//11 bestämma//VB|INF|AKT//ccomp//2 storlek//NN|UTR|SIN|IND|NOM//obj//11 på//PP//case//14 tilläggsavgift//NN|UTR|SIN|IND|NOM//nmod//12 för//PP//case//17 de//DT|UTR/NEU|PLU|DEF//det//17 resenärer//NN|UTR|PLU|IND|NOM//nmod//14 som//HP|-|-|-//nsubj//19 bryter//VB|PRS|AKT//acl:relcl//17 mot//PP//case//21 skyldigheten//NN|UTR|SIN|DEF|NOM//obl//19 att//IE//mark//23 betala//VB|INF|AKT//acl//21 avgift//NN|UTR|SIN|IND|NOM//obj//23 i//PP//case//26 kollektivtrafiken//NN|UTR|SIN|DEF|NOM//obl//23 .//MAD//punct//2
Tilläggsavgift i kollektiv persontrafik;I//PP//advmod//31 dag//NN|UTR|SIN|IND|NOM//fixed//28 är//VB|PRS|AKT//cop//31 det//PN|NEU|SIN|DEF|SUB/OBJ//parataxis//2 Transportstyrelsen//NN|UTR|SIN|DEF|NOM//amod//31 och//KN//cc//35 ytterst//AB|SUV//advmod//35 regeringen//NN|UTR|SIN|DEF|NOM//conj//32 som//HP|-|-|-//nsubj//37 bestämmer//VB|PRS|AKT//acl:relcl//35 storleken//NN|UTR|SIN|DEF|NOM//obj//37 på//PP//case//40 tilläggsavgiften//NN|UTR|SIN|DEF|NOM//obl//37 .//MAD//punct//31
Tilläggsavgift i kollektiv persontrafik;Tilläggsavgift//NN|UTR|SIN|IND|NOM//nsubj:pass//5 får//VB|PRS|AKT//aux//5 enligt//PP//case//4 mitt//PS|NEU|SIN|DEF//nmod:poss//4 förslag//NN|NEU|SIN|IND|NOM//obl//5 tas//VB|PRS|SFO//ROOT//5 ut//PL//compound:prt//5 av//PP//case//9 en//DT|UTR|SIN|IND//det//9 person//NN|UTR|SIN|IND|NOM//obl//5  //_SP////9 som//HP|-|-|-//nsubj//14 inte//AB//advmod//14 kan//VB|PRS|AKT//aux//14 uppvisa//VB|INF|AKT//acl:relcl//9 giltig//JJ|POS|UTR|SIN|IND|NOM//xcomp//14 biljett//NN|UTR|SIN|IND|NOM//obj//15 ombord//AB//advmod//15 på//PP//case//19 färdmedlet//NN|NEU|SIN|DEF|NOM//obl//15 eller//KN//cc//23 inom//PP//case//23 ett//DT|NEU|SIN|IND//det//23 område//NN|NEU|SIN|IND|NOM//conj//5 för//PP//case//25 järnvägs-//NN|UTR|-|-|SMS//nmod//23 ,//MID//punct//27 spårvägs-//NN|UTR|-|-|SMS//conj//25 eller//KN//cc//29 tunnelbanetrafik//NN|UTR|SIN|IND|NOM//conj//25 till//PP//case//31 vilket//HP|NEU|SIN|IND//obl//33 allmänheten//NN|UTR|SIN|DEF|NOM//nsubj//33 har//VB|PRS|AKT//acl:relcl//25 tillträde//NN|NEU|SIN|IND|NOM//obj//33 endast//AB//advmod//39 om//SN//mark//39 färdavgift//NN|UTR|SIN|IND|NOM//nsubj:pass//39 har//VB|PRS|AKT//aux//39 erlagts//VB|SUP|SFO//advcl//33 .//MAD//punct//5
Tilläggsavgift i kollektiv persontrafik;Tidigare//AB|KOM//advmod//45 fick//VB|PRT|AKT//aux//45 tilläggsavgift//NN|UTR|SIN|IND|NOM//nsubj:pass//45 endast//AB//advmod//45 tas//VB|INF|SFO//conj//5 ut//PL//compound:prt//45 av//PP//case//49 en//DT|UTR|SIN|IND//det//49 person//NN|UTR|SIN|IND|NOM//obl:agent//45 som//HP|-|-|-//nsubj//53 var//VB|PRT|AKT//cop//53 att//IE//mark//53 betrakta//VB|INF|AKT//acl:relcl//49 som//KN//mark//55 resande//NN|NEU|SIN|IND|NOM//xcomp//53 .//MAD//punct//5
Tilläggsavgift i kollektiv persontrafik;Detta//DT|NEU|SIN|DEF//det//58 krav//NN|NEU|SIN|IND|NOM//nsubj//59 innebar//VB|PRT|AKT//parataxis//5 svåra//JJ|POS|UTR/NEU|PLU|IND/DEF|NOM//amod//61 avvägningar//NN|UTR|PLU|IND|NOM//obj//59 .//MAD//punct//5
Tilläggsavgift i kollektiv persontrafik;Genom//PP//case//65 mitt//PS|NEU|SIN|DEF//nmod:poss//65 förslag//NN|NEU|SIN|IND|NOM//obl//66 tydliggörs//VB|PRS|SFO//parataxis//5 när//HA//mark//70 avgiften//NN|UTR|SIN|DEF|NOM//nsubj:pass//70 får//VB|PRS|AKT//aux//70 tas//VB|INF|SFO//advcl//66 ut//PL//compound:prt//70 .//MAD//punct//5
Tilläggsavgift i kollektiv persontrafik;Samma//DT|UTR/NEU|SIN/PLU|IND//det//74 förändring//NN|UTR|SIN|IND|NOM//nsubj:pass//76 har//VB|PRS|AKT//aux//76 föreslagits//VB|SUP|SFO//parataxis//5 i//PP//case//79 den//DT|UTR|SIN|DEF//det//79 bestämmelse//NN|UTR|SIN|IND|NOM//obl//76 som//HP|-|-|-//nsubj//81 rör//VB|PRS|AKT//acl:relcl//79 avvisning//NN|UTR|SIN|IND|NOM//obj//81 från//PP//case//84 färdmedel//NN|NEU|SIN|IND|NOM//nmod//82 och//KN//cc//87 polismyndighets//NN|NEU|SIN|DEF|GEN//nmod:poss//87 handräckning//NN|UTR|SIN|IND|NOM//conj//84 .//MAD//punct//5
Tilläggsavgift i kollektiv persontrafik;Tilläggsavgiften//NN|UTR|SIN|DEF|NOM//nsubj:pass//2 ska//VB|PRS|AKT//aux//2 bestämmas//VB|INF|SFO//ROOT//2 till//PP//case//5 ett//DT|NEU|SIN|IND//det//5 belopp//NN|NEU|SIN|IND|NOM//obl//2 som//HP|-|-|-//nsubj//8 är//VB|PRS|AKT//cop//8 skäligt//JJ|POS|NEU|SIN|IND|NOM//acl:relcl//5 med//PP//case//12 hänsyn//NN|UTR|SIN|IND|NOM//fixed//9 till//PP//fixed//9 kostnader//NN|UTR|PLU|IND|NOM//obl//8 för//PP//case//14 biljettkontrollen//NN|UTR|SIN|DEF|NOM//nmod//12 och//KN//cc//16 biljettpriset//NN|NEU|SIN|DEF|NOM//conj//14 .//MAD//punct//2
Tilläggsavgift i kollektiv persontrafik;Den//PN|UTR|SIN|DEF|SUB/OBJ//nsubj//25 som//HP|-|-|-//nsubj//20 driver//VB|PRS|AKT//acl:relcl//18 kollektiv//JJ|POS|UTR|SIN|IND|NOM//amod//22 persontrafik//NN|UTR|SIN|IND|NOM//obj//20 ska//VB|PRS|AKT//aux//25 inte//AB//advmod//25 ta//VB|INF|AKT//parataxis//2 ut//PL//compound:prt//25 tilläggsavgift//NN|UTR|SIN|IND|NOM//obj//25 om//PP//case//29 avsaknaden//NN|UTR|SIN|DEF|NOM//nmod//27 av//PP//case//32 giltig//JJ|POS|UTR|SIN|IND|NOM//amod//32 biljett//NN|UTR|SIN|IND|NOM//nmod//29 får//VB|PRS|AKT//aux//34 anses//VB|INF|SFO//advcl//25 vara//VB|INF|AKT//cop//36 ursäktlig//JJ|POS|UTR|SIN|IND|NOM//xcomp//34 med//PP//case//41 hänsyn//NN|UTR|SIN|IND|NOM//fixed//37 till//PP//fixed//37 personens//NN|UTR|SIN|DEF|GEN//nmod:poss//41 ålder//NN|UTR|SIN|IND|NOM//obl//34 ,//MID//punct//41 sjukdom//NN|UTR|SIN|IND|NOM//conj//41 ,//MID//punct//46 bristande//PC|PRS|UTR/NEU|SIN/PLU|IND/DEF|NOM//amod//46 kännedom//NN|UTR|SIN|IND|NOM//conj//41 om//PP//case//49 lokala//JJ|POS|UTR/NEU|PLU|IND/DEF|NOM//amod//49 förhållanden//NN|NEU|PLU|IND|NOM//nmod//46 eller//KN//cc//52 annan//JJ|POS|UTR|SIN|IND|NOM//amod//52 omständighet//NN|UTR|SIN|IND|NOM//conj//49 .//MAD//punct//25
Tilläggsavgift i kollektiv persontrafik;En//DT|UTR|SIN|IND//det//56 sådan//JJ|POS|UTR|SIN|IND|NOM//amod//56 ordning//NN|UTR|SIN|IND|NOM//nsubj//57 gäller//VB|PRS|AKT//parataxis//25 redan//AB//advmod//57 i//PP//advmod//57 dag//NN|UTR|SIN|IND|NOM//fixed//59 och//KN//cc//64 min//PS|UTR|SIN|DEF//nmod:poss//63 bedömning//NN|UTR|SIN|IND|NOM//nsubj//64 är//VB|PRS|AKT//conj//2 att//SN//mark//67 den//PN|UTR|SIN|DEF|SUB/OBJ//nsubj//67 fungerar//VB|PRS|AKT//ccomp//64 väl//AB|POS//advmod//67 .//MAD//punct//2
Tilläggsavgift i kollektiv persontrafik;Jag//PN|UTR|SIN|DEF|SUB//nsubj//71 föreslår//VB|PRS|AKT//parataxis//2 därför//AB//advmod//71 ingen//DT|UTR|SIN|IND//det//74 ändring//NN|UTR|SIN|IND|NOM//obj//71 i//PP//case//77 dessa//DT|UTR/NEU|PLU|DEF//det//77 delar//NN|UTR|PLU|IND|NOM//nmod//74 .//MAD//punct//71

