Sammanfattning;Beskattningen//NN|UTR|SIN|DEF|NOM//ROOT//0 av//PP//case//2 handelsbolag//NN|NEU|PLU|IND|NOM//nmod//0
Sammanfattning;Utredningens//NN|UTR|SIN|DEF|GEN//nmod:poss//1 förslag//NN|NEU|SIN|IND|NOM//nsubj//2 innebär//VB|PRS|AKT//ROOT//2 att//SN//mark//6 handelsbolag//NN|NEU|PLU|IND|NOM//nsubj:pass//6 skall//VB|PRS|AKT//aux//6 inkomstbeskattas//VB|INF|SFO//ccomp//2 som//KN//mark//8 skattesubjekt//NN|NEU|SIN|IND|NOM//xcomp//6 och//KN//cc//13 att//SN//mark//13 delägarna//NN|UTR|PLU|DEF|NOM//nsubj:pass//13 skall//VB|PRS|AKT//aux//13 beskattas//VB|INF|SFO//conj//6 för//PP//case//16 de//DT|UTR/NEU|PLU|DEF//det//16 uttag//NN|NEU|PLU|IND|NOM//obl//13 som//HP|-|-|-//obj//19 de//PN|UTR/NEU|PLU|DEF|SUB//nsubj//19 gör//VB|PRS|AKT//acl:relcl//16 från//PP//case//21 bolaget//NN|NEU|SIN|DEF|NOM//obl//19 .//MAD//punct//27
Sammanfattning;En//DT|UTR|SIN|IND//det//24 delägare//NN|UTR|SIN|IND|NOM//nsubj//27 skall//VB|PRS|AKT//aux//27 kunna//VB|INF|AKT//aux//27 ta//VB|INF|AKT//conj//6 tillbaka//PL//compound:prt//27 tillskjutet//PC|PRF|NEU|SIN|IND|NOM//amod//30 kapital//NN|NEU|SIN|IND|NOM//obj//27 utan//PP//case//32 beskattningskonsekvenser//NN|UTR|PLU|IND|NOM//obl//27 .//MAD//punct//2
Sammanfattning;För//PP//mark//2 att//IE//mark//2 förhindra//VB|INF|AKT//advcl//22 att//SN//mark//9 en//DT|UTR|SIN|IND//det//5 delägare//NN|UTR|SIN|IND|NOM//nsubj//9 i//PP//case//8 ett//DT|NEU|SIN|IND//det//8 handelsbolag//NN|NEU|SIN|IND|NOM//nmod//5 skjuter//VB|PRS|AKT//ccomp//2 upp//PL//compound:prt//9 det//DT|NEU|SIN|DEF//det//13 andra//RO|NOM//amod//13 ledet//NN|NEU|SIN|DEF|NOM//obj//9 i//PP//case//15 beskattningen//NN|UTR|SIN|DEF|NOM//obl//9 genom//PP//mark//18 att//IE//mark//18 låna//VB|INF|AKT//advcl//9 pengar//NN|UTR|PLU|IND|NOM//obj//18 från//PP//case//21 bolaget//NN|NEU|SIN|DEF|NOM//obl//18 föreslår//VB|PRS|AKT//ROOT//22 utredningen//NN|UTR|SIN|DEF|NOM//obj//22 att//SN//mark//26 det//PN|NEU|SIN|DEF|SUB/OBJ//expl//26 införs//VB|PRS|SFO//ccomp//22 ett//DT|NEU|SIN|IND//det//29 skatterättsligt//JJ|POS|NEU|SIN|IND|NOM//amod//29 låneförbud//NN|NEU|SIN|IND|NOM//nsubj:pass//26 .//MAD//punct//22
Sammanfattning;Låneförbudet//NN|NEU|SIN|DEF|NOM//nsubj//35 är//VB|PRS|AKT//cop//35 i//PP//case//34 princip//NN|UTR|SIN|IND|NOM//obl//35 uppbyggt//PC|PRF|NEU|SIN|IND|NOM//parataxis//22 med//PP//case//38 motsvarande//PC|PRS|UTR/NEU|SIN/PLU|IND/DEF|NOM//amod//38 låneförbud//NN|NEU|SIN|IND|NOM//obl//35 från//PP//case//40 aktiebolag//NN|NEU|PLU|IND|NOM//nmod//38 som//KN//case//42 förebild//NN|UTR|SIN|IND|NOM//nmod//40 och//KN//cc//44 omfattar//VB|PRS|AKT//conj//35 lån//NN|NEU|SIN|IND|NOM//obj//44 till//PP//case//47 delägare//NN|UTR|PLU|IND|NOM//obl//44 och//KN//cc//49 delägaren//NN|UTR|SIN|DEF|NOM//conj//47 närstående//JJ|POS|UTR/NEU|SIN/PLU|IND/DEF|NOM//amod//51 personer//NN|UTR|PLU|IND|NOM//conj//47 .//MAD//punct//35
Sammanfattning;Kommersiella//JJ|POS|UTR/NEU|PLU|IND/DEF|NOM//amod//54 lån//NN|NEU|PLU|IND|NOM//nsubj//60 och//KN//cc//57 s.k.//AB|AN//amod//57 koncernlån//NN|NEU|PLU|IND|NOM//conj//54 skall//VB|PRS|AKT//aux//60 vara//VB|INF|AKT//cop//60 undantagna//PC|PRF|UTR/NEU|PLU|IND/DEF|NOM//conj//35 från//PP//case//62 låneförbudet//NN|NEU|SIN|DEF|NOM//obl//60 .//MAD//punct//35
Sammanfattning;Bestämmelserna//NN|UTR|PLU|DEF|NOM//nsubj//15 om//PP//case//2 utdelning//NN|UTR|SIN|IND|NOM//nmod//0 och//KN//cc//4 kapitalvinst//NN|UTR|SIN|IND|NOM//conj//2 på//PP//case//7 kvalificerade//PC|PRF|UTR/NEU|PLU|IND/DEF|NOM//amod//7 andelar//NN|UTR|PLU|IND|NOM//nmod//0 i//PP//case//9 fåmansföretag//NN|NEU|PLU|IND|NOM//nmod//7 ,//MID//punct//0 de//DT|UTR/NEU|PLU|DEF//det//13 s.k.//AB|AN//amod//13 3.12-reglerna//NN|UTR|PLU|DEF|NOM//appos//0 ,//MID//punct//0 blir//VB|PRS|AKT//ROOT//15 med//PP//case//18 vissa//JJ|POS|UTR/NEU|PLU|IND/DEF|NOM//amod//18 avvikelser//NN|UTR|PLU|IND|NOM//obl//15 tillämpliga//JJ|POS|UTR/NEU|PLU|IND/DEF|NOM//xcomp//15 även//AB//advmod//22 på//PP//case//22 utdelning//NN|UTR|SIN|IND|NOM//obl//19 och//KN//cc//24 kapitalvinst//NN|UTR|SIN|IND|NOM//conj//22 på//PP//case//26 andelar//NN|UTR|PLU|IND|NOM//obl//15 i//PP//case//28 handelsbolag//NN|NEU|PLU|IND|NOM//nmod//26 .//MAD//punct//15
Sammanfattning;Handelsbolag//NN|NEU|PLU|IND|NOM//nsubj:pass//31 föreslås//VB|PRS|SFO//parataxis//15 omfattas//VB|PRS|SFO//xcomp//31 av//PP//case//35 begreppet//NN|NEU|SIN|DEF|NOM//nmod//35 fåmansföretag//NN|NEU|SIN|IND|NOM//obl:agent//32 vilket//HP|NEU|SIN|IND//nsubj//37 innebär//VB|PRS|AKT//acl:relcl//35 att//SN//mark//41 uttrycket//NN|NEU|SIN|DEF|NOM//nsubj:pass//41 fåmanshandelsbolag//NN|NEU|SIN|IND|NOM//nmod//39 slopas//VB|PRS|SFO//ccomp//37 .//MAD//punct//15
Sammanfattning;De//DT|UTR/NEU|PLU|DEF//det//45 s.k.//AB|AN//amod//45 lättnadsreglerna//NN|UTR|PLU|DEF|NOM//nsubj//49 i//PP//case//48 43//RG|NOM//nummod//48 kap.//NN|AN//nmod//45 blir//VB|PRS|AKT//parataxis//15 också//AB//advmod//49 tillämpliga//JJ|POS|UTR/NEU|PLU|IND/DEF|NOM//xcomp//49 för//PP//case//54 fysisk//JJ|POS|UTR|SIN|IND|NOM//amod//54 person//NN|UTR|SIN|IND|NOM//obl//49 som//HP|-|-|-//nsubj//57 är//VB|PRS|AKT//cop//57 delägare//NN|UTR|SIN|IND|NOM//acl:relcl//54 i//PP//case//60 ett//DT|NEU|SIN|IND//det//60 handelsbolag//NN|NEU|SIN|IND|NOM//obl//57 .//MAD//punct//49
Sammanfattning;Vinst//NN|UTR|SIN|IND|NOM//nsubj:pass//70 vid//PP//case//64 avyttring//NN|UTR|SIN|IND|NOM//nmod//62 av//PP//case//66 andel//NN|UTR|SIN|IND|NOM//nmod//64 i//PP//case//68 handelsbolag//NN|NEU|PLU|IND|NOM//nmod//66 skall//VB|PRS|AKT//aux//70 beskattas//VB|INF|SFO//parataxis//49 som//KN//mark//72 avyttring//NN|UTR|SIN|IND|NOM//xcomp//70 av//PP//case//74 delägarrätt//NN|UTR|SIN|IND|NOM//nmod//72 .//MAD//punct//15
Sammanfattning;Till//PP//advmod//3 skillnad//NN|UTR|SIN|IND|NOM//fixed//0 från//PP//case//3 vad//HP|NEU|SIN|IND//obl//10 som//HP|-|-|-//nsubj//5 gäller//VB|PRS|AKT//acl:relcl//3 i//PP//case//9 fråga//NN|UTR|SIN|IND|NOM//fixed//6 om//PP//fixed//6 aktiebolag//NN|NEU|PLU|IND|NOM//obl//5 ställs//VB|PRS|SFO//ROOT//10 det//PN|NEU|SIN|DEF|SUB/OBJ//nsubj:pass//10 inte//AB//advmod//10 något//DT|NEU|SIN|IND//det//14 krav//NN|NEU|SIN|IND|NOM//nsubj:pass//10 på//PP//mark//22 att//SN//mark//22 delägarna//NN|UTR|PLU|DEF|NOM//nsubj//22 i//PP//case//20 ett//DT|NEU|SIN|IND//det//20 handelsbolag//NN|NEU|SIN|IND|NOM//nmod//17 skall//VB|PRS|AKT//aux//22 skjuta//VB|INF|AKT//acl//14 till//PP//compound:prt//22 kapital//NN|NEU|SIN|IND|NOM//obj//22 till//PP//case//26 bolaget//NN|NEU|SIN|DEF|NOM//obl//22 .//MAD//punct//10
Sammanfattning;En//DT|UTR|SIN|IND//det//29 handelsbolagsdelägare//NN|UTR|SIN|IND|NOM//nsubj//31 kan//VB|PRS|AKT//aux//31 välja//VB|INF|AKT//parataxis//10 att//IE//mark//33 låna//VB|INF|AKT//xcomp//31 in//PL//compound:prt//33 kapital//NN|NEU|SIN|IND|NOM//obj//33 till//PP//case//37 verksamheten//NN|UTR|SIN|DEF|NOM//obl//33 och//KN//cc//39 ta//VB|INF|AKT//conj//33 ut//PL//compound:prt//39 avkastning//NN|UTR|SIN|IND|NOM//obj//39 i//PP//case//45 form//NN|UTR|SIN|IND|NOM//fixed//42 av//PP//fixed//42 ränta//NN|UTR|SIN|IND|NOM//obl//39 som//HP|-|-|-//nsubj:pass//54 ,//MID//punct//51 om//SN//mark//51 den//PN|UTR|SIN|DEF|SUB/OBJ//nsubj//51 är//VB|PRS|AKT//cop//51 marknadsmässig//JJ|POS|UTR|SIN|IND|NOM//advcl//54 ,//MID//punct//54 får//VB|PRS|AKT//aux//54 dras//VB|INF|SFO//advcl//39 av//PL//case//57 i//PP//case//57 bolaget//NN|NEU|SIN|DEF|NOM//obl:agent//54 .//MID//punct//10
Sammanfattning;Det//PN|NEU|SIN|DEF|SUB/OBJ//nsubj//60 betyder//VB|PRS|AKT//parataxis//10 att//SN//mark//62 delägare//NN|UTR|PLU|IND|NOM//nsubj//67 i//PP//case//64 handelsbolag//NN|NEU|PLU|IND|NOM//nmod//62 inte//AB//advmod//62 behöver//VB|PRS|AKT//aux//67 tillämpa//VB|INF|AKT//xcomp//60 3:12-reglerna//RG|NOM//obj//67 vid//PP//case//72 den//DT|UTR|SIN|DEF//det//72 löpande//PC|PRS|UTR/NEU|SIN/PLU|IND/DEF|NOM//amod//72 beskattningen//NN|UTR|SIN|DEF|NOM//nmod//68 .//MAD//punct//60
Sammanfattning;Enligt//PP//case//76 utredningens//NN|UTR|SIN|DEF|GEN//nmod:poss//76 bedömning//NN|UTR|SIN|IND|NOM//obl//81 kommer//VB|PRS|AKT//aux//81 de//DT|UTR/NEU|PLU|DEF//det//80 flesta//JJ|SUV|UTR/NEU|PLU|DEF|NOM//amod//80 handelsbolagsdelägare//NN|UTR|PLU|IND|NOM//nsubj//81 välja//VB|INF|AKT//advcl//60 att//IE//mark//83 låna//VB|INF|AKT//xcomp//81 in//PL//compound:prt//83 kapital//NN|NEU|SIN|IND|NOM//obj//83 vilket//HP|NEU|SIN|IND//nsubj//90 är//VB|PRS|AKT//cop//90 en//DT|UTR|SIN|IND//det//90 stor//JJ|POS|UTR|SIN|IND|NOM//amod//90 fördel//NN|UTR|SIN|IND|NOM//nsubj:pass//10 ur//PP//case//92 förenklingssynpunkt//NN|UTR|SIN|IND|NOM//nmod//90 både//KN//cc//96 för//PP//case//96 de//DT|UTR/NEU|PLU|DEF//det//96 skattskyldiga//JJ|POS|UTR/NEU|PLU|IND/DEF|NOM//conj//90 och//KN//cc//100 för//PP//case//100 det//DT|NEU|SIN|DEF//det//100 allmänna//JJ|POS|UTR/NEU|SIN|DEF|NOM//conj//96 .//MAD//punct//10
Sammanfattning;Utredningens//NN|UTR|SIN|DEF|GEN//nmod:poss//1 förslag//NN|NEU|SIN|IND|NOM//nsubj//2 innebär//VB|PRS|AKT//ROOT//2 att//SN//mark//10 reglerna//NN|UTR|PLU|DEF|NOM//nsubj:pass//10 om//PP//case//6 räntefördelning//NN|UTR|SIN|IND|NOM//nmod//4 och//KN//cc//8 expansionsfond//NN|UTR|SIN|IND|NOM//conj//6 kan//VB|PRS|AKT//aux//10 slopas//VB|INF|SFO//ccomp//2 för//PP//case//12 delägare//NN|UTR|PLU|IND|NOM//obl//10 i//PP//case//14 handelsbolag//NN|NEU|PLU|IND|NOM//nmod//12 .//MAD//punct//2
Sammanfattning;Detsamma//PN|NEU|SIN|DEF|SUB/OBJ//nsubj//17 gäller//VB|PRS|AKT//parataxis//2 reglerna//NN|UTR|PLU|DEF|NOM//obj//17 om//PP//case//21 justerade//PC|PRF|UTR/NEU|PLU|IND/DEF|NOM//amod//21 anskaffningsutgifter//NN|UTR|PLU|IND|NOM//nmod//18 i//PP//case//25 50//RG|NOM//nummod//24 kap.//NN|AN//nmod//25 IL//PM|NOM//nmod//21 och//KN//cc//29 de//DT|UTR/NEU|PLU|DEF//det//29 särskilda//PC|PRF|UTR/NEU|PLU|IND/DEF|NOM//amod//29 bestämmelserna//NN|UTR|PLU|DEF|NOM//conj//18 i//PP//case//33 51//RG|NOM//nummod//32 kap.//NN|AN//nmod//33 IL//NN|AN//nmod//29 om//PP//case//35 beskattning//NN|UTR|SIN|IND|NOM//nmod//29 i//PP//case//38 inkomstslaget//NN|NEU|SIN|DEF|NOM//amod//38 näringsverksamhet//NN|UTR|SIN|IND|NOM//nmod//35 vid//PP//case//40 avyttring//NN|UTR|SIN|IND|NOM//nmod//29 av//PP//case//42 andelar//NN|UTR|PLU|IND|NOM//nmod//40 i//PP//case//44 handelsbolag//NN|NEU|PLU|IND|NOM//nmod//42 .//MAD//punct//2
Sammanfattning;Sammantaget//AB//nsubj//1 innebär//VB|PRS|AKT//ROOT//1 utredningens//NN|UTR|SIN|DEF|GEN//nmod:poss//3 förslag//NN|NEU|SIN|IND|NOM//obj//1 att//SN//mark//13 de//DT|UTR/NEU|PLU|DEF//det//7 nya//JJ|POS|UTR/NEU|PLU|IND/DEF|NOM//amod//7 beskattningsreglerna//NN|UTR|PLU|DEF|NOM//nsubj//13 för//PP//case//9 handelsbolag//NN|NEU|PLU|IND|NOM//nmod//7 i//PP//case//12 stor//JJ|POS|UTR|SIN|IND|NOM//amod//12 utsträckning//NN|UTR|SIN|IND|NOM//nmod//9 ansluter//VB|PRS|AKT//acl//3 till//PP//case//17 redan//AB//advmod//16 existerande//PC|PRS|UTR/NEU|SIN/PLU|IND/DEF|NOM//amod//17 regelsystem//NN|NEU|SIN|IND|NOM//obl//13 för//PP//case//19 beskattning//NN|UTR|SIN|IND|NOM//nmod//17 av//PP//case//22 juridiska//JJ|POS|UTR/NEU|PLU|IND/DEF|NOM//amod//22 personer//NN|UTR|PLU|IND|NOM//nmod//19 och//KN//cc//26 särskilt//AB//advmod//26 till//PP//case//26 beskattning//NN|UTR|SIN|IND|NOM//conj//19 av//PP//case//28 fåmansföretag//NN|NEU|PLU|IND|NOM//nmod//26 .//MAD//punct//1
Sammanfattning;Det//PN|NEU|SIN|DEF|SUB/OBJ//nsubj//31 betyder//VB|PRS|AKT//parataxis//1 att//SN//mark//36 beskattningen//NN|UTR|SIN|DEF|NOM//nsubj//36 av//PP//case//35 fåmansföretag//NN|NEU|PLU|IND|NOM//nmod//33 blir//VB|PRS|AKT//ccomp//31 mer//AB|KOM//advmod//38 renodlad//PC|PRF|UTR|SIN|IND|NOM//xcomp//36 och//KN//cc//40 enhetlig//JJ|POS|UTR|SIN|IND|NOM//conj//38 vilket//HP|NEU|SIN|IND//nsubj//42 leder//VB|PRS|AKT//advcl//36 till//PP//case//45 ökad//PC|PRF|UTR|SIN|IND|NOM//amod//45 neutralitet//NN|UTR|SIN|IND|NOM//obl//42 mellan//PP//case//48 olika//JJ|POS|UTR/NEU|PLU|IND/DEF|NOM//amod//48 företagsformer//NN|UTR|PLU|IND|NOM//nmod//45 .//MAD//punct//31
Sammanfattning;Utredningen//NN|UTR|SIN|DEF|NOM//nsubj//51 föreslår//VB|PRS|AKT//parataxis//31 också//AB//advmod//51 att//SN//mark//71 den//DT|UTR|SIN|DEF//det//55 särreglering//NN|UTR|SIN|IND|NOM//nsubj:pass//71 som//HP|-|-|-//nsubj//57 gällt//VB|SUP|AKT//acl:relcl//55 sedan//PP//case//61 1990//RG|NOM//nummod//60 års//NN|NEU|SIN|IND|GEN//nmod:poss//61 skattereform//NN|UTR|SIN|IND|NOM//obl//57 i//PP//case//65 fråga//NN|UTR|SIN|IND|NOM//fixed//62 om//PP//fixed//62 kapitalvinstbeskattning//NN|UTR|SIN|IND|NOM//nmod//61 av//PP//case//67 fastigheter//NN|UTR|PLU|IND|NOM//nmod//65 i//PP//case//69 handelsbolag//NN|NEU|PLU|IND|NOM//nmod//67 skall//VB|PRS|AKT//aux//71 slopas//VB|INF|SFO//ccomp//51 .//MAD//punct//51
Sammanfattning;Avyttring//NN|UTR|SIN|IND|NOM//nsubj:pass//83 av//PP//case//75 näringsfastighet//NN|UTR|SIN|IND|NOM//nmod//73 och//KN//cc//77 näringsbostadsrätt//NN|UTR|SIN|IND|NOM//conj//75 som//HP|-|-|-//nsubj//80 är//VB|PRS|AKT//cop//80 kapitaltillgång//NN|UTR|SIN|IND|NOM//acl:relcl//77 skall//VB|PRS|AKT//aux//83 alltså//AB//advmod//83 beskattas//VB|INF|SFO//advcl//51 i//PP//case//86 inkomstslaget//NN|NEU|SIN|DEF|NOM//amod//86 näringsverksamhet//NN|UTR|SIN|IND|NOM//obl//83 enligt//PP//case//89 samma//DT|UTR/NEU|SIN/PLU|IND//det//89 principer//NN|UTR|PLU|IND|NOM//obl//83 som//HP|-|-|-//nsubj//91 gäller//VB|PRS|AKT//acl:relcl//89 för//PP//case//94 sådan//JJ|POS|UTR|SIN|IND|NOM//amod//94 avyttring//NN|UTR|SIN|IND|NOM//obl//91 i//PP//case//96 aktiebolag//NN|NEU|PLU|IND|NOM//nmod//94 .//MAD//punct//51
Sammanfattning;Lagtekniskt//AB|POS//advmod//1 innebär//VB|PRS|AKT//ROOT//1 utredningens//NN|UTR|SIN|DEF|GEN//nmod:poss//3 förslag//NN|NEU|SIN|IND|NOM//obj//1 att//SN//mark//10 antalet//NN|NEU|SIN|DEF|NOM//nsubj:pass//10 särbestämmelser//NN|UTR|PLU|IND|NOM//nsubj:pass//10 för//PP//case//8 handelsbolag//NN|NEU|PLU|IND|NOM//nmod//6 kan//VB|PRS|AKT//aux//10 minskas//VB|INF|SFO//ccomp//1 väsentligt//AB|POS//advmod//10 .//MAD//punct//1
Sammanfattning;Utredningen//NN|UTR|SIN|DEF|NOM//nsubj//2 har//VB|PRS|AKT//aux//2 strävat//VB|SUP|AKT//ROOT//2 efter//PP//compound:prt//2 att//IE//mark//5 bevara//VB|INF|AKT//xcomp//2 de//DT|UTR/NEU|PLU|DEF//det//7 möjligheter//NN|UTR|PLU|IND|NOM//obj//5 till//PP//case//9 resultatutjämning//NN|UTR|SIN|IND|NOM//nmod//7 mellan//PP//case//11 handelsbolag//NN|NEU|PLU|IND|NOM//nmod//9 och//KN//cc//13 delägare//NN|UTR|PLU|IND|NOM//conj//11 som//HP|-|-|-//nsubj//18 är//VB|PRS|AKT//cop//18 skattskyldig//JJ|POS|UTR|SIN|IND|NOM//amod//18 juridisk//JJ|POS|UTR|SIN|IND|NOM//amod//18 person//NN|UTR|SIN|IND|NOM//acl:relcl//7 som//KN//obj//22 nuvarande//PC|PRS|UTR/NEU|SIN/PLU|IND/DEF|NOM//amod//21 skatteregler//NN|UTR|PLU|IND|NOM//nsubj//22 medger//VB|PRS|AKT//acl:relcl//18 .//MAD//punct//2
Sammanfattning;Utredningen//NN|UTR|SIN|DEF|NOM//nsubj//25 föreslår//VB|PRS|AKT//parataxis//2 att//SN//mark//29 detta//PN|NEU|SIN|DEF|SUB/OBJ//nsubj//29 skall//VB|PRS|AKT//aux//29 ske//VB|INF|AKT//ccomp//25 genom//PP//mark//32 att//SN//mark//32 handelsbolag//NN|NEU|PLU|IND|NOM//nsubj//40 och//KN//cc//34 delägare//NN|UTR|PLU|IND|NOM//conj//32 som//HP|-|-|-//nsubj//38 är//VB|PRS|AKT//cop//38 juridisk//JJ|POS|UTR|SIN|IND|NOM//amod//38 person//NN|UTR|SIN|IND|NOM//conj//32 kan//VB|PRS|AKT//aux//40 utjämna//VB|INF|AKT//conj//29 resultatet//NN|NEU|SIN|DEF|NOM//obj//40 mellan//PP//case//43 verksamheterna//NN|UTR|PLU|DEF|NOM//nmod//41 med//PP//case//46 s.k.//AB|AN//amod//46 handelsbolagsbidrag//NN|NEU|PLU|IND|NOM//obl//40 .//MAD//punct//2
Sammanfattning;De//DT|UTR/NEU|PLU|DEF//det//50 nya//JJ|POS|UTR/NEU|PLU|IND/DEF|NOM//amod//50 bestämmelserna//NN|UTR|PLU|DEF|NOM//nsubj//51 har//VB|PRS|AKT//parataxis//2 stora//JJ|POS|UTR/NEU|PLU|IND/DEF|NOM//amod//53 likheter//NN|UTR|PLU|IND|NOM//obj//51 med//PP//case//55 reglerna//NN|UTR|PLU|DEF|NOM//obl//51 om//PP//case//57 koncernbidrag//NN|NEU|SIN|IND|NOM//nmod//55 .//MID//punct//2
Sammanfattning;Regler//NN|UTR|PLU|IND|NOM//obj//2 om//PP//mark//62 handelsbolagsbidrag//NN|NEU|SIN|IND|NOM//nsubj:pass//62 införs//VB|PRS|SFO//acl//59 i//PP//case//66 ett//DT|NEU|SIN|IND//det//66 nytt//JJ|POS|NEU|SIN|IND|NOM//amod//66 kapitel//NN|NEU|SIN|IND|NOM//obl//62 i//PP//case//68 IL//PM|NOM//nmod//66 .//MAD//punct//2
Sammanfattning;Det//PN|NEU|SIN|DEF|SUB/OBJ//expl//4 har//VB|PRS|AKT//aux//4 också//AB//advmod//4 varit//VB|SUP|AKT//cop//4 viktigt//JJ|POS|NEU|SIN|IND|NOM//ROOT//4 att//IE//mark//6 skapa//VB|INF|AKT//csubj//4 regler//NN|UTR|PLU|IND|NOM//obj//6 som//HP|-|-|-//nsubj//9 förhindrar//VB|PRS|AKT//acl:relcl//7 kedjebeskattningseffekter//NN|UTR|PLU|IND|NOM//obj//9 i//PP//case//12 bolagskonstruktioner//NN|UTR|PLU|IND|NOM//obl//9 där//HA//advmod//15 handelsbolag//NN|NEU|PLU|IND|NOM//nsubj//15 ingår//VB|PRS|AKT//acl:relcl//12 .//MID//punct//4
Sammanfattning;Utredningens//NN|UTR|SIN|DEF|GEN//nmod:poss//18 förslag//NN|NEU|SIN|IND|NOM//nsubj//19 innebär//VB|PRS|AKT//parataxis//4 därför//AB//mark//30 att//SN//fixed//20 reglerna//NN|UTR|PLU|DEF|NOM//nsubj:pass//30 om//PP//case//24 skattefrihet//NN|UTR|SIN|IND|NOM//nmod//22 för//PP//case//26 utdelning//NN|UTR|SIN|IND|NOM//nmod//24 på//PP//case//29 näringsbetingade//PC|PRF|UTR/NEU|PLU|IND/DEF|NOM//amod//29 andelar//NN|UTR|PLU|IND|NOM//nmod//26 utvidgas//VB|INF|SFO//advcl//19 till//PP//mark//33 att//IE//mark//33 omfatta//VB|INF|AKT//advcl//30 även//AB//advmod//33 utdelning//NN|UTR|SIN|IND|NOM//obj//33 på//PP//case//37 andelar//NN|UTR|PLU|IND|NOM//nmod//35 i//PP//case//39 handelsbolag//NN|NEU|PLU|IND|NOM//nmod//37 och//KN//cc//41 andelar//NN|UTR|PLU|IND|NOM//conj//39 som//HP|-|-|-//nsubj:pass//43 innehas//VB|PRS|SFO//acl:relcl//41 av//PP//case//45 handelsbolag//NN|NEU|PLU|IND|NOM//obl:agent//43 .//MAD//punct//4
Sammanfattning;Reglerna//NN|UTR|PLU|DEF|NOM//nsubj//10 om//PP//case//2 handelsbolagsbidrag//NN|NEU|SIN|IND|NOM//nmod//0 och//KN//cc//5 skattefri//JJ|POS|UTR|SIN|IND|NOM//amod//5 utdelning//NN|UTR|SIN|IND|NOM//conj//2 på//PP//case//8 näringsbetingade//PC|PRF|UTR/NEU|PLU|IND/DEF|NOM//amod//8 andelar//NN|UTR|PLU|IND|NOM//nmod//5 är//VB|PRS|AKT//cop//10 sammankopplade//PC|PRF|UTR/NEU|PLU|IND/DEF|NOM//ROOT//10 på//PP//case//13 så//AB//amod//13 sätt//NN|NEU|SIN|IND|NOM//obl//10 att//SN//mark//26 förutsättningar//NN|UTR|PLU|IND|NOM//nsubj//26 för//PP//case//17 handelsbolagsbidrag//NN|NEU|SIN|IND|NOM//nmod//15 mellan//PP//case//19 delägaren//NN|UTR|SIN|DEF|NOM//nmod//17 och//KN//cc//21 handelsbolaget//NN|NEU|SIN|DEF|NOM//conj//19 i//PP//case//24 båda//JJ|POS|UTR/NEU|PLU|IND/DEF|NOM//amod//24 riktningarna//NN|UTR|PLU|DEF|NOM//nmod//21 skall//VB|PRS|AKT//aux//26 föreligga//VB|INF|AKT//acl//13 om//PP//mark//33 delägarens//NN|UTR|SIN|DEF|GEN//nmod:poss//29 andel//NN|UTR|SIN|IND|NOM//nsubj//33 i//PP//case//31 handelsbolaget//NN|NEU|SIN|DEF|NOM//nmod//29 är//VB|PRS|AKT//cop//33 näringsbetingad//PC|PRF|UTR|SIN|IND|NOM//obl//26 enligt//PP//case//35 utredningsregeln//NN|UTR|SIN|DEF|NOM//obl//33 i//PP//case//40 24//RG|NOM//nummod//38 kap.//NN|AN//nmod//39 16//RG|NOM//nummod//40 §//NN|AN//obl//33 2//RG|NOM//nummod//42 IL//PM|NOM//obl//33 .//MAD//punct//10
Sammanfattning;I//PP//case//46 annat//JJ|POS|NEU|SIN|IND|NOM//amod//46 fall//NN|NEU|SIN|IND|NOM//obl//47 inträder//VB|PRS|AKT//parataxis//10 en//DT|UTR|SIN|IND//nsubj//47 kedjebeskattningseffekt//NN|UTR|SIN|IND|NOM//advmod//47 .//MAD//punct//10
Sammanfattning;Vissa//JJ|POS|UTR/NEU|PLU|IND/DEF|NOM//amod//2 särskilda//PC|PRF|UTR/NEU|PLU|IND/DEF|NOM//amod//2 bestämmelser//NN|UTR|PLU|IND|NOM//nsubj//40 som//HP|-|-|-//nsubj//4 gäller//VB|PRS|AKT//acl:relcl//2 för//PP//case//6 aktiebolag//NN|NEU|PLU|IND|NOM//obl//4 och//KN//cc//11 vissa//JJ|POS|UTR/NEU|PLU|IND/DEF|NOM//amod//11 andra//JJ|POS|UTR/NEU|PLU|IND/DEF|NOM//amod//11 juridiska//JJ|POS|UTR/NEU|PLU|IND/DEF|NOM//amod//11 personer//NN|UTR|PLU|IND|NOM//conj//6 ,//MID//punct//2 bl.a.//AB|AN//advmod//14 bestämmelserna//NN|UTR|PLU|DEF|NOM//appos//2 om//PP//case//16 koncernbidrag//NN|NEU|SIN|IND|NOM//nmod//14 ,//MID//punct//18 kommissionärsförhållanden//NN|NEU|PLU|IND|NOM//conj//16 ,//MID//punct//20 fusioner//NN|UTR|PLU|IND|NOM//conj//16 och//KN//cc//22 fissioner//NN|UTR|PLU|IND|NOM//conj//16 ,//MID//punct//24 verksamhetsavyttringar//NN|UTR|PLU|IND|NOM//conj//16 samt//KN//cc//28 slutligen//AB//advmod//27 särskilda//PC|PRF|UTR/NEU|PLU|IND/DEF|NOM//amod//28 bestämmelser//NN|UTR|PLU|IND|NOM//conj//16 för//PP//case//32 vissa//JJ|POS|UTR/NEU|PLU|IND/DEF|NOM//amod//32 juridiska//JJ|POS|UTR/NEU|PLU|IND/DEF|NOM//amod//32 personer//NN|UTR|PLU|IND|NOM//nmod//28 (//PAD//punct//35 bl.a.//AB|AN//advmod//35 försäkringsföretag//NN|NEU|PLU|IND|NOM//appos//14 och//KN//cc//38 kooperativa//JJ|POS|UTR/NEU|PLU|IND/DEF|NOM//amod//38 föreningar//NN|UTR|PLU|IND|NOM//conj//35 )//PAD//punct//35 har//VB|PRS|AKT//aux//44 utredningen//NN|UTR|SIN|DEF|NOM//nsubj//44 av//PP//case//43 förenklingsskäl//NN|NEU|PLU|IND|NOM//obl//44 valt//VB|SUP|AKT//ROOT//44 att//IE//mark//47 inte//AB//advmod//47 göra//VB|INF|AKT//xcomp//44 tillämpliga//JJ|POS|UTR/NEU|PLU|IND/DEF|NOM//obj//47 på//PP//case//50 handelsbolag//NN|NEU|PLU|IND|NOM//obl//47 .//MAD//punct//44
Sammanfattning;Beskattningen//NN|UTR|SIN|DEF|NOM//ROOT//0 av//PP//case//2 EEIG//PM|NOM//nmod//0
Sammanfattning;Enligt//PP//case//1 förordningen//NN|UTR|SIN|DEF|NOM//nmod//3 nr//NN|AN//nmod//3 2137/85//RG|NOM//obl//11 om//PP//case//7 Europeiska//JJ|POS|UTR/NEU|PLU|IND/DEF|NOM//amod//7 ekonomiska//JJ|POS|UTR/NEU|PLU|IND/DEF|NOM//amod//7 intressegrupperingar//NN|UTR|PLU|IND|NOM//nmod//3 skall//VB|PRS|AKT//aux//11 sådana//JJ|POS|UTR/NEU|PLU|IND|NOM//amod//10 intressegrupperingar//NN|UTR|PLU|IND|NOM//nsubj:pass//11 delägarbeskattas//VB|INF|SFO//nsubj:pass//82 .//MID//punct//11
Sammanfattning;Det//DT|NEU|SIN|DEF//det//15 primära//JJ|POS|UTR/NEU|SIN|DEF|NOM//amod//15 syftet//NN|NEU|SIN|DEF|NOM//nsubj//22 för//PP//case//18 en//DT|UTR|SIN|IND//det//18 EEIG//NN|UTR|SIN|IND|NOM//nmod//15 är//VB|PRS|AKT//cop//22 inte//AB//advmod//22 att//IE//mark//22 skapa//VB|INF|AKT//parataxis//11 vinst//NN|UTR|SIN|IND|NOM//obj//22 för//PP//case//25 grupperingen//NN|UTR|SIN|DEF|NOM//obl//22 som//KN//mark//27 sådan//JJ|POS|UTR|SIN|IND|NOM//acl:relcl//25 utan//PP//mark//30 att//IE//mark//30 förbättra//VB|INF|AKT//advcl//27 resultatet//NN|NEU|SIN|DEF|NOM//obj//30 för//PP//case//34 medlemmarnas//NN|UTR|PLU|DEF|GEN//nmod:poss//34 verksamheter//NN|UTR|PLU|IND|NOM//nmod//31 .//MAD//punct//22
Sammanfattning;Antalet//NN|NEU|SIN|DEF|NOM//nmod//37 grupperingar//NN|UTR|PLU|IND|NOM//nsubj//46 som//HP|-|-|-//nsubj//39 finns//VB|PRS|SFO//acl:relcl//37 registrerade//PC|PRF|UTR/NEU|PLU|IND/DEF|NOM//xcomp//39 i//PP//case//42 Sverige//PM|NOM//obl//40 är//VB|PRS|AKT//cop//46 hittills//AB//advmod//46 mycket//AB|POS//advmod//46 begränsat//PC|PRF|NEU|SIN|IND|NOM//appos//22 .//MAD//punct//46
Sammanfattning;Utredningens//NN|UTR|SIN|DEF|GEN//nmod:poss//49 förslag//NN|NEU|SIN|IND|NOM//nsubj//50 innebär//VB|PRS|AKT//conj//11 dels//KN//advmod//50 att//SN//mark//53 avyttring//NN|UTR|SIN|IND|NOM//nsubj:pass//60 av//PP//case//55 andel//NN|UTR|SIN|IND|NOM//nmod//53 i//PP//case//58 en//DT|UTR|SIN|IND//det//58 EEIG//NN|UTR|SIN|IND|NOM//nmod//55 skall//VB|PRS|AKT//aux//60 anses//VB|INF|SFO//ccomp//50 som//KN//mark//62 avyttring//NN|UTR|SIN|IND|NOM//xcomp//60 av//PP//case//65 en//DT|UTR|SIN|IND//det//65 andel//NN|UTR|SIN|IND|NOM//nmod//62 i//PP//case//68 grupperingens//NN|UTR|SIN|DEF|GEN//nmod:poss//68 tillgångar//NN|UTR|PLU|IND|NOM//nmod//65 och//KN//cc//70 skulder//NN|UTR|PLU|IND|NOM//conj//68 ,//MID//punct//77 dels//KN//advmod//77 att//SN//mark//77 antalet//NN|NEU|SIN|DEF|NOM//det//75 regler//NN|UTR|PLU|IND|NOM//dislocated//77 som//HP|-|-|-//nsubj//77 berör//VB|PRS|AKT//conj//11 grupperingarna//NN|UTR|PLU|DEF|NOM//obj//77 och//KN//cc//81 dess//PS|UTR/NEU|SIN/PLU|DEF//nmod:poss//81 medlemmar//NN|UTR|PLU|IND|NOM//conj//78 minskas//VB|PRS|SFO//ROOT//82 jämfört//PC|PRF|NEU|SIN|IND|NOM//mark//87 med//PP//fixed//83 vad//HP|NEU|SIN|IND//dislocated//87 som//HP|-|-|-//nsubj//87 gäller//VB|PRS|AKT//advcl//82 idag//AB//advmod//87 .//MAD//punct//82
Sammanfattning;Övriga//JJ|POS|UTR/NEU|PLU|IND/DEF|NOM//amod//1 frågor//NN|UTR|PLU|IND|NOM//ROOT//1
Sammanfattning;Utredningen//NN|UTR|SIN|DEF|NOM//nsubj//1 föreslår//VB|PRS|AKT//ROOT//1 att//SN//mark//11 reglerna//NN|UTR|PLU|DEF|NOM//nsubj:pass//11 om//PP//case//6 särskild//PC|PRF|UTR|SIN|IND|NOM//amod//6 skatteberäkning//NN|UTR|SIN|IND|NOM//nmod//3 för//PP//case//9 ackumulerade//PC|PRF|UTR/NEU|SIN|DEF|NOM//amod//9 inkomst//NN|UTR|SIN|IND|NOM//nmod//6 skall//VB|PRS|AKT//aux//11 slopas//VB|INF|SFO//ccomp//1 .//MAD//punct//1
Sammanfattning;Inhämtad//PC|PRF|UTR|SIN|IND|NOM//amod//14 statistik//NN|UTR|SIN|IND|NOM//nsubj//15 visar//VB|PRS|AKT//parataxis//1 att//SN//mark//21 behovet//NN|NEU|SIN|DEF|NOM//nsubj//21 av//PP//case//20 särskild//PC|PRF|UTR|SIN|IND|NOM//amod//20 skatteberäkning//NN|UTR|SIN|IND|NOM//nmod//17 minskat//VB|SUP|AKT//ccomp//15 kraftigt//AB|POS//advmod//21 efter//PP//case//26 1990//RG|NOM//nummod//25 års//NN|NEU|SIN|IND|GEN//nmod:poss//26 skattereform//NN|UTR|SIN|IND|NOM//obl//21 .//MAD//punct//15
Sammanfattning;Det//PN|NEU|SIN|DEF|SUB/OBJ//nsubj//29 beror//VB|PRS|AKT//parataxis//15 dels//KN//advmod//29 på//PP//mark//36 att//SN//mark//36 progressiviteten//NN|UTR|SIN|DEF|NOM//nsubj:pass//36 i//PP//case//35 inkomstbeskattningen//NN|UTR|SIN|DEF|NOM//nmod//33 reducerats//VB|SUP|SFO//advcl//29 väsentligt//AB|POS//advmod//36 ,//MID//punct//29 dels//KN//advmod//45 på//PP//mark//45 att//SN//mark//45 engångsbelopp//NN|NEU|SIN|IND|NOM//nsubj:pass//45 inte//AB//advmod//45 längre//AB|KOM//advmod//45 används//VB|PRS|SFO//advcl//29 i//PP//case//48 samma//DT|UTR/NEU|SIN/PLU|IND//det//48 utsträckning//NN|UTR|SIN|IND|NOM//obl//45 som//KN//mark//50 tidigare//AB|KOM//acl//48 i//PP//case//53 inkomstslaget//NN|NEU|SIN|DEF|NOM//amod//53 tjänst//NN|UTR|SIN|IND|NOM//obl//50 .//MAD//punct//29
Sammanfattning;Utredningen//NN|UTR|SIN|DEF|NOM//nsubj//56 föreslår//VB|PRS|AKT//parataxis//29 samtidigt//AB//mark//63 att//SN//mark//63 det//PN|NEU|SIN|DEF|SUB/OBJ//expl//63 för//PP//case//62 enskilda//JJ|POS|UTR/NEU|PLU|IND/DEF|NOM//amod//62 näringsidkare//NN|UTR|PLU|IND|NOM//obl//63 öppnas//VB|PRS|SFO//advcl//56 en//DT|UTR|SIN|IND//det//65 möjlighet//NN|UTR|SIN|IND|NOM//obj//63 att//IE//mark//68 få//VB|INF|AKT//aux//68 fördela//VB|INF|AKT//acl//65 vissa//JJ|POS|UTR/NEU|PLU|IND/DEF|NOM//amod//70 inkomster//NN|UTR|PLU|IND|NOM//obj//68 inom//PP//case//76 ramen//NN|UTR|SIN|DEF|NOM//fixed//71 för//PP//fixed//71 det//DT|NEU|SIN|DEF//det//76 ordinarie//JJ|POS|UTR/NEU|SIN/PLU|IND/DEF|NOM//amod//76 omprövningsförfarandet//NN|NEU|SIN|DEF|NOM//obl//68 i//PP//case//78 taxeringslagen//NN|UTR|SIN|DEF|NOM//nmod//76 .//MAD//punct//56
Sammanfattning;De//DT|UTR/NEU|PLU|DEF//det//81 inkomster//NN|UTR|PLU|IND|NOM//nsubj//87 som//HP|-|-|-//nsubj:pass//85 skall//VB|PRS|AKT//aux//85 kunna//VB|INF|AKT//aux//85 fördelas//VB|INF|SFO//acl:relcl//81 är//VB|PRS|AKT//cop//87 återförda//PC|PRF|UTR/NEU|PLU|IND/DEF|NOM//conj//56 avdrag//NN|NEU|PLU|IND|NOM//obj//87 i//PP//advmod//87 samband//NN|NEU|SIN|IND|NOM//fixed//89 med//PP//fixed//89 avyttring//NN|UTR|SIN|IND|NOM//fixed//89 av//PP//case//94 näringsfastighet//NN|UTR|SIN|IND|NOM//nmod//92 ,//MID//punct//97 dvs.//AB|AN//advmod//97 värdeminskningsavdrag//NN|NEU|PLU|IND|NOM//appos//87 m.m.//AB|AN//punct//56
Sammanfattning;Slutligen//AB//advmod//1 analyserar//VB|PRS|AKT//ROOT//1 utredningen//NN|UTR|SIN|DEF|NOM//nsubj//1 vilka//HD|UTR/NEU|PLU|IND//det//4 problem//NN|NEU|PLU|IND|NOM//obj//1 som//HP|-|-|-//nsubj//7 är//VB|PRS|AKT//cop//7 förknippade//PC|PRF|UTR/NEU|PLU|IND/DEF|NOM//acl:relcl//4 med//PP//case//9 skillnaderna//NN|UTR|PLU|DEF|NOM//obl//7 i//PP//case//11 redovisnings-//NN|UTR|-|-|SMS//nmod//9 och//KN//cc//13 skattereglerna//NN|UTR|PLU|DEF|NOM//conj//11 i//PP//case//17 fråga//NN|UTR|SIN|IND|NOM//fixed//14 om//PP//fixed//14 redovisning//NN|UTR|SIN|IND|NOM//nmod//13 av//PP//case//19 djur//NN|NEU|PLU|IND|NOM//nmod//17 i//PP//case//21 jordbruk//NN|NEU|SIN|IND|NOM//nmod//17 och//KN//cc//23 renskötsel//NN|UTR|SIN|IND|NOM//conj//21 om//PP//mark//26 driften//NN|UTR|SIN|DEF|NOM//nsubj//26 sker//VB|PRS|AKT//advcl//7 i//PP//case//30 en//DT|UTR|SIN|IND//det//30 juridisk//JJ|POS|UTR|SIN|IND|NOM//amod//30 person//NN|UTR|SIN|IND|NOM//obl//26 .//MAD//punct//1
Sammanfattning;I//PP//case//33 förenklingssyfte//NN|NEU|SIN|IND|NOM//obl//34 föreslås//VB|PRS|SFO//parataxis//1 att//SN//mark//36 handelsbolag//NN|NEU|PLU|IND|NOM//nsubj//50 med//PP//case//40 enbart//AB//advmod//39 fysiska//JJ|POS|UTR/NEU|PLU|IND/DEF|NOM//amod//40 personer//NN|UTR|PLU|IND|NOM//obl//36 som//KN//obl//44 delägare//NN|UTR|PLU|IND|NOM//nsubj//44 skall//VB|PRS|AKT//aux//44 ges//VB|INF|SFO//acl:relcl//40 samma//DT|UTR/NEU|SIN/PLU|IND//det//46 möjlighet//NN|UTR|SIN|IND|NOM//obj//44 som//KN//mark//49 enskilda//JJ|POS|UTR/NEU|PLU|IND/DEF|NOM//amod//49 näringsidkare//NN|UTR|PLU|IND|NOM//acl//46 har//VB|PRS|AKT//dep//34 enligt//PP//case//52 årsredovisningslagen//NN|UTR|SIN|DEF|NOM//obl//50 att//IE//mark//54 välja//VB|INF|AKT//acl//52 att//IE//mark//56 redovisa//VB|INF|AKT//xcomp//54 samtliga//JJ|POS|UTR/NEU|PLU|IND|NOM//amod//58 djur//NN|NEU|PLU|IND|NOM//obj//56 som//KN//case//60 omsättningstillgångar//NN|UTR|PLU|IND|NOM//obl//56 ,//MID//punct//63 oavsett//PP//case//63 avsikten//NN|UTR|SIN|DEF|NOM//obl//56 med//PP//case//65 innehavet//NN|NEU|SIN|DEF|NOM//nmod//63 .//MAD//punct//1

