Utredningsuppdraget;Utredningen//NN|UTR|SIN|DEF|NOM//nsubj//2 har//VB|PRS|AKT//aux//2 haft//VB|SUP|AKT//ROOT//2 i//PP//case//4 uppdrag//NN|NEU|SIN|IND|NOM//obj//2 att//IE//mark//6 se//VB|INF|AKT//acl//4 över//PL//case//8 bestämmelserna//NN|UTR|PLU|DEF|NOM//obl//6 om//PP//case//10 beräkning//NN|UTR|SIN|IND|NOM//obl//6 av//PP//case//12 skattetillägg//NN|NEU|SIN|IND|NOM//nmod//10 i//PP//case//14 skatteförfarandelagen//NN|UTR|SIN|DEF|NOM//nmod//10 (//PAD//punct//16 2011:1244//RG|NOM//nmod//10 )//PAD//punct//16 ,//MID//punct//20 förkortad//PC|PRF|UTR|SIN|IND|NOM//amod//20 SFL//PM|NOM//conj//10 .//MAD//punct//2
Utredningsuppdraget;Syftet//NN|NEU|SIN|DEF|NOM//nsubj//26 med//PP//case//24 översynen//NN|UTR|SIN|DEF|NOM//nmod//22 har//VB|PRS|AKT//aux//26 varit//VB|SUP|AKT//parataxis//2 att//IE//mark//28 förstärka//VB|INF|AKT//xcomp//26 skattetilläggets//NN|NEU|SIN|DEF|GEN//nmod:poss//31 allmänpreventiva//JJ|POS|UTR/NEU|SIN|DEF|NOM//amod//31 effekt//NN|UTR|SIN|IND|NOM//obj//28 och//KN//cc//34 att//IE//mark//34 göra//VB|INF|AKT//conj//28 sanktionssystemet//NN|NEU|SIN|DEF|NOM//obj//34 mer//AB|KOM//advmod//37 legitimt//AB|POS//xcomp//34 och//KN//cc//39 rättvist//JJ|POS|NEU|SIN|IND|NOM//conj//37 .//MAD//punct//2
Utredningsuppdraget;Det//PN|NEU|SIN|DEF|SUB/OBJ//nsubj//3 har//VB|PRS|AKT//aux//3 inte//AB//advmod//3 ingått//VB|SUP|AKT//ROOT//3 i//PP//case//6 utredningens//NN|UTR|SIN|DEF|GEN//nmod:poss//6 uppdrag//NN|NEU|SIN|IND|NOM//obl//3 att//IE//mark//8 se//VB|INF|AKT//acl//6 över//PL//case//10 bestämmelserna//NN|UTR|PLU|DEF|NOM//obl//8 om//PP//case//12 tillämpningsområdet//NN|NEU|SIN|DEF|NOM//obl//8 för//PP//case//14 skattetillägg//NN|NEU|SIN|IND|NOM//nmod//12 ,//MID//punct//16 förutsättningarna//NN|UTR|PLU|DEF|NOM//conj//3 för//PP//mark//19 att//IE//mark//19 ta//VB|INF|AKT//acl//16 ut//PL//compound:prt//19 skattetillägg//NN|NEU|SIN|IND|NOM//obj//19 ,//MID//punct//23 befrielse//NN|UTR|SIN|IND|NOM//conj//16 från//PP//case//26 särskilda//PC|PRF|UTR/NEU|PLU|IND/DEF|NOM//amod//26 avgifter//NN|UTR|PLU|IND|NOM//nmod//23 eller//KN//cc//28 beslut//NN|NEU|PLU|IND|NOM//conj//26 om//PP//case//30 skattetillägg//NN|NEU|SIN|IND|NOM//nmod//28 ,//MID//punct//16 dvs.//AB|AN//advmod//33 49//RG|NOM//nummod//34 kap.//NN|AN//nmod//35 2–10//RG|NOM//nmod//16 c//NN|NEU|SIN|IND|NOM//case//38 §//NN|AN//nmod//38 §//NN|AN//nmod//35 ,//MID//punct//35 51//RG|NOM//nummod//41 kap.//NN|AN//appos//35 och//KN//cc//41 52//RG|NOM//nummod//44 kap.//NN|AN//nmod//45 3–8//RG|NOM//nmod//35 a//NN|NEU|SIN|IND|NOM//case//49 §//NN|AN//nmod//49 §//NN|AN//nmod//49 SFL//PM|NOM//nmod//45 .//MAD//punct//3

Allmänprevention och uppfattningar om regelverket;I//PP//case//1 uppdraget//NN|NEU|SIN|DEF|NOM//obl//3 har//VB|PRS|AKT//aux//3 ingått//VB|SUP|AKT//ROOT//3 att//IE//mark//5 analysera//VB|INF|AKT//xcomp//3 vilken//HD|UTR|SIN|IND//det//7 inverkan//NN|UTR|SIN|IND|NOM//nmod//8 utformningen//NN|UTR|SIN|DEF|NOM//nsubj//16 av//PP//case//10 bestämmelserna//NN|UTR|PLU|DEF|NOM//nmod//8 om//PP//case//12 beräkning//NN|UTR|SIN|IND|NOM//nmod//10 av//PP//case//14 skattetillägg//NN|NEU|SIN|IND|NOM//nmod//12 har//VB|PRS|AKT//aux//16 haft//VB|SUP|AKT//ccomp//5 på//PP//case//20 skattetilläggets//NN|NEU|SIN|DEF|GEN//nmod:poss//20 allmänpreventiva//JJ|POS|UTR/NEU|SIN|DEF|NOM//amod//20 effekt//NN|UTR|SIN|IND|NOM//obl//16 och//KN//cc//24 hur//HA//advmod//24 regelverket//NN|NEU|SIN|DEF|NOM//nsubj:pass//24 uppfattas//VB|PRS|SFO//conj//5 .//MAD//punct//3
Allmänprevention och uppfattningar om regelverket;Utredningen//NN|UTR|SIN|DEF|NOM//nsubj//28 har//VB|PRS|AKT//aux//28 tolkat//VB|SUP|AKT//parataxis//3 uppdraget//NN|NEU|SIN|DEF|NOM//obj//28 i//PP//case//32 denna//DT|UTR|SIN|DEF//det//32 del//NN|UTR|SIN|IND|NOM//obl//28 något//AB//obj//28 vidare//JJ|KOM|UTR/NEU|SIN/PLU|IND/DEF|NOM//fixed//33 och//KN//cc//36 undersökt//VB|SUP|AKT//conj//28 vilken//HD|UTR|SIN|IND//advmod//38 allmänpreventiv//JJ|POS|UTR|SIN|IND|NOM//det//39 effekt//NN|UTR|SIN|IND|NOM//obj//36 skattetillägget//NN|NEU|SIN|DEF|NOM//obj//36 i//PP//advmod//44 stort//JJ|POS|NEU|SIN|IND|NOM//fixed//41 kan//VB|PRS|AKT//aux//44 anses//VB|INF|SFO//advcl//3 ha//VB|INF|AKT//aux//46 haft//VB|SUP|AKT//xcomp//44 och//KN//cc//52 hur//HA//advmod//52 regelverket//NN|NEU|SIN|DEF|NOM//nsubj:pass//52 om//PP//case//51 skattetillägg//NN|NEU|SIN|IND|NOM//nmod//49 uppfattas//VB|PRS|SFO//conj//44 ,//MID//punct//56 men//KN//cc//56 med//PP//case//56 fokus//NN|NEU|SIN|IND|NOM//conj//52 på//PP//case//58 beräkningsbestämmelserna//NN|UTR|PLU|DEF|NOM//nmod//56 .//MAD//punct//3
Allmänprevention och uppfattningar om regelverket;Utredningen//NN|UTR|SIN|DEF|NOM//nsubj//4 har//VB|PRS|AKT//aux//4 i//PP//case//3 analysen//NN|UTR|SIN|DEF|NOM//obl//4 funnit//VB|SUP|AKT//ROOT//4 att//SN//mark//8 skattetillägget//NN|NEU|SIN|DEF|NOM//nsubj//8 har//VB|PRS|AKT//aux//8 haft//VB|SUP|AKT//ccomp//4 en//DT|UTR|SIN|IND//det//12 god//JJ|POS|UTR|SIN|IND|NOM//amod//12 allmänpreventiv//JJ|POS|UTR|SIN|IND|NOM//amod//12 effekt//NN|UTR|SIN|IND|NOM//obj//8 .//MAD//punct//4
Allmänprevention och uppfattningar om regelverket;I//PP//advmod//9 fråga//NN|UTR|SIN|IND|NOM//fixed//0 om//PP//mark//5 hur//HA//advmod//5 regelverket//NN|NEU|SIN|DEF|NOM//nsubj:pass//5 uppfattas//VB|PRS|SFO//acl//1 har//VB|PRS|AKT//aux//9 utredningen//NN|UTR|SIN|DEF|NOM//nsubj//9 kunnat//VB|SUP|AKT//aux//9 konstatera//VB|INF|AKT//ROOT//9 att//SN//mark//12 skattetillägget//NN|NEU|SIN|DEF|NOM//nsubj:pass//12 upplevs//VB|PRS|SFO//ccomp//9 som//KN//mark//17 en//DT|UTR|SIN|IND//det//17 huvudsakligen//AB//advmod//16 fungerande//PC|PRS|UTR/NEU|SIN/PLU|IND/DEF|NOM//amod//17 sanktion//NN|UTR|SIN|IND|NOM//obl//12 .//MAD//punct//9
Allmänprevention och uppfattningar om regelverket;Kritik//NN|UTR|SIN|IND|NOM//nsubj//22 har//VB|PRS|AKT//aux//22 dock//AB//advmod//22 kommit//VB|SUP|AKT//parataxis//9 fram//PL//advmod//22 mot//PP//case//25 komplexiteten//NN|UTR|SIN|DEF|NOM//obl//22 i//PP//case//27 sättet//NN|NEU|SIN|DEF|NOM//nmod//25 att//IE//mark//29 beräkna//VB|INF|AKT//acl//25 skattetillägg//NN|NEU|SIN|IND|NOM//obj//29 ,//MID//punct//22 att//SN//mark//36 skattetilläggets//NN|NEU|SIN|DEF|GEN//nmod:poss//34 storlek//NN|UTR|SIN|IND|NOM//nsubj//36 är//VB|PRS|AKT//cop//36 svår//JJ|POS|UTR|SIN|IND|NOM//ccomp//22 att//IE//mark//38 förutse//VB|INF|AKT//advcl//36 och//KN//cc//41 mot//PP//case//41 orättvisa//NN|UTR|SIN|IND|NOM//conj//38 i//PP//case//43 systemet//NN|NEU|SIN|DEF|NOM//nmod//41 ,//MID//punct//36 bl.a.//AB|AN//advmod//47 i//PP//case//47 underskottsfall//NN|UTR|SIN|IND|NOM//obl//36 .//MAD//punct//9
Allmänprevention och uppfattningar om regelverket;Det//PN|NEU|SIN|DEF|SUB/OBJ//expl//50 råder//VB|PRS|AKT//parataxis//9 ingen//DT|UTR|SIN|IND//det//52 tvekan//NN|UTR|SIN|IND|NOM//nsubj//50 om//PP//mark//62 att//SN//mark//62 det//DT|NEU|SIN|DEF//det//57 nuvarande//PC|PRS|UTR/NEU|SIN/PLU|IND/DEF|NOM//amod//57 systemet//NN|NEU|SIN|DEF|NOM//nsubj:pass//62 för//PP//case//59 beräkning//NN|UTR|SIN|IND|NOM//nmod//57 av//PP//case//61 skattetillägg//NN|NEU|SIN|IND|NOM//nmod//59 uppfattas//VB|PRS|SFO//acl//52 ha//VB|INF|AKT//xcomp//62 sin//PS|UTR|SIN|DEF//nmod:poss//66 främsta//JJ|SUV|UTR/NEU|SIN/PLU|DEF|NOM//amod//66 komplikation//NN|UTR|SIN|IND|NOM//obj//63 i//PP//mark//73 att//SN//mark//73 det//PN|NEU|SIN|DEF|SUB/OBJ//expl//73 inte//AB//advmod//73 sällan//AB//advmod//73 är//VB|PRS|AKT//cop//73 förenat//PC|PRF|NEU|SIN|IND|NOM//advcl//63 med//PP//case//76 stora//JJ|POS|UTR/NEU|PLU|IND/DEF|NOM//amod//76 svårigheter//NN|UTR|PLU|IND|NOM//obl//73 att//IE//mark//78 beräkna//VB|INF|AKT//acl//76 skattetillägg//NN|NEU|SIN|IND|NOM//obj//78 i//PP//case//82 de//DT|UTR/NEU|PLU|DEF//det//82 fall//NN|NEU|PLU|IND|NOM//obl//78 när//HA//mark//86 skatten//NN|UTR|SIN|DEF|NOM//nsubj//86 är//VB|PRS|AKT//cop//86 progressiv//JJ|POS|UTR|SIN|IND|NOM//advcl//78 .//MAD//punct//50
Allmänprevention och uppfattningar om regelverket;Även//AB//mark//92 om//SN//fixed//88 den//DT|UTR|SIN|DEF//det//91 enskilde//JJ|POS|MAS|SIN|DEF|NOM//nsubj//92 har//VB|PRS|AKT//advcl//103 god//JJ|POS|UTR|SIN|IND|NOM//amod//94 kännedom//NN|UTR|SIN|IND|NOM//obj//92 om//PP//case//96 skattetilläggsreglerna//NN|UTR|PLU|DEF|NOM//nmod//94 kan//VB|PRS|AKT//aux//103 det//PN|NEU|SIN|DEF|SUB/OBJ//expl//103 i//PP//case//101 vissa//JJ|POS|UTR/NEU|PLU|IND/DEF|NOM//amod//101 fall//NN|NEU|PLU|IND|NOM//obl//103 vara//VB|INF|AKT//cop//103 omöjligt//JJ|POS|NEU|SIN|IND|NOM//advmod//50 att//IE//mark//105 förutse//VB|INF|AKT//csubj//103 hur//HA//advmod//107 stort//JJ|POS|NEU|SIN|IND|NOM//ccomp//105 ett//DT|NEU|SIN|IND//det//109 skattetillägg//NN|NEU|SIN|IND|NOM//nsubj//107 kommer//VB|PRS|AKT//aux//112 att//IE//mark//112 bli//VB|INF|AKT//conj//50 och//KN//cc//117 utifrån//PP//case//116 ett//DT|NEU|SIN|IND//det//116 beslut//NN|NEU|SIN|IND|NOM//obl//117 bedöma//VB|INF|AKT//conj//112 om//SN//mark//122 skattetillägget//NN|NEU|SIN|DEF|NOM//nsubj//122 är//VB|PRS|AKT//cop//122 rätt//AB//advmod//122 beräknat//PC|PRF|NEU|SIN|IND|NOM//advcl//117 ,//MID//punct//122 t.ex.//AB|AN//advmod//126 efter//PP//case//126 rätträkning//NN|UTR|SIN|IND|NOM//obl//122 och//KN//cc//130 när//HA//mark//130 skattetillägg//NN|NEU|SIN|IND|NOM//nsubj:pass//130 beräknats//VB|SUP|SFO//conj//122 på//PP//case//133 fiktiv//JJ|POS|UTR|SIN|IND|NOM//amod//133 skatt//NN|UTR|SIN|IND|NOM//obl//130 .//MAD//punct//50
Allmänprevention och uppfattningar om regelverket;Dessutom//AB//advmod//140 kan//VB|PRS|AKT//aux//140 storleken//NN|UTR|SIN|DEF|NOM//nsubj//140 på//PP//case//139 skattetillägget//NN|NEU|SIN|DEF|NOM//nmod//137 variera//VB|INF|AKT//parataxis//50 mellan//PP//case//142 personer//NN|UTR|PLU|IND|NOM//obl//140 trots//PP//case//146 identiska//JJ|POS|UTR/NEU|PLU|IND/DEF|NOM//amod//146 oriktiga//JJ|POS|UTR/NEU|PLU|IND/DEF|NOM//amod//146 uppgifter//NN|UTR|PLU|IND|NOM//nmod//142 .//MAD//punct//50
Allmänprevention och uppfattningar om regelverket;Det//PN|NEU|SIN|DEF|SUB/OBJ//expl//151 har//VB|PRS|AKT//aux//151 också//AB//advmod//151 visat//VB|SUP|AKT//conj//50 sig//PN|UTR/NEU|SIN/PLU|DEF|OBJ//obj//151 vara//VB|INF|AKT//cop//154 förenat//PC|PRF|NEU|SIN|IND|NOM//xcomp//151 med//PP//case//157 uppenbara//JJ|POS|UTR/NEU|PLU|IND/DEF|NOM//amod//157 svårigheter//NN|UTR|PLU|IND|NOM//obl//154 för//PP//case//159 den//PN|UTR|SIN|DEF|SUB/OBJ//nmod//157 som//HP|-|-|-//nsubj//161 fattat//VB|SUP|AKT//acl:relcl//159 beslut//NN|NEU|SIN|IND|NOM//obj//161 om//PP//case//164 skattetillägg//NN|NEU|SIN|IND|NOM//obl//161 att//IE//mark//170 i//PP//case//169 nyss//AB//advmod//168 nämnda//PC|PRF|UTR/NEU|SIN|DEF|NOM//amod//169 fall//NN|NEU|SIN|IND|NOM//obl//170 förklara//VB|INF|AKT//acl//164 beräkningarna//NN|UTR|PLU|DEF|NOM//obj//170 på//PP//case//175 ett//DT|NEU|SIN|IND//det//175 begripligt//JJ|POS|NEU|SIN|IND|NOM//amod//175 sätt//NN|NEU|SIN|IND|NOM//nmod//171 för//PP//case//178 den//DT|UTR|SIN|DEF//det//178 enskilde//JJ|POS|MAS|SIN|DEF|NOM//nmod//175 .//MAD//punct//151
Allmänprevention och uppfattningar om regelverket;Komplikationerna//NN|UTR|PLU|DEF|NOM//nsubj//183 i//PP//case//182 beräkningarna//NN|UTR|PLU|DEF|NOM//nmod//180 gör//VB|PRS|AKT//parataxis//151 att//SN//mark//187 systemet//NN|NEU|SIN|DEF|NOM//nsubj//187 är//VB|PRS|AKT//cop//187 svårtillämpat//PC|PRF|NEU|SIN|IND|NOM//ccomp//183 .//MID//punct//151
Allmänprevention och uppfattningar om regelverket;Svårigheterna//NN|UTR|PLU|DEF|NOM//nsubj:pass//190 uppfattas//VB|PRS|SFO//parataxis//151 dock//AB//advmod//190 inte//AB//advmod//190 som//KN//mark//195 lika//AB//advmod//195 stora//JJ|POS|UTR/NEU|PLU|IND/DEF|NOM//xcomp//190 inom//PP//case//197 områdena//NN|NEU|PLU|DEF|NOM//obl//190 för//PP//case//199 mervärdesskatt//NN|UTR|SIN|IND|NOM//nmod//197 ,//MID//punct//201 punktskatter//NN|UTR|PLU|IND|NOM//conj//199 och//KN//cc//203 arbetsgivaravgifter//NN|UTR|PLU|IND|NOM//conj//199 .//MAD//punct//151

Beräkningsmodeller;Utredningen//NN|UTR|SIN|DEF|NOM//nsubj//1 har//VB|PRS|AKT//ROOT//1 utifrån//PP//case//3 analysen//NN|UTR|SIN|DEF|NOM//obl//1 av//PP//case//5 bestämmelserna//NN|UTR|PLU|DEF|NOM//nmod//3 om//PP//case//7 beräkning//NN|UTR|SIN|IND|NOM//nmod//5 av//PP//case//9 skattetillägg//NN|NEU|SIN|IND|NOM//nmod//7 skisserat//VB|SUP|AKT//xcomp//1 och//KN//cc//12 utvärderat//VB|SUP|AKT//conj//10 tre//RG|NOM//nummod//15 alternativa//JJ|POS|UTR/NEU|PLU|IND/DEF|NOM//amod//15 modeller//NN|UTR|PLU|IND|NOM//obj//10 för//PP//case//17 beräkning//NN|UTR|SIN|IND|NOM//obl//1 av//PP//case//19 skattetillägg//NN|NEU|SIN|IND|NOM//nmod//17 .//MAD//punct//1
Beräkningsmodeller;Modellerna//NN|UTR|PLU|DEF|NOM//nsubj//22 har//VB|PRS|AKT//parataxis//1 sina//PS|UTR/NEU|PLU|DEF//nmod:poss//24 styrkor//NN|UTR|PLU|IND|NOM//obj//22 och//KN//cc//26 svagheter//NN|UTR|PLU|IND|NOM//conj//24 .//MAD//punct//22
Beräkningsmodeller;Ingen//PN|UTR|SIN|IND|SUB/OBJ//nsubj//32 av//PP//case//30 modellerna//NN|UTR|PLU|DEF|NOM//nmod//28 är//VB|PRS|AKT//cop//32 invändningsfri//JJ|POS|UTR|SIN|IND|NOM//conj//22 .//MAD//punct//22
Beräkningsmodeller;Utredningen//NN|UTR|SIN|DEF|NOM//nsubj//37 har//VB|PRS|AKT//aux//37 därför//AB//advmod//37 eftersträvat//VB|SUP|AKT//parataxis//22 att//IE//mark//39 konstruera//VB|INF|AKT//advcl//37 ett//DT|NEU|SIN|IND//det//42 schabloniserat//PC|PRF|NEU|SIN|IND|NOM//amod//42 system//NN|NEU|SIN|IND|NOM//obj//39 som//HP|-|-|-//nsubj//44 medför//VB|PRS|AKT//acl:relcl//42 beaktansvärda//PC|PRF|UTR/NEU|PLU|IND/DEF|NOM//amod//46 fördelar//NN|UTR|PLU|IND|NOM//obj//44 för//PP//case//48 beräkningen//NN|UTR|SIN|DEF|NOM//obl//44 av//PP//case//50 skattetillägg//NN|NEU|SIN|IND|NOM//nmod//48 i//PP//case//52 fall//NN|NEU|PLU|IND|NOM//nmod//48 där//HA//advmod//56 skatten//NN|UTR|SIN|DEF|NOM//nsubj//56 är//VB|PRS|AKT//cop//56 progressiv//JJ|POS|UTR|SIN|IND|NOM//acl:relcl//48 utan//PP//mark//62 att//IE//mark//62 för//PP//case//61 den//DT|UTR|SIN|DEF//det//61 skull//NN|UTR|SIN|IND|NOM//obl//62 detaljreglera//VB|INF|AKT//advcl//56 i//PP//case//66 någon//DT|UTR|SIN|IND//det//66 större//JJ|KOM|UTR/NEU|SIN/PLU|IND/DEF|NOM//amod//66 omfattning//NN|UTR|SIN|IND|NOM//obl//62 .//MAD//punct//22
Beräkningsmodeller;Utredningen//NN|UTR|SIN|DEF|NOM//nsubj//70 har//VB|PRS|AKT//aux//70 valt//VB|SUP|AKT//conj//22 den//DT|UTR|SIN|DEF//det//72 modell//NN|UTR|SIN|IND|NOM//obj//70 som//HP|-|-|-//nsubj//75 främst//AB|SUV//advmod//75 löser//VB|PRS|AKT//acl:relcl//72 klarlagda//PC|PRF|UTR/NEU|PLU|IND/DEF|NOM//amod//77 problem//NN|NEU|PLU|IND|NOM//obj//75 och//KN//cc//81 som//HP|-|-|-//nsubj//81 dessutom//AB//advmod//81 uppfyller//VB|PRS|AKT//conj//75 de//DT|UTR/NEU|PLU|DEF//det//83 krav//NN|NEU|PLU|IND|NOM//obj//81 som//HP|-|-|-//nsubj:pass//85 anges//VB|PRS|SFO//acl:relcl//83 i//PP//case//87 direktiven//NN|NEU|PLU|DEF|NOM//obl//85 ,//MID//punct//87 dvs.//AB|AN//advmod//91 att//IE//mark//91 förstärka//VB|INF|AKT//advcl//75 skattetilläggets//NN|NEU|SIN|DEF|GEN//nmod:poss//94 allmänpreventiva//JJ|POS|UTR/NEU|SIN|DEF|NOM//amod//94 effekt//NN|UTR|SIN|IND|NOM//obj//91 och//KN//cc//97 att//IE//mark//97 göra//VB|INF|AKT//conj//91 sanktionssystemet//NN|NEU|SIN|DEF|NOM//obj//97 mer//AB|KOM//advmod//100 legitimt//AB|POS//xcomp//97 och//KN//cc//102 rättvist//JJ|POS|NEU|SIN|IND|NOM//conj//100 ,//MID//punct//70 samtidigt//AB//mark//110 som//HA//fixed//104 reglerna//NN|UTR|PLU|DEF|NOM//nsubj//110 ska//VB|PRS|AKT//aux//110 vara//VB|INF|AKT//cop//110 så//AB//advmod//110 enkla//JJ|POS|UTR/NEU|PLU|IND/DEF|NOM//advcl//70 ,//MID//punct//112 tydliga//JJ|POS|UTR/NEU|PLU|IND/DEF|NOM//conj//110 och//KN//cc//114 lätthanterliga//JJ|POS|UTR/NEU|PLU|IND/DEF|NOM//conj//110 som//KN//mark//116 möjligt//JJ|POS|NEU|SIN|IND|NOM//advcl//110 ,//MID//punct//124 både//KN//cc//124 för//PP//case//124 enskilda//JJ|POS|UTR/NEU|PLU|IND/DEF|NOM//amod//124 och//KN//cc//124 för//PP//case//124 tillämpande//PC|PRS|UTR/NEU|SIN/PLU|IND/DEF|NOM//amod//124 myndigheter//NN|UTR|PLU|IND|NOM//conj//110 .//MAD//punct//1

Förslag om ändrade beräkningsregler för skattetillägg;Systemets//NN|NEU|SIN|DEF|GEN//nmod:poss//2 grundläggande//PC|PRS|UTR/NEU|SIN/PLU|IND/DEF|NOM//amod//2 struktur//NN|UTR|SIN|IND|NOM//ROOT//2
Förslag om ändrade beräkningsregler för skattetillägg;Utredningen//NN|UTR|SIN|DEF|NOM//nsubj//1 har//VB|PRS|AKT//aux//7 så//AB//advmod//6 långt//AB|POS//fixed//2 det//PN|NEU|SIN|DEF|SUB/OBJ//expl//6 varit//VB|SUP|AKT//cop//6 möjligt//JJ|POS|NEU|SIN|IND|NOM//advcl//7 byggt//PC|PRF|NEU|SIN|IND|NOM//ROOT//7 vidare//AB|KOM//advmod//7 på//PP//case//11 nuvarande//PC|PRS|UTR/NEU|SIN/PLU|IND/DEF|NOM//amod//11 bestämmelser//NN|UTR|PLU|IND|NOM//obl//7 om//PP//case//13 beräkning//NN|UTR|SIN|IND|NOM//nmod//11 av//PP//case//15 skattetillägg//NN|NEU|SIN|IND|NOM//nmod//13 .//MAD//punct//7
Förslag om ändrade beräkningsregler för skattetillägg;Nya//JJ|POS|UTR/NEU|PLU|IND/DEF|NOM//amod//18 bestämmelser//NN|UTR|PLU|IND|NOM//nsubj:pass//20 har//VB|PRS|AKT//aux//20 utformats//VB|SUP|SFO//parataxis//7 med//PP//case//29 hänsyn//NN|UTR|SIN|IND|NOM//fixed//21 tagen//PC|PRF|UTR|SIN|IND|NOM//fixed//21 till//PP//fixed//21 framför//PP//fixed//21 allt//PN|NEU|SIN|IND|SUB/OBJ//det//28 den//DT|UTR|SIN|DEF//det//28 erfarenhet//NN|UTR|SIN|IND|NOM//nmod//29 Skatteverket//PM|NOM//obl//20 har//VB|PRS|AKT//advcl//20 av//PP//case//34 den//DT|UTR|SIN|DEF//det//34 nuvarande//PC|PRS|UTR/NEU|SIN/PLU|IND/DEF|NOM//amod//34 regleringen//NN|UTR|SIN|DEF|NOM//obl//30 .//MAD//punct//7
Förslag om ändrade beräkningsregler för skattetillägg;För//PP//mark//5 att//SN//fixed//0 skattetillägg//NN|NEU|SIN|IND|NOM//nsubj:pass//5 ska//VB|PRS|AKT//aux//5 kunna//VB|INF|AKT//aux//5 tas//VB|INF|SFO//advcl//11 ut//PL//compound:prt//5 för//PP//case//10 en//DT|UTR|SIN|IND//det//10 oriktig//JJ|POS|UTR|SIN|IND|NOM//amod//10 uppgift//NN|UTR|SIN|IND|NOM//obl//5 förutsätts//VB|PRS|SFO//ROOT//11 enligt//PP//case//14 nuvarande//PC|PRS|UTR/NEU|SIN/PLU|IND/DEF|NOM//amod//14 huvudregel//NN|UTR|SIN|IND|NOM//obl//11 att//SN//punct//11 den//DT|UTR|SIN|DEF//det//18 oriktiga//JJ|POS|UTR/NEU|SIN|DEF|NOM//amod//18 uppgiften//NN|UTR|SIN|DEF|NOM//dep//15 ,//MID//punct//23 om//SN//mark//23 den//PN|UTR|SIN|DEF|SUB/OBJ//nsubj//23 hade//VB|PRT|AKT//aux//23 godtagits//VB|SUP|SFO//acl:relcl//18 ,//MID//punct//27 skulle//VB|PRT|AKT//aux//27 ha//VB|INF|AKT//aux//27 lett//VB|SUP|AKT//conj//23 till//PP//case//30 lägre//JJ|KOM|UTR/NEU|SIN/PLU|IND/DEF|NOM//amod//30 skatt//NN|UTR|SIN|IND|NOM//obl//27 för//PP//case//33 den//DT|UTR|SIN|DEF//det//33 enskilde//JJ|POS|MAS|SIN|DEF|NOM//obl//27 eller//KN//cc//40 att//SN//mark//40 skatten//NN|UTR|SIN|DEF|NOM//nsubj:pass//40 felaktigt//AB|POS//advmod//40 skulle//VB|PRT|AKT//aux//40 ha//VB|INF|AKT//aux//40 tillgodoräknats//VB|SUP|SFO//conj//23 denne//PN|MAS|SIN|DEF|SUB/OBJ//obj//40 .//MAD//punct//11
Förslag om ändrade beräkningsregler för skattetillägg;Utredningen//NN|UTR|SIN|DEF|NOM//nsubj//2 har//VB|PRS|AKT//aux//2 stannat//VB|SUP|AKT//ROOT//2 för//PP//mark//22 att//SN//mark//22 kopplingen//NN|UTR|SIN|DEF|NOM//nsubj:pass//22 mellan//PP//case//7 skattetillägget//NN|NEU|SIN|DEF|NOM//nmod//5 och//KN//cc//13 en//DT|UTR|SIN|IND//det//13 verklig//JJ|POS|UTR|SIN|IND|NOM//amod//13 eller//KN//cc//12 tänkbar//JJ|POS|UTR|SIN|IND|NOM//conj//10 effekt//NN|UTR|SIN|IND|NOM//conj//7 i//PP//case//18 form//NN|UTR|SIN|IND|NOM//fixed//14 av//PP//fixed//14 undandragen//PC|PRF|UTR|SIN|IND|NOM//amod//18 skatt//NN|UTR|SIN|IND|NOM//nmod//5 vid//PP//case//20 inkomstbeskattningen//NN|UTR|SIN|DEF|NOM//nmod//18 ska//VB|PRS|AKT//aux//22 släppas//VB|INF|SFO//advcl//2 .//MAD//punct//2
Förslag om ändrade beräkningsregler för skattetillägg;För//PP//mark//28 att//SN//mark//28 beräkningarna//NN|UTR|PLU|DEF|NOM//nsubj//28 ska//VB|PRS|AKT//aux//28 bli//VB|INF|AKT//advcl//39 enklare//JJ|KOM|UTR/NEU|SIN/PLU|IND/DEF|NOM//xcomp//28 och//KN//cc//31 förutsägbarheten//NN|UTR|SIN|DEF|NOM//nsubj//38 i//PP//case//36 fråga//NN|UTR|SIN|IND|NOM//fixed//32 om//PP//fixed//32 skattetilläggets//NN|NEU|SIN|DEF|GEN//nmod:poss//36 storlek//NN|UTR|SIN|IND|NOM//nmod//31 ska//VB|PRS|AKT//aux//38 öka//VB|INF|AKT//conj//28 föreslår//VB|PRS|AKT//conj//2 utredningen//NN|UTR|SIN|DEF|NOM//obj//39 att//SN//mark//50 beräkningen//NN|UTR|SIN|DEF|NOM//nsubj//50 av//PP//case//44 skattetillägg//NN|NEU|SIN|IND|NOM//nmod//42 vid//PP//case//46 inkomstbeskattningen//NN|UTR|SIN|DEF|NOM//nmod//44 i//PP//advmod//50 stället//NN|NEU|SIN|DEF|NOM//fixed//47 ska//VB|PRS|AKT//aux//50 ske//VB|INF|AKT//ccomp//39 på//PP//case//52 underlag//NN|NEU|SIN|IND|NOM//obl//50 av//PP//case//56 det//DT|NEU|SIN|DEF//det//56 undanhållna//PC|PRF|UTR/NEU|SIN|DEF|NOM//amod//56 beloppet//NN|NEU|SIN|DEF|NOM//nmod//52 .//MAD//punct//39
Förslag om ändrade beräkningsregler för skattetillägg;Med//PP//case//59 undanhållet//NN|NEU|SIN|DEF|NOM//nmod//60 belopp//NN|NEU|SIN|IND|NOM//obl//39 avses//VB|PRS|SFO//conj//2 det//DT|NEU|SIN|DEF//det//63 belopp//NN|NEU|SIN|IND|NOM//obj//61 som//HP|-|-|-//nsubj:pass//68 inte//AB//advmod//68 skulle//VB|PRT|AKT//aux//68 ha//VB|INF|AKT//aux//68 beskattats//VB|SUP|SFO//acl:relcl//63 enligt//PP//case//70 inkomstskattelagen//NN|UTR|SIN|DEF|NOM//obl//68 (//PAD//punct//70 1999:1229//RG|NOM//appos//70 )//PAD//punct//70 om//PP//mark//79 den//DT|UTR|SIN|DEF//det//77 oriktiga//JJ|POS|UTR/NEU|SIN|DEF|NOM//amod//77 uppgiften//NN|UTR|SIN|DEF|NOM//nsubj:pass//79 hade//VB|PRT|AKT//aux//79 godtagits//VB|SUP|SFO//advcl//68 .//MAD//punct//2
Förslag om ändrade beräkningsregler för skattetillägg;Förslaget//NN|NEU|SIN|DEF|NOM//nsubj//1 innebär//VB|PRS|AKT//ROOT//1 att//SN//mark//10 storleken//NN|UTR|SIN|DEF|NOM//nsubj//10 på//PP//case//5 skattetillägget//NN|NEU|SIN|DEF|NOM//nmod//3 inte//AB//advmod//7 längre//AB|KOM//advmod//10 kommer//VB|PRS|AKT//aux//10 att//IE//mark//10 variera//VB|INF|AKT//ccomp//1 beroende//PC|PRS|UTR/NEU|SIN/PLU|IND/DEF|NOM//case//14 på//PP//fixed//11 vilket//HD|NEU|SIN|IND//det//14 inkomstslag//NN|NEU|SIN|IND|NOM//obl//10 som//HP|-|-|-//nsubj:pass//16 avses//VB|PRS|SFO//acl:relcl//14 ,//MID//punct//21 eller//KN//cc//21 om//SN//mark//21 skattetillägget//NN|NEU|SIN|DEF|NOM//nsubj//21 avser//VB|PRS|AKT//conj//16 juridiska//JJ|POS|UTR/NEU|PLU|IND/DEF|NOM//amod//23 personer//NN|UTR|PLU|IND|NOM//obj//21 ,//MID//punct//26 fysiska//JJ|POS|UTR/NEU|PLU|IND/DEF|NOM//amod//26 personer//NN|UTR|PLU|IND|NOM//conj//23 eller//KN//cc//28 dödsbon//NN|NEU|PLU|IND|NOM//conj//23 .//MAD//punct//1
Förslag om ändrade beräkningsregler för skattetillägg;När//HA//case//3 det//PN|NEU|SIN|DEF|SUB/OBJ//fixed//0 gäller//VB|PRS|AKT//fixed//0 beräkning//NN|UTR|SIN|IND|NOM//obl//8 av//PP//case//5 skattetillägg//NN|NEU|SIN|IND|NOM//nmod//3 i//PP//case//7 underskottsfall//NN|UTR|SIN|IND|NOM//nmod//5 föreslår//VB|PRS|AKT//ROOT//8 utredningen//NN|UTR|SIN|DEF|NOM//obj//8 att//SN//mark//14 beräkningen//NN|UTR|SIN|DEF|NOM//nsubj:pass//14 inte//AB//advmod//14 ska//VB|PRS|AKT//aux//14 påverkas//VB|INF|SFO//ccomp//8 av//PP//mark//18 att//SN//mark//18 det//PN|NEU|SIN|DEF|SUB/OBJ//nsubj//18 handlar//VB|PRS|AKT//advcl//14 om//PP//case//21 ett//DT|NEU|SIN|IND//det//21 underskott//NN|NEU|SIN|IND|NOM//obl//18 utan//PP//mark//26 att//SN//mark//26 beloppet//NN|NEU|SIN|DEF|NOM//nsubj:pass//26 ska//VB|PRS|AKT//aux//26 behandlas//VB|INF|SFO//acl//21 på//PP//case//29 samma//DT|UTR/NEU|SIN/PLU|IND//det//29 sätt//NN|NEU|SIN|IND|NOM//obl//26 som//KN//mark//32 ett//DT|NEU|SIN|IND//det//32 överskott//NN|NEU|SIN|IND|NOM//acl//29 .//MAD//punct//8
Förslag om ändrade beräkningsregler för skattetillägg;Det//PN|NEU|SIN|DEF|SUB/OBJ//expl//35 finns//VB|PRS|SFO//parataxis//8 enligt//PP//case//38 utredningens//NN|UTR|SIN|DEF|GEN//nmod:poss//38 mening//NN|UTR|SIN|IND|NOM//obl//35 inte//AB//advmod//35 några//DT|UTR/NEU|PLU|IND//det//42 principiella//JJ|POS|UTR/NEU|PLU|IND/DEF|NOM//amod//42 skäl//NN|NEU|PLU|IND|NOM//nsubj//35 som//HP|-|-|-//nsubj//44 motiverar//VB|PRS|AKT//acl:relcl//42 att//SN//mark//49 skattetillägget//NN|NEU|SIN|DEF|NOM//nsubj:pass//49 alltjämt//AB//advmod//49 ska//VB|PRS|AKT//aux//49 beräknas//VB|INF|SFO//ccomp//44 på//PP//case//53 endast//AB//advmod//53 en//DT|UTR|SIN|IND//det//53 fjärdedel//NN|UTR|SIN|IND|NOM//obl//49 av//PP//case//55 underlaget//NN|NEU|SIN|DEF|NOM//nmod//53 ,//MID//punct//53 särskilt//AB//advmod//61 som//HA//mark//61 det//PN|NEU|SIN|DEF|SUB/OBJ//expl//61 påtagligt//AB|POS//advmod//61 komplicerar//VB|PRS|AKT//advcl//35 beräkningarna//NN|UTR|PLU|DEF|NOM//obj//61 .//MAD//punct//35
Förslag om ändrade beräkningsregler för skattetillägg;När//HA//case//4 det//PN|NEU|SIN|DEF|SUB/OBJ//fixed//0 gäller//VB|PRS|AKT//fixed//0 andra//JJ|POS|UTR/NEU|PLU|IND/DEF|NOM//amod//4 skatter//NN|UTR|PLU|IND|NOM//obl//31 än//KN//mark//6 inkomstskatt//NN|UTR|SIN|IND|NOM//acl//4 ,//MID//punct//6 dvs.//AB|AN//advmod//9 mervärdesskatt//NN|UTR|SIN|IND|NOM//appos//6 ,//MID//punct//11 punktskatter//NN|UTR|PLU|IND|NOM//conj//9 ,//MID//punct//13 arbetsgivaravgifter//NN|UTR|PLU|IND|NOM//conj//9 och//KN//cc//15 skatteavdrag//NN|NEU|PLU|IND|NOM//conj//9 samt//KN//cc//18 sådan//JJ|POS|UTR|SIN|IND|NOM//amod//18 skatt//NN|UTR|SIN|IND|NOM//conj//6 som//HP|-|-|-//nsubj:pass//20 avses//VB|PRS|SFO//acl:relcl//18 i//PP//case//23 56//RG|NOM//nummod//23 kap.//NN|AN//nmod//26 3//RG|NOM//nummod//25 §//NN|AN//nmod//26 2–4//RG|NOM//obl//20 och//KN//cc//29 6//RG|NOM//nummod//29 SFL//PM|NOM//conj//26 ,//MID//punct//4 anser//VB|PRS|AKT//ROOT//31 utredningen//NN|UTR|SIN|DEF|NOM//nsubj//31 att//SN//mark//40 anknytningen//NN|UTR|SIN|DEF|NOM//nsubj:pass//40 till//PP//case//38 den//DT|UTR|SIN|DEF//det//38 undandragna//PC|PRF|UTR/NEU|SIN|DEF|NOM//amod//38 skatten//NN|UTR|SIN|DEF|NOM//nmod//34 bör//VB|PRS|AKT//aux//40 behållas//VB|INF|SFO//ccomp//31 .//MAD//punct//31
Förslag om ändrade beräkningsregler för skattetillägg;Med//PP//case//44 undandragen//PC|PRF|UTR|SIN|IND|NOM//amod//44 skatt//NN|UTR|SIN|IND|NOM//obl//47 bör//VB|PRS|AKT//aux//47 alltjämt//AB//advmod//47 avses//VB|PRS|SFO//parataxis//31 den//DT|UTR|SIN|DEF//det//49 skattelättnad//NN|UTR|SIN|IND|NOM//nsubj:pass//47 eller//KN//cc//47 ,//MID//punct//47 vad//HP|NEU|SIN|IND//nsubj//53 gäller//VB|PRS|AKT//conj//47 mervärdesskatt//NN|UTR|SIN|IND|NOM//obj//53 och//KN//cc//56 punktskatter//NN|UTR|PLU|IND|NOM//conj//54 ,//MID//punct//61 den//DT|UTR|SIN|DEF//det//61 felaktigt//AB|POS//advmod//60 tillgodoräknade//PC|PRF|UTR/NEU|SIN|DEF|NOM//amod//61 skatt//NN|UTR|SIN|IND|NOM//appos//53 som//KN//obj//68 den//DT|UTR|SIN|DEF//det//65 oriktiga//JJ|POS|UTR/NEU|SIN|DEF|NOM//amod//65 uppgiften//NN|UTR|SIN|DEF|NOM//nsubj//68 skulle//VB|PRT|AKT//aux//68 ha//VB|INF|AKT//aux//68 medfört//VB|SUP|AKT//acl:relcl//61 om//SN//mark//72 den//PN|UTR|SIN|DEF|SUB/OBJ//nsubj//72 hade//VB|PRT|AKT//aux//72 godtagits//VB|SUP|SFO//ccomp//68 .//MAD//punct//31
Förslag om ändrade beräkningsregler för skattetillägg;Rätträkning//NN|UTR|SIN|IND|NOM//ROOT//0 ,//MID//punct//2 proportionering//NN|UTR|SIN|IND|NOM//conj//0 vid//PP//case//5 olika//JJ|POS|UTR/NEU|PLU|IND/DEF|NOM//amod//5 procentsatser//NN|UTR|PLU|IND|NOM//nmod//2 och//KN//cc//7 skattetillägg//NN|NEU|SIN|IND|NOM//conj//5 på//PP//case//10 fiktiv//JJ|POS|UTR|SIN|IND|NOM//amod//10 skatt//NN|UTR|SIN|IND|NOM//nmod//7
Förslag om ändrade beräkningsregler för skattetillägg;Utredningens//NN|UTR|SIN|DEF|GEN//nmod:poss//1 förslag//NN|NEU|SIN|IND|NOM//nsubj//2 innebär//VB|PRS|AKT//ROOT//2 att//SN//mark//9 skattetillägget//NN|NEU|SIN|DEF|NOM//nsubj:pass//9 vid//PP//case//6 inkomstbeskattningen//NN|UTR|SIN|DEF|NOM//nmod//4 dels//KN//advmod//9 ska//VB|PRS|AKT//aux//9 beräknas//VB|INF|SFO//ccomp//2 på//PP//case//11 underlag//NN|NEU|SIN|IND|NOM//obl//9 av//PP//case//15 det//DT|NEU|SIN|DEF//det//15 undanhållna//PC|PRF|UTR/NEU|SIN|DEF|NOM//amod//15 beloppet//NN|NEU|SIN|DEF|NOM//nmod//11 i//PP//case//21 stället//NN|NEU|SIN|DEF|NOM//fixed//16 för//PP//fixed//16 den//DT|UTR|SIN|DEF//det//21 undandragna//PC|PRF|UTR/NEU|SIN|DEF|NOM//amod//21 skatten//NN|UTR|SIN|DEF|NOM//obl//9 ,//MID//punct//25 dels//KN//advmod//25 ska//VB|PRS|AKT//aux//25 beräknas//VB|INF|SFO//conj//2 lika//JJ|POS|UTR/NEU|PLU|IND/DEF|NOM//advmod//28 vid//PP//case//28 överskott//NN|NEU|SIN|IND|NOM//obl//25 och//KN//cc//30 underskott//NN|NEU|SIN|IND|NOM//conj//28 i//PP//case//32 inkomstslagen//NN|UTR|SIN|DEF|NOM//nmod//30 näringsverksamhet//NN|UTR|SIN|IND|NOM//conj//28 och//KN//cc//35 tjänst//NN|UTR|SIN|IND|NOM//conj//33 .//MID//punct//2
Förslag om ändrade beräkningsregler för skattetillägg;Detta//PN|NEU|SIN|DEF|SUB/OBJ//nsubj//38 innebär//VB|PRS|AKT//parataxis//2 att//SN//mark//51 tillämpningsutrymmet//NN|NEU|SIN|DEF|NOM//nsubj//51 för//PP//case//42 regeln//NN|UTR|SIN|DEF|NOM//nmod//40 om//PP//case//44 rätträkning//NN|UTR|SIN|IND|NOM//nmod//42 i//PP//case//50 49//RG|NOM//nummod//47 kap.//NN|AN//obl//49 20//RG|NOM//nummod//49 §//NN|AN//nmod//50 SFL//PM|NOM//nmod//44 faller//VB|PRS|AKT//ccomp//38 bort//PL//compound:prt//51 .//MAD//punct//38
Förslag om ändrade beräkningsregler för skattetillägg;Detsamma//PN|NEU|SIN|DEF|SUB/OBJ//nsubj//55 gäller//VB|PRS|AKT//conj//38 för//PP//case//58 den//DT|UTR|SIN|DEF//det//58 bestämmelse//NN|UTR|SIN|IND|NOM//obl//55 som//HP|-|-|-//nsubj//60 anvisar//VB|PRS|AKT//acl:relcl//58 hur//HA//advmod//64 skattetillägg//NN|NEU|SIN|IND|NOM//nsubj:pass//64 ska//VB|PRS|AKT//aux//64 beräknas//VB|INF|SFO//ccomp//60 när//HA//mark//71 mer//AB|KOM//advmod//68 än//KN//fixed//66 en//DT|UTR|SIN|IND//det//69 procentsats//NN|UTR|SIN|IND|NOM//nsubj:pass//71 ska//VB|PRS|AKT//aux//71 tillämpas//VB|INF|SFO//advcl//64 (//PAD//punct//71 49//RG|NOM//nummod//74 kap.//NN|AN//nmod//77 21//RG|NOM//nummod//76 §//NN|AN//nmod//77 SFL//PM|NOM//obl//71 )//PAD//punct//55 .//MAD//punct//81
Förslag om ändrade beräkningsregler för skattetillägg;Utredningen//NN|UTR|SIN|DEF|NOM//nsubj//81 föreslår//VB|PRS|AKT//conj//38 därför//AB//mark//86 att//SN//fixed//82 dessa//DT|UTR/NEU|PLU|DEF//det//85 bestämmelser//NN|UTR|PLU|IND|NOM//nsubj:pass//86 slopas//VB|PRS|SFO//advcl//81 .//MAD//punct//2
Förslag om ändrade beräkningsregler för skattetillägg;De//DT|UTR/NEU|PLU|DEF//det//2 föreslagna//PC|PRF|UTR/NEU|PLU|IND/DEF|NOM//amod//2 ändringarna//NN|UTR|PLU|DEF|NOM//nsubj//3 innebär//VB|PRS|AKT//ROOT//3 också//AB//advmod//3 att//SN//mark//10 det//PN|NEU|SIN|DEF|SUB/OBJ//nsubj:pass//10 inte//AB//advmod//8 längre//AB|KOM//advmod//9 behöver//VB|PRS|AKT//aux//10 göras//VB|INF|SFO//ccomp//3 skuggbeskattningar//NN|UTR|PLU|IND|NOM//nsubj:pass//10 för//PP//mark//14 att//IE//mark//14 bestämma//VB|INF|AKT//advcl//10 storleken//NN|UTR|SIN|DEF|NOM//obj//14 på//PP//case//17 skattetillägg//NN|NEU|SIN|IND|NOM//obl//14 som//HP|-|-|-//nsubj:pass//20 ska//VB|PRS|AKT//aux//20 beräknas//VB|INF|SFO//acl:relcl//17 på//PP//case//23 fiktiva//JJ|POS|UTR/NEU|PLU|IND/DEF|NOM//amod//23 skatteunderlag//NN|NEU|PLU|IND|NOM//obl//20 .//MAD//punct//3
Förslag om ändrade beräkningsregler för skattetillägg;Kvittningsinvändningar//NN|UTR|PLU|IND|NOM//ROOT//0
Förslag om ändrade beräkningsregler för skattetillägg;Skattetillägget//NN|NEU|SIN|DEF|NOM//nsubj:pass//5 bör//VB|PRS|AKT//aux//5 även//AB//advmod//5 i//PP//case//4 fortsättningen//NN|UTR|SIN|DEF|NOM//obl//5 beräknas//VB|PRS|SFO//ROOT//5 utan//PP//case//7 hänsyn//NN|UTR|SIN|IND|NOM//obl//5 till//PP//case//9 invändningar//NN|UTR|PLU|IND|NOM//obl//5 rörande//PP//case//13 en//DT|UTR|SIN|IND//det//13 annan//JJ|POS|UTR|SIN|IND|NOM//amod//13 fråga//NN|UTR|SIN|IND|NOM//obl//5 än//KN//case//15 den//PN|UTR|SIN|DEF|SUB/OBJ//acl//13 som//HP|-|-|-//nsubj//17 föranlett//VB|SUP|AKT//acl:relcl//15 skattetillägget//NN|NEU|SIN|DEF|NOM//obj//17 .//MAD//punct//5
Förslag om ändrade beräkningsregler för skattetillägg;Ett//DT|NEU|SIN|IND//det//21 system//NN|NEU|SIN|IND|NOM//nsubj//29 där//HA//advmod//27 enbart//AB//advmod//24 oäkta//JJ|POS|UTR/NEU|SIN/PLU|IND/DEF|NOM//amod//25 kvittningsinvändningar//NN|UTR|PLU|IND|NOM//nsubj//27 kan//VB|PRS|AKT//aux//27 påverka//VB|INF|AKT//acl:relcl//21 skattetillägget//NN|NEU|SIN|DEF|NOM//obj//27 inbjuder//VB|PRS|AKT//parataxis//5 inte//AB//advmod//29 till//PP//case//32 missbruk//NN|NEU|SIN|IND|NOM//obl//29 och//KN//cc//38 är//VB|PRS|AKT//cop//38 enligt//PP//case//37 utredningens//NN|UTR|SIN|DEF|GEN//nmod:poss//37 mening//NN|UTR|SIN|IND|NOM//obl//38 rättvist//AB|POS//conj//29 de//DT|UTR/NEU|PLU|DEF//det//40 uppgiftsskyldiga//JJ|POS|UTR/NEU|PLU|IND/DEF|NOM//xcomp//38 emellan//PP//case//38 .//MAD//punct//5
Förslag om ändrade beräkningsregler för skattetillägg;Subjektiva//JJ|POS|UTR/NEU|PLU|IND/DEF|NOM//amod//1 rekvisit//NN|NEU|PLU|IND|NOM//ROOT//1
Förslag om ändrade beräkningsregler för skattetillägg;Den//DT|UTR|SIN|DEF//det//1 sanktionsmätning//NN|UTR|SIN|IND|NOM//nsubj//9 som//HP|-|-|-//nsubj:pass//7 i//PP//case//5 dagens//NN|UTR|SIN|DEF|GEN//nmod:poss//5 skattetilläggssystem//NN|NEU|SIN|IND|NOM//obl//7 kan//VB|PRS|AKT//aux//7 sägas//VB|INF|SFO//acl:relcl//1 förekomma//VB|INF|AKT//xcomp//7 är//VB|PRS|AKT//ROOT//9 med//PP//case//13 undantag//NN|NEU|SIN|IND|NOM//fixed//10 av//PP//fixed//10 beräkning//NN|UTR|SIN|IND|NOM//obl//9 av//PP//case//15 skattetillägg//NN|NEU|SIN|IND|NOM//nmod//13 i//PP//case//17 underskottsfall//NN|UTR|SIN|IND|NOM//nmod//13 ,//MID//punct//13 helt//AB|POS//advmod//22 och//KN//cc//21 hållet//AB//fixed//19 relaterad//PC|PRF|UTR|SIN|IND|NOM//conj//13 till//PP//case//26 den//DT|UTR|SIN|DEF//det//26 undandragna//PC|PRF|UTR/NEU|SIN|DEF|NOM//amod//26 skatten//NN|UTR|SIN|DEF|NOM//obl//22 .//MAD//punct//13
Förslag om ändrade beräkningsregler för skattetillägg;En//DT|UTR|SIN|IND//det//29 följd//NN|UTR|SIN|IND|NOM//appos//9 av//PP//case//32 utredningens//NN|UTR|SIN|DEF|GEN//nmod:poss//32 förslag//NN|NEU|SIN|IND|NOM//nmod//29 om//PP//mark//35 att//SN//mark//35 kopplingen//NN|UTR|SIN|DEF|NOM//nsubj:pass//40 till//PP//case//38 undandragen//PC|PRF|UTR|SIN|IND|NOM//amod//38 skatt//NN|UTR|SIN|IND|NOM//nmod//35 ska//VB|PRS|AKT//aux//40 släppas//VB|INF|SFO//ccomp//9 vid//PP//case//42 inkomstbeskattningen//NN|UTR|SIN|DEF|NOM//obl//40 är//VB|PRS|AKT//cop//9 att//SN//mark//51 sanktionsmätningen//NN|UTR|SIN|DEF|NOM//nsubj:pass//51 i//PP//case//48 sådana//JJ|POS|UTR/NEU|PLU|IND|NOM//amod//48 fall//NN|NEU|PLU|IND|NOM//nmod//45 kommer//VB|PRS|AKT//aux//51 att//IE//mark//51 relateras//VB|INF|SFO//ccomp//9 till//PP//case//56 det//DT|NEU|SIN|DEF//det//54 undanhållna//PC|PRF|UTR/NEU|SIN|DEF|NOM//nmod//56 beloppets//NN|NEU|SIN|DEF|GEN//nmod:poss//56 storlek//NN|UTR|SIN|IND|NOM//obl//51 .//MAD//punct//9
Förslag om ändrade beräkningsregler för skattetillägg;Utredningen//NN|UTR|SIN|DEF|NOM//nsubj//2 har//VB|PRS|AKT//aux//2 diskuterat//VB|SUP|AKT//ROOT//2 om//SN//mark//5 det//PN|NEU|SIN|DEF|SUB/OBJ//expl//5 finns//VB|PRS|SFO//ccomp//2 anledning//NN|UTR|SIN|IND|NOM//nsubj//5 att//IE//mark//11 vid//PP//case//9 sanktionsmätningen//NN|UTR|SIN|DEF|NOM//obl//11 även//AB//advmod//11 ta//VB|INF|AKT//acl//6 hänsyn//NN|UTR|SIN|IND|NOM//obj//11 till//PP//case//15 andra//JJ|POS|UTR/NEU|PLU|IND/DEF|NOM//amod//15 faktorer//NN|UTR|PLU|IND|NOM//obl//11 som//KN//case//18 exempelvis//AB//advmod//18 graden//NN|UTR|SIN|DEF|NOM//obl//11 av//PP//case//20 oaktsamhet//NN|UTR|SIN|IND|NOM//nmod//18 eller//KN//cc//22 uppsåt//NN|NEU|SIN|IND|NOM//conj//20 från//PP//case//26 den//DT|UTR|SIN|DEF//det//26 uppgiftsskyldiges//JJ|POS|MAS|SIN|DEF|GEN//amod//26 sida//NN|UTR|SIN|IND|NOM//nmod//22 .//MAD//punct//2
Förslag om ändrade beräkningsregler för skattetillägg;En//DT|UTR|SIN|IND//det//29 ordning//NN|UTR|SIN|IND|NOM//nsubj//39 med//PP//case//32 subjektiva//JJ|POS|UTR/NEU|PLU|IND/DEF|NOM//amod//32 rekvisit//NN|NEU|PLU|IND|NOM//nmod//29 skulle//VB|PRT|AKT//aux//39 emellertid//AB//advmod//39 enligt//PP//case//37 utredningens//NN|UTR|SIN|DEF|GEN//nmod:poss//37 mening//NN|UTR|SIN|IND|NOM//obl//39 tveklöst//AB|POS//advmod//39 medföra//VB|INF|AKT//parataxis//2 gränsdragningsproblem//NN|NEU|PLU|IND|NOM//obj//39 och//KN//cc//43 svåra//JJ|POS|UTR/NEU|PLU|IND/DEF|NOM//amod//43 bedömningar//NN|UTR|PLU|IND|NOM//conj//40 .//MAD//punct//2
Förslag om ändrade beräkningsregler för skattetillägg;Eftersom//SN//mark//55 överträdelser//NN|UTR|PLU|IND|NOM//nsubj//55 av//PP//case//49 det//DT|NEU|SIN|DEF//det//49 slag//NN|NEU|SIN|IND|NOM//nmod//46 som//HP|-|-|-//nsubj//52 kan//VB|PRS|AKT//aux//52 leda//VB|INF|AKT//acl:relcl//49 till//PP//case//54 skattetillägg//NN|NEU|SIN|IND|NOM//obl//52 förekommer//VB|PRS|AKT//advcl//68 i//PP//case//61 ett//DT|NEU|SIN|IND//det//60 mycket//AB|POS//advmod//59 stort//JJ|POS|NEU|SIN|IND|NOM//amod//60 antal//NN|NEU|SIN|IND|NOM//nmod//61 ärenden//NN|NEU|PLU|IND|NOM//obl//55 är//VB|PRS|AKT//cop//68 det//PN|NEU|SIN|DEF|SUB/OBJ//nsubj//68 enligt//PP//case//66 utredningens//NN|UTR|SIN|DEF|GEN//nmod:poss//66 mening//NN|UTR|SIN|IND|NOM//obl//68 en//DT|UTR|SIN|IND//det//68 förutsättning//NN|UTR|SIN|IND|NOM//parataxis//2 för//PP//case//70 förutsebarhet//NN|UTR|SIN|IND|NOM//nmod//68 ,//MID//punct//72 likformighet//NN|UTR|SIN|IND|NOM//conj//70 och//KN//cc//74 rättvisa//NN|UTR|SIN|IND|NOM//conj//70 vid//PP//case//76 uttag//NN|NEU|SIN|IND|NOM//nmod//68 av//PP//case//78 skattetillägg//NN|NEU|SIN|IND|NOM//nmod//76 att//SN//mark//81 tillägget//NN|NEU|SIN|DEF|NOM//nsubj:pass//81 beräknas//VB|PRS|SFO//acl//68 efter//PP//case//87 relativt//AB|POS//advmod//84 enkla//JJ|POS|UTR/NEU|PLU|IND/DEF|NOM//amod//87 och//KN//cc//86 schabloniserade//PC|PRF|UTR/NEU|PLU|IND/DEF|NOM//conj//84 regler//NN|UTR|PLU|IND|NOM//obl//81 .//MAD//punct//2
Förslag om ändrade beräkningsregler för skattetillägg;Utredningen//NN|UTR|SIN|DEF|NOM//nsubj//92 har//VB|PRS|AKT//aux//92 således//AB//advmod//92 kommit//VB|SUP|AKT//conj//2 fram//PL//advmod//92 till//PP//mark//101 att//SN//mark//101 skattetillägg//NN|NEU|SIN|IND|NOM//nsubj:pass//101 även//AB//advmod//101 i//PP//case//99 fortsättningen//NN|UTR|SIN|DEF|NOM//obl//101 bör//VB|PRS|AKT//aux//101 beräknas//VB|INF|SFO//advcl//92 utan//PP//case//103 hänsyn//NN|UTR|SIN|IND|NOM//obl//101 till//PP//case//106 subjektiva//JJ|POS|UTR/NEU|PLU|IND/DEF|NOM//amod//106 rekvisit//NN|NEU|PLU|IND|NOM//obl//101 .//MAD//punct//92

Skattetilläggets storlek;Generella//JJ|POS|UTR/NEU|PLU|IND/DEF|NOM//amod//1 nivåer//NN|UTR|PLU|IND|NOM//ROOT//1
Skattetilläggets storlek;För//PP//case//1 närvarande//NN|NEU|SIN|IND|NOM//obl//2 uppgår//VB|PRS|AKT//ROOT//2 skattetillägget//NN|NEU|SIN|DEF|NOM//nsubj//2 vid//PP//case//6 slutlig//JJ|POS|UTR|SIN|IND|NOM//amod//6 skatt//NN|UTR|SIN|IND|NOM//obl//2 enligt//PP//case//8 huvudregeln//NN|UTR|SIN|DEF|NOM//nmod//6 till//PP//case//11 40//RG|NOM//nummod//11 procent//NN|UTR|PLU|IND|NOM//obl//2 av//PP//case//14 den//DT|UTR|SIN|DEF//det//14 skatt//NN|UTR|SIN|IND|NOM//nmod//11 som//HP|-|-|-//nsubj//22 ,//MID//punct//22 om//SN//mark//22 den//DT|UTR|SIN|DEF//det//20 oriktiga//JJ|POS|UTR/NEU|SIN|DEF|NOM//amod//20 uppgiften//NN|UTR|SIN|DEF|NOM//nsubj:pass//22 hade//VB|PRT|AKT//aux//22 godtagits//VB|SUP|SFO//acl:relcl//14 ,//MID//punct//27 inte//AB//advmod//27 skulle//VB|PRT|AKT//aux//27 ha//VB|INF|AKT//aux//27 bestämts//VB|SUP|SFO//conj//22 för//PP//case//29 den//PN|UTR|SIN|DEF|SUB/OBJ//obl//27 som//HP|-|-|-//nsubj//32 har//VB|PRS|AKT//aux//32 lämnat//VB|SUP|AKT//acl:relcl//29 uppgiften//NN|UTR|SIN|DEF|NOM//obj//32 .//MAD//punct//2
Skattetilläggets storlek;Skattetillägg//NN|NEU|SIN|IND|NOM//nsubj//2 på//PP//case//38 annan//JJ|POS|UTR|SIN|IND|NOM//amod//38 skatt//NN|UTR|SIN|IND|NOM//nmod//35 uppgår//VB|PRS|AKT//conj//2 till//PP//case//42 20//RG|NOM//nummod//42 procent//NN|UTR|PLU|IND|NOM//obl//39 av//PP//case//45 den//DT|UTR|SIN|DEF//det//45 skatt//NN|UTR|SIN|IND|NOM//nmod//42 som//HP|-|-|-//nsubj//53 ,//MID//punct//53 om//SN//mark//53 den//DT|UTR|SIN|DEF//det//51 oriktiga//JJ|POS|UTR/NEU|SIN|DEF|NOM//amod//51 uppgiften//NN|UTR|SIN|DEF|NOM//nsubj:pass//53 hade//VB|PRT|AKT//aux//53 godtagits//VB|SUP|SFO//acl:relcl//45 ,//MID//punct//58 inte//AB//advmod//58 skulle//VB|PRT|AKT//aux//58 ha//VB|INF|AKT//aux//58 bestämts//VB|SUP|SFO//conj//53 för//PP//case//58 eller//KN//cc//65 som//KN//nsubj:pass//65 felaktigt//AB|POS//advmod//65 skulle//VB|PRT|AKT//aux//65 ha//VB|INF|AKT//aux//65 tillgodoräknats//VB|SUP|SFO//conj//53 den//PN|UTR|SIN|DEF|SUB/OBJ//nsubj:pass//65 som//HP|-|-|-//nsubj//69 har//VB|PRS|AKT//aux//69 lämnat//VB|SUP|AKT//acl:relcl//66 uppgiften//NN|UTR|SIN|DEF|NOM//obj//69 .//MAD//punct//2
Skattetilläggets storlek;Det//PN|NEU|SIN|DEF|SUB/OBJ//expl//9 har//VB|PRS|AKT//aux//9 enligt//PP//case//4 utredningens//NN|UTR|SIN|DEF|GEN//nmod:poss//4 mening//NN|UTR|SIN|IND|NOM//obl//9 inte//AB//advmod//9 varit//VB|SUP|AKT//cop//9 någon//DT|UTR|SIN|IND//det//9 enkel//JJ|POS|UTR|SIN|IND|NOM//amod//9 uppgift//NN|UTR|SIN|IND|NOM//ROOT//9 att//IE//mark//11 bestämma//VB|INF|AKT//csubj//9 vilka//HD|UTR/NEU|PLU|IND//det//13 procentsatser//NN|UTR|PLU|IND|NOM//dislocated//16 som//HP|-|-|-//nsubj//16 ska//VB|PRS|AKT//aux//16 gälla//VB|INF|AKT//ccomp//11 i//PP//case//20 det//DT|NEU|SIN|DEF//det//20 nya//JJ|POS|UTR/NEU|SIN|DEF|NOM//amod//20 systemet//NN|NEU|SIN|DEF|NOM//obl//16 .//MAD//punct//9
Skattetilläggets storlek;För//PP//mark//24 att//IE//mark//24 understryka//VB|INF|AKT//advcl//39 vikten//NN|UTR|SIN|DEF|NOM//obj//24 av//PP//mark//33 att//SN//mark//33 den//DT|UTR|SIN|DEF//det//30 uppgiftsskyldige//JJ|POS|MAS|SIN|DEF|NOM//amod//30 noggrant//AB|POS//advmod//33 och//KN//cc//32 omsorgsfullt//AB|POS//conj//30 fullgör//VB|PRS|AKT//acl//25 sin//PS|UTR|SIN|DEF//nmod:poss//35 uppgiftsskyldighet//NN|UTR|SIN|IND|NOM//obj//33 är//VB|PRS|AKT//cop//39 det//PN|NEU|SIN|DEF|SUB/OBJ//expl//39 dock//AB//advmod//39 nödvändigt//JJ|POS|NEU|SIN|IND|NOM//parataxis//9 att//SN//mark//42 skattetillägget//NN|NEU|SIN|DEF|NOM//nsubj//42 är//VB|PRS|AKT//ccomp//39 av//PP//case//47 en//DT|UTR|SIN|IND//det//47 viss//JJ|POS|UTR|SIN|IND|NOM//amod//47 minsta//JJ|SUV|UTR/NEU|SIN/PLU|DEF|NOM//amod//47 storlek//NN|UTR|SIN|IND|NOM//obl//42 .//MAD//punct//9
Skattetilläggets storlek;Utredningen//NN|UTR|SIN|DEF|NOM//nsubj//1 föreslår//VB|PRS|AKT//ROOT//1 att//SN//mark//32 skattetillägg//NN|NEU|SIN|IND|NOM//fixed//2 som//KN//obl//7 huvudregel//NN|UTR|SIN|IND|NOM//nsubj:pass//7 ska//VB|PRS|AKT//aux//7 tas//VB|INF|SFO//acl:relcl//3 ut//PL//compound:prt//7 med//PP//case//11 15//RG|NOM//nummod//11 procent//NN|UTR|PLU|IND|NOM//obl//7 av//PP//case//15 det//DT|NEU|SIN|DEF//det//15 undanhållna//PC|PRF|UTR/NEU|SIN|DEF|NOM//amod//15 beloppet//NN|NEU|SIN|DEF|NOM//nmod//11 ,//MID//punct//3 dvs.//AB|AN//advmod//19 det//DT|NEU|SIN|DEF//det//19 belopp//NN|NEU|SIN|IND|NOM//appos//3 som//HP|-|-|-//nsubj:pass//24 inte//AB//advmod//24 skulle//VB|PRT|AKT//aux//24 ha//VB|INF|AKT//aux//24 beskattats//VB|SUP|SFO//acl:relcl//19 enligt//PP//case//26 inkomstskattelagen//NN|UTR|SIN|DEF|NOM//obl//24 .//MAD//punct//3
Skattetilläggets storlek;Detsamma//PN|NEU|SIN|DEF|SUB/OBJ//nsubj//32 ska//VB|PRS|AKT//aux//32 enligt//PP//case//31 utredningen//NN|UTR|SIN|DEF|NOM//obl//32 gälla//VB|INF|AKT//ccomp//1 om//PP//mark//39 en//DT|UTR|SIN|IND//det//36 oriktig//JJ|POS|UTR|SIN|IND|NOM//amod//36 uppgift//NN|UTR|SIN|IND|NOM//nsubj//39 skulle//VB|PRT|AKT//aux//39 ha//VB|INF|AKT//aux//39 medfört//VB|SUP|AKT//advcl//32 ett//DT|NEU|SIN|IND//det//42 sådant//JJ|POS|NEU|SIN|IND|NOM//amod//42 underskott//NN|NEU|SIN|IND|NOM//obj//39 av//PP//case//44 näringsverksamhet//NN|UTR|SIN|IND|NOM//nmod//42 eller//KN//cc//48 i//PP//case//48 inkomstslaget//NN|NEU|SIN|DEF|NOM//amod//48 tjänst//NN|UTR|SIN|IND|NOM//conj//44 som//HP|-|-|-//nsubj:pass//51 inte//AB//advmod//51 utnyttjas//VB|PRS|SFO//acl:relcl//48 samma//DT|UTR/NEU|SIN/PLU|IND//det//53 beskattningsår//NN|NEU|SIN|IND|NOM//obj//51 .//MAD//punct//1
Skattetilläggets storlek;När//HA//mark//2 det//PN|NEU|SIN|DEF|SUB/OBJ//expl//2 gäller//VB|PRS|AKT//advcl//31 annan//JJ|POS|UTR|SIN|IND|NOM//amod//4 skatt//NN|UTR|SIN|IND|NOM//obj//2 än//KN//mark//6 inkomstskatt//NN|UTR|SIN|IND|NOM//acl//4 ,//MID//punct//6 dvs.//AB|AN//advmod//9 mervärdesskatt//NN|UTR|SIN|IND|NOM//appos//6 ,//MID//punct//11 punktskatter//NN|UTR|PLU|IND|NOM//conj//9 ,//MID//punct//13 arbetsgivaravgifter//NN|UTR|PLU|IND|NOM//conj//9 och//KN//cc//15 skatteavdrag//NN|NEU|PLU|IND|NOM//conj//9 samt//KN//cc//18 sådana//JJ|POS|UTR/NEU|PLU|IND|NOM//amod//18 skatter//NN|UTR|PLU|IND|NOM//conj//6 som//HP|-|-|-//nsubj:pass//20 avses//VB|PRS|SFO//acl:relcl//18 i//PP//case//23 56//RG|NOM//nummod//23 kap.//NN|AN//obl//20 3//RG|NOM//nummod//25 §//NN|AN//nmod//26 2–4//RG|NOM//nmod//23 och//KN//cc//29 6//RG|NOM//nummod//29 SFL//PM|NOM//conj//26 ,//MID//punct//2 ska//VB|PRS|AKT//ROOT//31 skattetillägg//NN|NEU|SIN|IND|NOM//obj//31 som//KN//obl//35 huvudregel//NN|UTR|SIN|IND|NOM//nsubj:pass//35 tas//VB|PRS|SFO//acl:relcl//32 ut//PL//compound:prt//35 med//PP//case//39 20//RG|NOM//nummod//39 procent//NN|UTR|PLU|IND|NOM//obl//35 av//PP//case//43 den//DT|UTR|SIN|DEF//det//43 undandragna//PC|PRF|UTR/NEU|SIN|DEF|NOM//amod//43 skatten//NN|UTR|SIN|DEF|NOM//nmod//39 .//MAD//punct//31
Skattetilläggets storlek;Förhöjda//PC|PRF|UTR/NEU|PLU|IND/DEF|NOM//amod//1 nivåer//NN|UTR|PLU|IND|NOM//ROOT//1
Skattetilläggets storlek;Enligt//PP//case//2 dagens//NN|UTR|SIN|DEF|GEN//nmod:poss//2 regler//NN|UTR|PLU|IND|NOM//obl//3 tas//VB|PRS|SFO//ROOT//3 vid//PP//case//5 beräkning//NN|UTR|SIN|IND|NOM//obl//3 av//PP//case//7 skattetillägg//NN|NEU|SIN|IND|NOM//nmod//5 ingen//DT|UTR|SIN|IND//det//9 hänsyn//NN|UTR|SIN|IND|NOM//nsubj:pass//3 till//PP//mark//18 om//SN//mark//18 det//PN|NEU|SIN|DEF|SUB/OBJ//nsubj//18 i//PP//case//16 det//DT|NEU|SIN|DEF//det//16 enskilda//JJ|POS|UTR/NEU|SIN|DEF|NOM//amod//16 fallet//NN|NEU|SIN|DEF|NOM//obl//18 är//VB|PRS|AKT//cop//18 fråga//NN|UTR|SIN|IND|NOM//acl//9 om//PP//case//20 undandragande//PC|PRS|UTR/NEU|SIN/PLU|IND/DEF|NOM//advcl//18 av//PP//case//23 betydande//PC|PRS|UTR/NEU|SIN/PLU|IND/DEF|NOM//amod//23 skattebelopp//NN|NEU|PLU|IND|NOM//nmod//20 eller//KN//cc//28 om//SN//mark//28 det//PN|NEU|SIN|DEF|SUB/OBJ//expl//28 är//VB|PRS|AKT//cop//28 fråga//NN|UTR|SIN|IND|NOM//conj//20 om//PP//case//31 upprepade//PC|PRF|UTR/NEU|PLU|IND/DEF|NOM//amod//31 felaktigheter//NN|UTR|PLU|IND|NOM//obl//28 .//MAD//punct//3
Skattetilläggets storlek;Utredningen//NN|UTR|SIN|DEF|NOM//nsubj//34 föreslår//VB|PRS|AKT//parataxis//3 att//SN//mark//39 förhöjt//PC|PRF|NEU|SIN|IND|NOM//amod//37 skattetillägg//NN|NEU|SIN|IND|NOM//nsubj:pass//39 ska//VB|PRS|AKT//aux//39 tas//VB|INF|SFO//ccomp//34 ut//PL//compound:prt//39 i//PP//case//43 sådana//JJ|POS|UTR/NEU|PLU|IND|NOM//amod//43 fall//NN|NEU|PLU|IND|NOM//obl//39 i//PP//case//45 syfte//NN|NEU|SIN|IND|NOM//obl//39 att//IE//mark//47 förstärka//VB|INF|AKT//acl//45 skattetilläggets//NN|NEU|SIN|DEF|GEN//nmod:poss//50 allmänpreventiva//JJ|POS|UTR/NEU|SIN|DEF|NOM//amod//50 effekt//NN|UTR|SIN|IND|NOM//obj//47 .//MAD//punct//3
Skattetilläggets storlek;Utredningens//NN|UTR|SIN|DEF|GEN//nmod:poss//1 förslag//NN|NEU|SIN|IND|NOM//nsubj//2 innebär//VB|PRS|AKT//ROOT//2 att//SN//mark//6 skattetillägget//NN|NEU|SIN|DEF|NOM//nsubj:pass//6 ska//VB|PRS|AKT//aux//6 höjas//VB|INF|SFO//ccomp//2 med//PP//case//9 10//RG|NOM//nummod//9 procentenheter//NN|UTR|PLU|IND|NOM//obl//6 om//PP//case//13 det//DT|NEU|SIN|DEF//det//12 undanhållna//PC|PRF|UTR/NEU|SIN|DEF|NOM//amod//13 beloppet//NN|NEU|SIN|DEF|NOM//nmod//9 genom//PP//case//17 en//DT|UTR|SIN|IND//det//17 oriktig//JJ|POS|UTR|SIN|IND|NOM//amod//17 uppgift//NN|UTR|SIN|IND|NOM//nmod//13 eller//KN//cc//21 flera//JJ|POS|UTR/NEU|PLU|IND|NOM//amod//21 oriktiga//JJ|POS|UTR/NEU|PLU|IND/DEF|NOM//amod//21 uppgifter//NN|UTR|PLU|IND|NOM//conj//17 i//PP//case//24 samma//DT|UTR/NEU|SIN/PLU|IND//det//24 inkomstslag//NN|NEU|SIN|IND|NOM//nmod//17 överstiger//VB|PRS|AKT//conj//2 20//RG|NOM//nummod//27 prisbasbelopp//NN|NEU|PLU|IND|NOM//obj//25 ,//MID//punct//38 eller//KN//cc//38 om//SN//mark//38 den//DT|UTR|SIN|DEF//det//33 oriktiga//JJ|POS|UTR/NEU|SIN|DEF|NOM//amod//33 uppgiften//NN|UTR|SIN|DEF|NOM//nsubj//38 är//VB|PRS|AKT//cop//38 en//DT|UTR|SIN|IND//det//38 upprepad//PC|PRF|UTR|SIN|IND|NOM//amod//38 oriktig//JJ|POS|UTR|SIN|IND|NOM//amod//38 uppgift//NN|UTR|SIN|IND|NOM//conj//25 .//MAD//punct//2
Skattetilläggets storlek;Vad//HP|NEU|SIN|IND//nsubj//1 gäller//VB|PRS|AKT//advcl//28 mervärdesskatt//NN|UTR|SIN|IND|NOM//obj//1 ,//MID//punct//4 punktskatter//NN|UTR|PLU|IND|NOM//conj//2 ,//MID//punct//6 arbetsgivaravgifter//NN|UTR|PLU|IND|NOM//conj//2 och//KN//cc//8 skatteavdrag//NN|NEU|PLU|IND|NOM//conj//2 eller//KN//cc//11 sådana//JJ|POS|UTR/NEU|PLU|IND|NOM//amod//11 skatter//NN|UTR|PLU|IND|NOM//conj//2 som//HP|-|-|-//nsubj:pass//13 avses//VB|PRS|SFO//acl:relcl//11 i//PP//case//16 56//RG|NOM//nummod//16 kap.//NN|AN//obl//13 3//RG|NOM//nummod//18 §//NN|AN//nmod//19 2–4//RG|NOM//nmod//16 och//KN//cc//22 6//RG|NOM//nummod//22 SFL//PM|NOM//conj//16 ska//VB|PRS|AKT//aux//28 skattetillägget//NN|NEU|SIN|DEF|NOM//nsubj:pass//28 enligt//PP//case//27 utredningens//NN|UTR|SIN|DEF|GEN//nmod:poss//27 förslag//NN|NEU|SIN|IND|NOM//nmod//24 höjas//VB|INF|SFO//ROOT//28 med//PP//case//31 7//RG|NOM//nummod//31 procentenheter//NN|UTR|PLU|IND|NOM//obl//28 om//PP//case//35 den//DT|UTR|SIN|DEF//det//35 undandragna//PC|PRF|UTR/NEU|SIN|DEF|NOM//amod//35 skatten//NN|UTR|SIN|DEF|NOM//nmod//31 genom//PP//case//39 en//DT|UTR|SIN|IND//det//39 oriktig//JJ|POS|UTR|SIN|IND|NOM//amod//39 uppgift//NN|UTR|SIN|IND|NOM//nmod//35 eller//KN//cc//43 flera//JJ|POS|UTR/NEU|PLU|IND|NOM//amod//43 oriktiga//JJ|POS|UTR/NEU|PLU|IND/DEF|NOM//amod//43 uppgifter//NN|UTR|PLU|IND|NOM//conj//39 i//PP//case//46 samma//DT|UTR/NEU|SIN/PLU|IND//det//46 skatteslag//NN|NEU|SIN|IND|NOM//nmod//39 överstiger//VB|PRS|AKT//conj//28 10//RG|NOM//nummod//49 prisbasbelopp//NN|NEU|PLU|IND|NOM//obj//47 ,//MID//punct//60 eller//KN//cc//60 om//SN//mark//60 den//DT|UTR|SIN|DEF//det//55 oriktiga//JJ|POS|UTR/NEU|SIN|DEF|NOM//amod//55 uppgiften//NN|UTR|SIN|DEF|NOM//nsubj//60 är//VB|PRS|AKT//cop//60 en//DT|UTR|SIN|IND//det//60 upprepad//PC|PRF|UTR|SIN|IND|NOM//amod//60 oriktig//JJ|POS|UTR|SIN|IND|NOM//amod//60 uppgift//NN|UTR|SIN|IND|NOM//conj//47 .//MAD//punct//28
Skattetilläggets storlek;Takbelopp//NN|NEU|SIN|IND|NOM//ROOT//0
Skattetilläggets storlek;Utredningen//NN|UTR|SIN|DEF|NOM//nsubj//1 har//VB|PRS|AKT//aux//9 i//PP//case//5 samband//NN|NEU|SIN|IND|NOM//fixed//2 med//PP//fixed//2 diskussioner//NN|UTR|PLU|IND|NOM//obl//9 om//PP//case//8 skattetilläggets//NN|NEU|SIN|DEF|GEN//nmod:poss//8 storlek//NN|UTR|SIN|IND|NOM//nmod//5 övervägt//VB|SUP|AKT//ROOT//9 om//SN//mark//13 det//PN|NEU|SIN|DEF|SUB/OBJ//expl//13 bör//VB|PRS|AKT//aux//13 införas//VB|INF|SFO//advcl//9 ett//DT|NEU|SIN|IND//det//15 tak//NN|NEU|SIN|IND|NOM//obl//13 i//PP//case//17 uttaget//NN|NEU|SIN|DEF|NOM//nmod//15 av//PP//case//19 skattetillägg//NN|NEU|SIN|IND|NOM//nmod//17 .//MAD//punct//9
Skattetilläggets storlek;En//DT|UTR|SIN|IND//det//22 regel//NN|UTR|SIN|IND|NOM//parataxis//9 som//HP|-|-|-//nsubj//24 begränsar//VB|PRS|AKT//acl:relcl//22 uttaget//NN|NEU|SIN|DEF|NOM//obj//24 av//PP//case//27 skattetillägg//NN|NEU|SIN|IND|NOM//nmod//25 enbart//AB//advmod//24 på//PP//case//31 den//DT|UTR|SIN|DEF//det//31 grunden//NN|UTR|SIN|DEF|NOM//obl//24 att//SN//mark//34 det//PN|NEU|SIN|DEF|SUB/OBJ//nsubj//34 rör//VB|PRS|AKT//acl//31 sig//PN|UTR/NEU|SIN/PLU|DEF|OBJ//obj//34 om//PP//case//39 mycket//AB|POS//advmod//38 höga//JJ|POS|UTR/NEU|PLU|IND/DEF|NOM//amod//39 skattetilläggsbelopp//NN|NEU|PLU|IND|NOM//obl//34 ligger//VB|PRS|AKT//conj//9 emellertid//AB//advmod//40 inte//AB//advmod//40 i//PP//case//47 linje//NN|UTR|SIN|IND|NOM//fixed//43 med//PP//fixed//43 utredningens//NN|UTR|SIN|DEF|GEN//nmod:poss//47 förslag//NN|NEU|SIN|IND|NOM//obl//40 i//PP//advmod//40 övrigt//JJ|POS|NEU|SIN|IND|NOM//fixed//48 .//MAD//punct//9
Skattetilläggets storlek;I//PP//case//52 uppdraget//NN|NEU|SIN|DEF|NOM//obl//53 ingår//VB|PRS|AKT//parataxis//9 enligt//PP//case//55 direktiven//NN|NEU|PLU|DEF|NOM//obl//53 att//IE//mark//57 förstärka//VB|INF|AKT//acl//55 skattetilläggets//NN|NEU|SIN|DEF|GEN//nmod:poss//60 allmänpreventiva//JJ|POS|UTR/NEU|SIN|DEF|NOM//amod//60 effekt//NN|UTR|SIN|IND|NOM//obj//57 .//MAD//punct//9
Skattetilläggets storlek;Mot//PP//case//64 den//DT|UTR|SIN|DEF//det//64 bakgrunden//NN|UTR|SIN|DEF|NOM//obl//67 har//VB|PRS|AKT//aux//67 utredningen//NN|UTR|SIN|DEF|NOM//nsubj//67 föreslagit//VB|SUP|AKT//parataxis//9 att//SN//mark//72 förhöjt//PC|PRF|NEU|SIN|IND|NOM//amod//70 skattetillägg//NN|NEU|SIN|IND|NOM//nsubj:pass//72 ska//VB|PRS|AKT//aux//72 tas//VB|INF|SFO//advcl//67 ut//PL//compound:prt//72 om//PP//case//77 det//DT|NEU|SIN|DEF//det//76 undanhållna//PC|PRF|UTR/NEU|SIN|DEF|NOM//amod//77 beloppet//NN|NEU|SIN|DEF|NOM//obl//72 eller//KN//cc//79 skattebeloppet//NN|NEU|SIN|DEF|NOM//conj//77 uppgår//VB|PRS|AKT//conj//9 till//PP//case//83 betydande//PC|PRS|UTR/NEU|SIN/PLU|IND/DEF|NOM//amod//83 belopp//NN|NEU|SIN|IND|NOM//obl//80 .//MAD//punct//9
Skattetilläggets storlek;Systemet//NN|NEU|SIN|DEF|NOM//nsubj//87 skulle//VB|PRT|AKT//aux//87 bli//VB|INF|AKT//parataxis//9 motsägelsefullt//JJ|POS|NEU|SIN|IND|NOM//xcomp//87 om//PP//mark//90 undandragande//PC|PRS|UTR/NEU|SIN/PLU|IND/DEF|NOM//advcl//87 av//PP//case//93 betydande//PC|PRS|UTR/NEU|SIN/PLU|IND/DEF|NOM//amod//93 belopp//NN|NEU|PLU|IND|NOM//nmod//90 sanktioneras//VB|PRS|SFO//conj//87 strängare//AB|KOM//nsubj:pass//94 än//KN//mark//97 normalt//AB|POS//acl//95 medan//SN//mark//99 undandragande//PC|PRS|UTR/NEU|SIN/PLU|IND/DEF|NOM//advcl//94 av//PP//case//103 synnerligen//AB//advmod//102 höga//JJ|POS|UTR/NEU|PLU|IND/DEF|NOM//amod//103 belopp//NN|NEU|PLU|IND|NOM//obl//99 inte//AB//advmod//105 sanktioneras//VB|PRS|SFO//advcl//87 överhuvudtaget//AB//nsubj:pass//105 .//MAD//punct//87
Skattetilläggets storlek;Utredningen//NN|UTR|SIN|DEF|NOM//nsubj//109 anser//VB|PRS|AKT//conj//9 således//AB//advmod//109 att//SN//mark//118 ett//DT|NEU|SIN|IND//det//113 takbelopp//NN|NEU|SIN|IND|NOM//nsubj:pass//118 för//PP//case//115 skattetillägg//NN|NEU|SIN|IND|NOM//nmod//113 inte//AB//advmod//118 bör//VB|PRS|AKT//aux//118 införas//VB|INF|SFO//ccomp//109 .//MAD//punct//9

Beräkning av skattetillägg i särskilda fall;Utredningen//NN|UTR|SIN|DEF|NOM//nsubj//1 föreslår//VB|PRS|AKT//ROOT//1 att//SN//mark//9 lägre//JJ|KOM|UTR/NEU|SIN/PLU|IND/DEF|NOM//amod//4 skattetillägg//NN|NEU|SIN|IND|NOM//nsubj:pass//9 än//KN//mark//9 i//PP//case//7 normalfallet//NN|NEU|SIN|DEF|NOM//obl//9 ska//VB|PRS|AKT//aux//9 tillämpas//VB|INF|SFO//ccomp//1 i//PP//case//12 två//RG|NOM//nummod//12 fall//NN|NEU|PLU|IND|NOM//obl//9 ,//MID//punct//12 nämligen//AB//advmod//16 vid//PP//case//16 periodiseringsfel//NN|NEU|PLU|IND|NOM//appos//12 och//KN//cc//22 när//HA//mark//22 en//DT|UTR|SIN|IND//det//20 inkomst//NN|UTR|SIN|IND|NOM//nsubj:pass//22 har//VB|PRS|AKT//aux//22 redovisats//VB|SUP|SFO//conj//9 i//PP//case//25 fel//JJ|POS|UTR/NEU|SIN/PLU|IND/DEF|NOM//amod//25 inkomstslag//NN|NEU|SIN|IND|NOM//obl//22 .//MAD//punct//1
Beräkning av skattetillägg i särskilda fall;Periodiseringsfel//NN|NEU|SIN|IND|NOM//ROOT//0
Beräkning av skattetillägg i särskilda fall;Inom//PP//case//2 hela//JJ|POS|UTR/NEU|SIN|DEF|NOM//amod//2 tillämpningsområdet//NN|NEU|SIN|DEF|NOM//obl//9 för//PP//case//4 skattetilläggssystemet//NN|NEU|SIN|DEF|NOM//nmod//2 ska//VB|PRS|AKT//aux//9 enligt//PP//case//8 utredningens//NN|UTR|SIN|DEF|GEN//nmod:poss//8 förslag//NN|NEU|SIN|IND|NOM//obl//9 gälla//VB|INF|AKT//ROOT//9 att//SN//mark//12 periodiseringsfel//NN|NEU|PLU|IND|NOM//nsubj//12 bedöms//VB|PRS|SFO//ccomp//9 väsentligt//AB|POS//advmod//14 mildare//JJ|KOM|UTR/NEU|SIN/PLU|IND/DEF|NOM//xcomp//12 än//KN//mark//17 i//PP//case//17 normalfallet//NN|NEU|SIN|DEF|NOM//obl//12 .//MAD//punct//9
Beräkning av skattetillägg i särskilda fall;I//PP//case//22 åtskilliga//JJ|POS|UTR/NEU|PLU|IND/DEF|NOM//amod//22 sådana//JJ|POS|UTR/NEU|PLU|IND|NOM//amod//22 fall//NN|NEU|PLU|IND|NOM//obl//25 har//VB|PRS|AKT//aux//25 felaktigheten//NN|UTR|SIN|DEF|NOM//nsubj//25 orsakat//VB|SUP|AKT//parataxis//9 endast//AB//advmod//25 att//SN//mark//33 betalning//NN|UTR|SIN|IND|NOM//nsubj:pass//33 av//PP//case//31 ett//DT|NEU|SIN|IND//det//31 skattebelopp//NN|NEU|SIN|IND|NOM//nmod//28 har//VB|PRS|AKT//aux//33 förskjutits//VB|SUP|SFO//ccomp//25 till//PP//case//37 en//DT|UTR|SIN|IND//det//37 senare//JJ|KOM|UTR/NEU|SIN/PLU|IND/DEF|NOM//amod//37 period//NN|UTR|SIN|IND|NOM//obl//33 .//MAD//punct//9
Beräkning av skattetillägg i särskilda fall;Den//DT|UTR|SIN|DEF//det//40 skada//NN|UTR|SIN|IND|NOM//parataxis//9 som//HP|-|-|-//case//43 det//DT|NEU|SIN|DEF//det//43 allmänna//JJ|POS|UTR/NEU|SIN|DEF|NOM//acl:relcl//40 då//AB//advmod//50 lider//VB|PRS|AKT//aux//50 kan//VB|PRS|AKT//aux//50 i//PP//case//49 många//JJ|POS|UTR/NEU|PLU|IND/DEF|NOM//amod//49 fall//NN|NEU|PLU|IND|NOM//obl//50 jämföras//VB|INF|SFO//acl:relcl//40 med//PP//case//53 en//DT|UTR|SIN|IND//det//53 ränteförlust//NN|UTR|SIN|IND|NOM//obl//50 .//MAD//punct//9
Beräkning av skattetillägg i särskilda fall;Utredningen//NN|UTR|SIN|DEF|NOM//nsubj//1 föreslår//VB|PRS|AKT//ROOT//1 att//SN//mark//11 skattetillägg//NN|NEU|SIN|IND|NOM//nsubj:pass//11 på//PP//case//7 grund//NN|UTR|SIN|IND|NOM//fixed//4 av//PP//fixed//4 periodiseringsfel//NN|NEU|PLU|IND|NOM//nmod//3 vid//PP//case//9 inkomstbeskattningen//NN|UTR|SIN|DEF|NOM//nmod//7 ska//VB|PRS|AKT//aux//11 tas//VB|INF|SFO//ccomp//1 ut//PL//compound:prt//11 med//PP//case//15 2//RG|NOM//nummod//15 procent//NN|UTR|PLU|IND|NOM//obl//11 av//PP//case//19 det//DT|NEU|SIN|DEF//det//19 undanhållna//PC|PRF|UTR/NEU|SIN|DEF|NOM//amod//19 beloppet//NN|NEU|SIN|DEF|NOM//nmod//15 .//MAD//punct//1
Beräkning av skattetillägg i särskilda fall;Vad//HP|NEU|SIN|IND//nsubj//22 gäller//VB|PRS|AKT//parataxis//1 övriga//JJ|POS|UTR/NEU|PLU|IND/DEF|NOM//amod//24 fall//NN|NEU|PLU|IND|NOM//obj//22 ska//VB|PRS|AKT//aux//27 skattetillägg//NN|NEU|SIN|IND|NOM//nsubj:pass//27 tas//VB|INF|SFO//conj//1 ut//PL//compound:prt//27 med//PP//case//31 2//RG|NOM//nummod//31 procent//NN|UTR|PLU|IND|NOM//obl//27 av//PP//case//35 den//DT|UTR|SIN|DEF//det//35 undandragna//PC|PRF|UTR/NEU|SIN|DEF|NOM//amod//35 skatten//NN|UTR|SIN|DEF|NOM//nmod//31 .//MAD//punct//1
Beräkning av skattetillägg i särskilda fall;Fel//JJ|POS|UTR/NEU|SIN/PLU|IND/DEF|NOM//amod//1 inkomstslag//NN|NEU|SIN|IND|NOM//ROOT//1
Beräkning av skattetillägg i särskilda fall;Även//AB//advmod//2 de//DT|UTR/NEU|PLU|DEF//det//2 fall//NN|NEU|PLU|IND|NOM//obl//21 där//HA//advmod//7 den//DT|UTR|SIN|DEF//det//6 oriktiga//JJ|POS|UTR/NEU|SIN|DEF|NOM//amod//6 uppgiften//NN|UTR|SIN|DEF|NOM//nsubj//7 består//VB|PRS|AKT//acl:relcl//2 i//PP//mark//13 att//SN//mark//13 en//DT|UTR|SIN|IND//det//11 inkomst//NN|UTR|SIN|IND|NOM//nsubj:pass//13 har//VB|PRS|AKT//aux//13 redovisats//VB|SUP|SFO//advcl//7 i//PP//case//16 fel//JJ|POS|UTR/NEU|SIN/PLU|IND/DEF|NOM//amod//16 inkomstslag//NN|NEU|SIN|IND|NOM//obl//13 bör//VB|PRS|AKT//aux//21 enligt//PP//case//20 utredningens//NN|UTR|SIN|DEF|GEN//nmod:poss//20 mening//NN|UTR|SIN|IND|NOM//obl//21 föranleda//VB|INF|AKT//ROOT//21 en//DT|UTR|SIN|IND//det//24 mildare//JJ|KOM|UTR/NEU|SIN/PLU|IND/DEF|NOM//amod//24 reaktion//NN|UTR|SIN|IND|NOM//obj//21 .//MAD//punct//21
Beräkning av skattetillägg i särskilda fall;Utredningen//NN|UTR|SIN|DEF|NOM//nsubj//1 föreslår//VB|PRS|AKT//ROOT//1 att//SN//mark//8 skattetillägg//NN|NEU|SIN|IND|NOM//nsubj:pass//8 i//PP//case//6 sådana//JJ|POS|UTR/NEU|PLU|IND|NOM//amod//6 fall//NN|NEU|PLU|IND|NOM//nmod//3 ska//VB|PRS|AKT//aux//8 beräknas//VB|INF|SFO//ccomp//1 på//PP//case//11 endast//AB//advmod//11 hälften//NN|UTR|SIN|DEF|NOM//obl//8 av//PP//case//16 den//DT|UTR|SIN|DEF//det//16 felaktigt//AB|POS//advmod//15 redovisade//PC|PRF|UTR/NEU|SIN|DEF|NOM//amod//16 inkomsten//NN|UTR|SIN|DEF|NOM//nmod//11 .//MAD//punct//1
Beräkning av skattetillägg i särskilda fall;Detta//DT|NEU|SIN|DEF//det//19 förslag//NN|NEU|SIN|IND|NOM//nsubj//20 har//VB|PRS|AKT//parataxis//1 ytterst//AB|SUV//advmod//20 sin//PS|UTR|SIN|DEF//nmod:poss//23 grund//NN|UTR|SIN|IND|NOM//obj//20 i//PP//mark//29 att//SN//mark//29 skattetillägget//NN|NEU|SIN|DEF|NOM//nsubj//29 annars//AB//advmod//29 kan//VB|PRS|AKT//aux//29 bli//VB|INF|AKT//advcl//20 alltför//AB//advmod//31 högt//JJ|POS|NEU|SIN|IND|NOM//xcomp//29 i//PP//case//33 förhållande//NN|NEU|SIN|IND|NOM//obl//29 till//PP//case//35 felet//NN|NEU|SIN|DEF|NOM//obl//29 .//MAD//punct//1

Skönsbeskattning;Skattetillägg//NN|NEU|SIN|IND|NOM//nsubj:pass//24 vid//PP//case//2 skönsbeskattning//NN|UTR|SIN|IND|NOM//nmod//0 i//PP//case//4 avsaknad//NN|UTR|SIN|IND|NOM//nmod//2 av//PP//case//6 deklaration//NN|UTR|SIN|IND|NOM//nmod//4 eller//KN//cc//13 när//HA//mark//13 den//DT|UTR|SIN|DEF//det//10 enskilde//JJ|POS|MAS|SIN|DEF|NOM//nsubj//13 visserligen//AB//advmod//13 har//VB|PRS|AKT//aux//13 lämnat//VB|SUP|AKT//conj//0 en//DT|UTR|SIN|IND//det//15 deklaration//NN|UTR|SIN|IND|NOM//obj//13 men//KN//cc//17 skatten//NN|UTR|SIN|DEF|NOM//conj//15 eller//KN//cc//19 underlaget//NN|NEU|SIN|DEF|NOM//conj//17 för//PP//case//21 skatten//NN|UTR|SIN|DEF|NOM//nmod//19 inte//AB//advmod//24 kan//VB|PRS|AKT//aux//24 beräknas//VB|INF|SFO//ROOT//24 tillförlitligt//AB|POS//advmod//24 på//PP//case//29 grund//NN|UTR|SIN|IND|NOM//fixed//26 av//PP//fixed//26 brister//NN|UTR|PLU|IND|NOM//obl//24 i//PP//case//33 eller//KN//cc//32 bristfälligt//JJ|POS|NEU|SIN|IND|NOM//conj//30 underlag//NN|NEU|SIN|IND|NOM//nmod//29 för//PP//case//35 deklarationen//NN|UTR|SIN|DEF|NOM//nmod//33 ,//MID//punct//24 beräknas//VB|PRS|SFO//conj//24 för//PP//case//39 närvarande//NN|NEU|SIN|IND|NOM//obl//37 efter//PP//case//42 samma//DT|UTR/NEU|SIN/PLU|IND//det//42 procentsatser//NN|UTR|PLU|IND|NOM//obl//37 som//HP|-|-|-//nsubj//44 gäller//VB|PRS|AKT//acl:relcl//42 vid//PP//case//47 oriktig//JJ|POS|UTR|SIN|IND|NOM//amod//47 uppgift//NN|UTR|SIN|IND|NOM//obl//44 ,//MID//punct//47 dvs.//AB|AN//advmod//50 40//RG|NOM//nummod//51 procent//NN|UTR|PLU|IND|NOM//appos//47 på//PP//case//54 slutlig//JJ|POS|UTR|SIN|IND|NOM//amod//54 skatt//NN|UTR|SIN|IND|NOM//nmod//51 och//KN//cc//57 20//RG|NOM//nummod//57 procent//NN|UTR|PLU|IND|NOM//conj//51 på//PP//case//60 annan//JJ|POS|UTR|SIN|IND|NOM//amod//60 skatt//NN|UTR|SIN|IND|NOM//nmod//57 .//MAD//punct//24
Skönsbeskattning;Det//DT|NEU|SIN|DEF//det//2 primära//JJ|POS|UTR/NEU|SIN|DEF|NOM//amod//2 syftet//NN|NEU|SIN|DEF|NOM//nsubj//64 med//PP//mark//5 att//IE//mark//5 ta//VB|INF|AKT//acl//2 ut//PL//compound:prt//5 ett//DT|NEU|SIN|IND//det//8 skattetillägg//NN|NEU|SIN|IND|NOM//obj//5 vid//PP//case//11 utebliven//PC|PRF|UTR|SIN|IND|NOM//amod//11 deklaration//NN|UTR|SIN|IND|NOM//obl//5 är//VB|PRS|AKT//cop//2 att//IE//mark//14 framtvinga//VB|INF|AKT//csubj//2 en//DT|UTR|SIN|IND//det//16 deklaration//NN|UTR|SIN|IND|NOM//obj//14 .//MAD//punct//14
Skönsbeskattning;För//PP//mark//20 att//IE//mark//20 förstärka//VB|INF|AKT//advcl//38 denna//DT|UTR|SIN|DEF//det//22 vitesfunktion//NN|UTR|SIN|IND|NOM//obj//20 och//KN//cc//24 understryka//VB|INF|AKT//conj//20 allvaret//NN|NEU|SIN|DEF|NOM//obj//24 i//PP//mark//28 att//IE//mark//28 lämna//VB|INF|AKT//advcl//24 en//DT|UTR|SIN|IND//det//31 bristfällig//JJ|POS|UTR|SIN|IND|NOM//amod//31 deklaration//NN|UTR|SIN|IND|NOM//obj//28 eller//KN//cc//35 ett//DT|NEU|SIN|IND//det//35 bristfälligt//JJ|POS|NEU|SIN|IND|NOM//amod//35 underlag//NN|NEU|SIN|IND|NOM//conj//31 till//PP//case//37 deklarationen//NN|UTR|SIN|DEF|NOM//nmod//35 föreslår//VB|PRS|AKT//conj//14 utredningen//NN|UTR|SIN|DEF|NOM//obj//38 att//SN//mark//45 skattetillägget//NN|NEU|SIN|DEF|NOM//nsubj//45 vid//PP//case//43 skönsbeskattning//NN|UTR|SIN|IND|NOM//nmod//41 ska//VB|PRS|AKT//aux//45 ligga//VB|INF|AKT//ccomp//38 i//PP//advmod//45 nivå//NN|UTR|SIN|IND|NOM//fixed//46 med//PP//case//51 de//DT|UTR/NEU|PLU|DEF//det//51 förhöjda//PC|PRF|UTR/NEU|PLU|IND/DEF|NOM//amod//51 nivåer//NN|UTR|PLU|IND|NOM//obl//45 som//HP|-|-|-//nsubj:pass//54 ska//VB|PRS|AKT//aux//54 tas//VB|INF|SFO//acl:relcl//51 ut//PL//compound:prt//54 vid//PP//case//58 oriktig//JJ|POS|UTR|SIN|IND|NOM//amod//58 uppgift//NN|UTR|SIN|IND|NOM//obl//54 i//PP//case//61 allvarligare//JJ|KOM|UTR/NEU|SIN/PLU|IND/DEF|NOM//amod//61 fall//NN|NEU|PLU|IND|NOM//obl//54 .//MAD//punct//2
Skönsbeskattning;Det//PN|NEU|SIN|DEF|SUB/OBJ//nsubj//64 innebär//VB|PRS|AKT//ROOT//64 således//AB//advmod//64 att//SN//mark//73 skattetillägg//NN|NEU|SIN|IND|NOM//nsubj:pass//73 i//PP//case//69 skönsbeskattningsfall//NN|UTR|SIN|IND|NOM//nmod//67 vid//PP//case//71 inkomstbeskattning//NN|UTR|SIN|IND|NOM//nmod//69 ska//VB|PRS|AKT//aux//73 tas//VB|INF|SFO//ccomp//64 ut//PL//compound:prt//73 med//PP//case//77 25//RG|NOM//nummod//77 procent//NN|UTR|PLU|IND|NOM//obl//73 på//PP//case//82 det//DT|NEU|SIN|DEF//det//82 skönsmässigt//AB|POS//advmod//81 uppskattade//PC|PRF|UTR/NEU|SIN|DEF|NOM//amod//82 beloppet//NN|NEU|SIN|DEF|NOM//obl//73 .//MAD//punct//64
Skönsbeskattning;Vad//HP|NEU|SIN|IND//nsubj//85 gäller//VB|PRS|AKT//parataxis//64 andra//JJ|POS|UTR/NEU|PLU|IND/DEF|NOM//amod//87 skatter//NN|UTR|PLU|IND|NOM//obj//85 än//KN//mark//89 inkomstskatt//NN|UTR|SIN|IND|NOM//acl//87 ska//VB|PRS|AKT//aux//94 vid//PP//case//92 skönsbeskattning//NN|UTR|SIN|IND|NOM//obl//93 skattetillägg//NN|NEU|SIN|IND|NOM//nsubj:pass//94 tas//VB|INF|SFO//conj//64 ut//PL//compound:prt//94 med//PP//case//98 27//RG|NOM//nummod//98 procent//NN|UTR|PLU|IND|NOM//obl//94 på//PP//case//103 den//DT|UTR|SIN|DEF//det//103 skönsmässigt//AB|POS//advmod//102 uppskattade//PC|PRF|UTR/NEU|SIN|DEF|NOM//amod//103 skatten//NN|UTR|SIN|DEF|NOM//obl//94 .//MAD//punct//64
Skönsbeskattning;Detsamma//PN|NEU|SIN|DEF|SUB/OBJ//nsubj//4 ska//VB|PRS|AKT//aux//4 enligt//PP//case//3 förslaget//NN|NEU|SIN|DEF|NOM//obl//4 gälla//VB|INF|AKT//ROOT//4 för//PP//case//6 fall//NN|NEU|PLU|IND|NOM//obl//4 då//HA//mark//9 skönsbeskattning//NN|UTR|SIN|IND|NOM//nsubj//9 påverkar//VB|PRS|AKT//advcl//4 ett//DT|NEU|SIN|IND//det//11 underskott//NN|NEU|SIN|IND|NOM//obj//9 av//PP//case//14 en//DT|UTR|SIN|IND//det//14 näringsverksamhet//NN|UTR|SIN|IND|NOM//nmod//11 eller//KN//cc//18 i//PP//case//18 inkomstslaget//NN|NEU|SIN|DEF|NOM//amod//18 tjänst//NN|UTR|SIN|IND|NOM//conj//14 .//MAD//punct//4

Konsekvenser av utredningens förslag;Förslaget//NN|NEU|SIN|DEF|NOM//nsubj:pass//1 bedöms//VB|PRS|SFO//ROOT//1 leda//VB|INF|AKT//xcomp//1 till//PP//case//6 positiva//JJ|POS|UTR/NEU|PLU|IND/DEF|NOM//amod//6 offentligfinansiella//JJ|POS|UTR/NEU|PLU|IND/DEF|NOM//amod//6 effekter//NN|UTR|PLU|IND|NOM//obl//2 om//PP//case//11 cirka//AB//advmod//9 188//RG|NOM//nummod//10 miljoner//NN|UTR|PLU|IND|NOM//nmod//11 kronor//NN|UTR|PLU|IND|NOM//nmod//6 2019//RG|NOM//nummod//11 och//KN//cc//19 därefter//AB//advmod//19 till//PP//case//19 cirka//AB//advmod//17 251//RG|NOM//nummod//18 miljoner//NN|UTR|PLU|IND|NOM//nmod//19 kronor//NN|UTR|PLU|IND|NOM//conj//6 per//PP//case//21 år//NN|NEU|SIN|IND|NOM//nmod//19 .//MAD//punct//1
Konsekvenser av utredningens förslag;Utredningen//NN|UTR|SIN|DEF|NOM//nsubj//1 gör//VB|PRS|AKT//ROOT//1 bedömningen//NN|UTR|SIN|DEF|NOM//obj//1 att//SN//mark//5 förslagen//NN|NEU|PLU|DEF|NOM//nsubj//5 medför//VB|PRS|AKT//ccomp//1 ökade//PC|PRF|UTR/NEU|PLU|IND/DEF|NOM//amod//7 kostnader//NN|UTR|PLU|IND|NOM//obj//5 för//PP//case//9 Skatteverket//PM|NOM//nmod//7 ,//MID//punct//9 bl.a.//AB|AN//advmod//13 för//PP//case//13 förändring//NN|UTR|SIN|IND|NOM//appos//9 och//KN//cc//15 utveckling//NN|UTR|SIN|IND|NOM//conj//13 av//PP//case//17 itsystem//NN|NEU|PLU|IND|NOM//nmod//15 ,//MID//punct//19 informationsinsatser//NN|UTR|PLU|IND|NOM//conj//17 och//KN//cc//21 utbildning//NN|UTR|SIN|IND|NOM//conj//17 av//PP//case//23 personal//NN|UTR|SIN|IND|NOM//nmod//21 .//MAD//punct//1
Konsekvenser av utredningens förslag;Förslagen//NN|NEU|PLU|DEF|NOM//nsubj:pass//26 förväntas//VB|PRS|SFO//parataxis//1 medföra//VB|INF|AKT//xcomp//26 ett//DT|NEU|SIN|IND//det//31 mer//AB|KOM//advmod//30 lätthanterligt//JJ|POS|NEU|SIN|IND|NOM//amod//31 regelverk//NN|NEU|SIN|IND|NOM//obj//27 för//PP//case//33 beräkning//NN|UTR|SIN|IND|NOM//nmod//31 av//PP//case//35 skattetillägg//NN|NEU|SIN|IND|NOM//nmod//33 ,//MID//punct//27 vilket//HP|NEU|SIN|IND//nsubj//40 kommer//VB|PRS|AKT//aux//40 att//IE//mark//40 leda//VB|INF|AKT//acl:relcl//27 till//PP//case//42 effektivisering//NN|UTR|SIN|IND|NOM//obl//40 av//PP//case//45 Skatteverkets//NN|NEU|SIN|DEF|GEN//nmod:poss//45 kontrollverksamhet//NN|UTR|SIN|IND|NOM//nmod//42 .//MAD//punct//26
Konsekvenser av utredningens förslag;Mot//PP//case//48 bakgrund//NN|UTR|SIN|IND|NOM//obl//68 av//PP//mark//54 att//SN//mark//54 de//DT|UTR/NEU|PLU|DEF//det//53 föreslagna//PC|PRF|UTR/NEU|PLU|IND/DEF|NOM//amod//53 reglerna//NN|UTR|PLU|DEF|NOM//nsubj:pass//54 förväntas//VB|PRS|SFO//acl//48 förstärka//VB|INF|AKT//xcomp//54 den//DT|UTR|SIN|DEF//det//58 allmänpreventiva//JJ|POS|UTR/NEU|SIN|DEF|NOM//amod//58 effekten//NN|UTR|SIN|DEF|NOM//obj//55 av//PP//case//60 skattetillägget//NN|NEU|SIN|DEF|NOM//nmod//58 bör//VB|PRS|AKT//aux//68 antalet//NN|NEU|SIN|DEF|NOM//advmod//68 ärenden//NN|NEU|PLU|IND|NOM//nsubj//68 om//PP//case//65 skattetillägg//NN|NEU|SIN|IND|NOM//nmod//63 hos//PP//case//67 Skatteverket//PM|NOM//nmod//65 minska//VB|INF|AKT//advcl//26 .//MAD//punct//26
Konsekvenser av utredningens förslag;Förslagen//NN|NEU|PLU|DEF|NOM//nsubj//73 torde//VB|PRT|AKT//aux//73 inte//AB//advmod//73 medföra//VB|INF|AKT//conj//1 några//DT|UTR/NEU|PLU|IND//det//76 ekonomiska//JJ|POS|UTR/NEU|PLU|IND/DEF|NOM//amod//76 konsekvenser//NN|UTR|PLU|IND|NOM//obj//73 för//PP//case//80 de//DT|UTR/NEU|PLU|DEF//det//80 allmänna//JJ|POS|UTR/NEU|PLU|IND/DEF|NOM//amod//80 förvaltningsdomstolarna//NN|UTR|PLU|DEF|NOM//obl//73 eller//KN//cc//84 de//DT|UTR/NEU|PLU|DEF//det//84 allmänna//JJ|POS|UTR/NEU|PLU|IND/DEF|NOM//amod//84 domstolarna//NN|UTR|PLU|DEF|NOM//conj//80 .//MAD//punct//73
Konsekvenser av utredningens förslag;Eventuella//JJ|POS|UTR/NEU|PLU|IND/DEF|NOM//amod//87 merkostnader//NN|UTR|PLU|IND|NOM//nsubj:pass//89 bör//VB|PRS|AKT//aux//89 rymmas//VB|INF|SFO//conj//73 inom//PP//case//93 befintliga//JJ|POS|UTR/NEU|PLU|IND/DEF|NOM//amod//93 ekonomiska//JJ|POS|UTR/NEU|PLU|IND/DEF|NOM//amod//93 ramar//NN|UTR|PLU|IND|NOM//obl//89 .//MAD//punct//73
Konsekvenser av utredningens förslag;De//PN|UTR/NEU|PLU|DEF|SUB//nsubj:pass//9 som//HP|-|-|-//nsubj//2 lämnar//VB|PRS|AKT//acl:relcl//0 korrekta//JJ|POS|UTR/NEU|PLU|IND/DEF|NOM//amod//6 och//KN//cc//5 fullständiga//JJ|POS|UTR/NEU|PLU|IND/DEF|NOM//conj//3 uppgifter//NN|UTR|PLU|IND|NOM//obj//2 till//PP//case//8 Skatteverket//PM|NOM//obl//2 påverkas//VB|PRS|SFO//ROOT//9 inte//AB//advmod//9 av//PP//case//12 förslagen//NN|NEU|PLU|DEF|NOM//obl:agent//9 .//MAD//punct//9
Konsekvenser av utredningens förslag;Endast//AB//advmod//18 en//DT|UTR|SIN|IND//det//18 mycket//AB|POS//advmod//17 liten//JJ|POS|UTR|SIN|IND|NOM//amod//18 andel//NN|UTR|SIN|IND|NOM//nsubj//32 av//PP//case//21 de//DT|UTR/NEU|PLU|DEF//det//21 företag//NN|NEU|PLU|IND|NOM//nmod//18 och//KN//cc//23 enskilda//JJ|POS|UTR/NEU|PLU|IND/DEF|NOM//conj//21 som//HP|-|-|-//nsubj//26 är//VB|PRS|AKT//cop//26 skyldiga//JJ|POS|UTR/NEU|PLU|IND/DEF|NOM//acl:relcl//23 att//IE//mark//28 lämna//VB|INF|AKT//acl//26 uppgifter//NN|UTR|PLU|IND|NOM//obj//28 till//PP//case//31 Skatteverket//PM|NOM//obl//28 förmodas//VB|PRS|SFO//conj//9 få//VB|INF|AKT//xcomp//32 skattetillägg//NN|NEU|SIN|IND|NOM//obj//33 och//KN//cc//38 således//AB//advmod//37 direkt//AB|POS//advmod//38 beröras//VB|INF|SFO//conj//32 av//PP//case//42 de//DT|UTR/NEU|PLU|DEF//det//42 ändrade//PC|PRF|UTR/NEU|PLU|IND/DEF|NOM//amod//42 beräkningsreglerna//NN|UTR|PLU|DEF|NOM//obl:agent//38 .//MAD//punct//9
Konsekvenser av utredningens förslag;Förslagen//NN|NEU|PLU|DEF|NOM//nsubj:pass//1 bedöms//VB|PRS|SFO//ROOT//1 leda//VB|INF|AKT//xcomp//1 till//PP//case//6 övervägande//JJ|POS|UTR/NEU|SIN/PLU|IND/DEF|NOM//amod//6 positiva//JJ|POS|UTR/NEU|PLU|IND/DEF|NOM//amod//6 effekter//NN|UTR|PLU|IND|NOM//obl//2 för//PP//case//12 både//KN//cc//9 enskilda//JJ|POS|UTR/NEU|PLU|IND/DEF|NOM//amod//12 och//KN//cc//11 tillämpande//PC|PRS|UTR/NEU|SIN/PLU|IND/DEF|NOM//conj//9 myndigheter//NN|UTR|PLU|IND|NOM//nmod//6 eftersom//SN//mark//15 sanktionssystemet//NN|NEU|SIN|DEF|NOM//nsubj:pass//15 uppfattas//VB|PRS|SFO//advcl//2 som//KN//mark//18 mer//AB|KOM//advmod//18 legitimt//AB|POS//xcomp//15 och//KN//cc//20 rättvist//JJ|POS|NEU|SIN|IND|NOM//conj//18 .//MAD//punct//1
Konsekvenser av utredningens förslag;Komplexiteten//NN|UTR|SIN|DEF|NOM//nsubj//27 i//PP//case//24 beräkningarna//NN|UTR|PLU|DEF|NOM//nmod//22 av//PP//case//26 skattetillägg//NN|NEU|SIN|IND|NOM//nmod//24 minskar//VB|PRS|AKT//parataxis//1 ,//MID//punct//27 lika//JJ|POS|UTR/NEU|PLU|IND/DEF|NOM//amod//30 fall//NN|NEU|PLU|IND|NOM//appos//27 behandlas//VB|PRS|SFO//advcl//27 lika//AB//advmod//31 ,//MID//punct//27 storleken//NN|UTR|SIN|DEF|NOM//nsubj//39 av//PP//case//38 ett//DT|NEU|SIN|IND//det//38 eventuellt//JJ|POS|NEU|SIN|IND|NOM//amod//38 skattetillägg//NN|NEU|SIN|IND|NOM//nmod//34 blir//VB|PRS|AKT//parataxis//27 enklare//JJ|KOM|UTR/NEU|SIN/PLU|IND/DEF|NOM//xcomp//39 att//IE//mark//42 förutse//VB|INF|AKT//advcl//39 och//KN//cc//45 det//PN|NEU|SIN|DEF|SUB/OBJ//expl//45 blir//VB|PRS|AKT//conj//27 lättare//JJ|KOM|UTR/NEU|SIN/PLU|IND/DEF|NOM//xcomp//45 att//IE//mark//48 kontrollera//VB|INF|AKT//csubj//45 riktigheten//NN|UTR|SIN|DEF|NOM//obj//48 av//PP//case//52 ett//DT|NEU|SIN|IND//det//52 skattetillägg//NN|NEU|SIN|IND|NOM//nmod//49 som//HP|-|-|-//nsubj:pass//55 har//VB|PRS|AKT//aux//55 tagits//VB|SUP|SFO//acl:relcl//52 ut//PL//compound:prt//55 .//MAD//punct//27

Ikraftträdande och övergångsbestämmelser;Utredningen//NN|UTR|SIN|DEF|NOM//nsubj//1 föreslår//VB|PRS|AKT//ROOT//1 att//SN//mark//5 lagändringarna//NN|UTR|PLU|DEF|NOM//nsubj//5 ska//VB|PRS|AKT//aux//5 träda//VB|INF|AKT//ccomp//1 i//PP//compound:prt//5 kraft//NN|UTR|SIN|IND|NOM//fixed//6 den//DT|UTR|SIN|DEF//det//10 1//RO|NOM//nummod//10 april//NN|UTR|SIN|IND|NOM//obl//5 2019//RG|NOM//nummod//10 .//MAD//punct//1

