Sammanfattning;Former//NN|UTR|PLU|IND|NOM//ROOT//0 för//PP//case//2 genomförandet//NN|NEU|SIN|DEF|NOM//nmod//0
Sammanfattning;Yrkesförardirektivet//NN|NEU|SIN|DEF|NOM//nsubj:pass//4 skall//VB|PRS|AKT//aux//4 genom//PP//case//3 lagstiftning//NN|UTR|SIN|IND|NOM//obl//4 genomföras//VB|INF|SFO//ROOT//4 i//PP//case//7 svensk//JJ|POS|UTR|SIN|IND|NOM//amod//7 rätt//NN|UTR|SIN|IND|NOM//obl//4 .//MAD//punct//4
Sammanfattning;Yrkesförardirektivet//NN|NEU|SIN|DEF|NOM//nsubj:pass//11 bör//VB|PRS|AKT//aux//11 införlivas//VB|INF|SFO//conj//4 genom//PP//case//15 en//DT|UTR|SIN|IND//det//15 ny//JJ|POS|UTR|SIN|IND|NOM//amod//15 lag//NN|UTR|SIN|IND|NOM//obl//11 ,//MID//punct//11 lagen//NN|UTR|SIN|DEF|NOM//nsubj//35 om//PP//case//19 yrkesförarkompetens//NN|UTR|SIN|DEF|GEN//nmod//17 ,//MID//punct//24 och//KN//cc//24 en//DT|UTR|SIN|IND//det//24 ny//JJ|POS|UTR|SIN|IND|NOM//amod//24 förordning//NN|UTR|SIN|IND|NOM//conj//17 ,//MID//punct//26 förordningen//NN|UTR|SIN|DEF|NOM//conj//24 om//PP//case//28 yrkesförarkompetens//NN|UTR|SIN|DEF|GEN//nmod//26 .//MAD//punct//30
Sammanfattning;Författningarna//NN|UTR|PLU|DEF|NOM//conj//24 bör//VB|PRS|AKT//aux//35 i//PP//case//34 allt//DT|NEU|SIN|IND/DEF//advmod//34 väsentligt//AB|POS//obl//35 omfatta//VB|INF|AKT//conj//11 direktivets//NN|NEU|SIN|DEF|GEN//nmod:poss//37 föreskrifter//NN|UTR|PLU|IND|NOM//obj//35 och//KN//cc//39 bilagorna//NN|UTR|PLU|DEF|NOM//conj//37 till//PP//case//41 detta//PN|NEU|SIN|DEF|SUB/OBJ//nmod//39 .//MAD//punct//4
Sammanfattning;Tillämpningsområde//NN|NEU|SIN|IND|NOM//ROOT//0
Sammanfattning;Den//DT|UTR|SIN|DEF//det//2 nya//JJ|POS|UTR/NEU|SIN|DEF|NOM//amod//2 lagstiftningen//NN|UTR|SIN|DEF|NOM//nsubj:pass//4 bör//VB|PRS|AKT//aux//4 tillämpas//VB|INF|SFO//ROOT//4 på//PP//case//6 förare//NN|UTR|PLU|IND|NOM//obl//4 som//HP|-|-|-//punct//4
Sammanfattning;•//NN|UTR|SIN|IND|NOM//nsubj//2 är//VB|PRS|AKT//cop//2 medborgare//NN|UTR|PLU|IND|NOM//ROOT//2 i//PP//case//5 en//DT|UTR|SIN|IND//det//5 medlemsstat//NN|UTR|SIN|IND|NOM//nmod//2 inom//PP//case//9 Europeiska//JJ|POS|UTR/NEU|SIN|DEF|NOM//amod//9 ekonomiska//JJ|POS|UTR/NEU|SIN|DEF|NOM//amod//9 samarbetsområdet//NN|NEU|SIN|DEF|NOM//nmod//5 (//PAD//punct//11 EES//PM|NOM//appos//9 )//PAD//punct//11 och//KN//cc//16 andra//JJ|POS|UTR/NEU|PLU|IND/DEF|NOM//amod//15 medborgare//NN|UTR|PLU|IND|NOM//nsubj//16 anställda//NN|UTR|PLU|IND|NOM//conj//9 eller//KN//cc//18 anlitade//PC|PRF|UTR/NEU|PLU|IND/DEF|NOM//conj//16 av//PP//case//21 ett//DT|NEU|SIN|IND//det//21 företag//NN|NEU|SIN|IND|NOM//obl//18 som//HP|-|-|-//nsubj//24 är//VB|PRS|AKT//cop//24 etablerat//PC|PRF|NEU|SIN|IND|NOM//acl:relcl//21 inom//PP//case//26 EES//PM|NOM//obl//24 ,//MID//punct//2 och//KN//punct//2
Sammanfattning;•//NN|UTR|SIN|IND|NOM//nsubj//1 utför//VB|PRS|AKT//ROOT//1 gods-//NN|UTR|-|-|SMS//xcomp//1 eller//KN//cc//4 persontransporter//NN|UTR|PLU|IND|NOM//conj//2 på//PP//advmod//1 väg//NN|UTR|SIN|IND|NOM//fixed//5 i//PP//case//8 Sverige//PM|NOM//obl//1 som//HP|-|-|-//nsubj//10 kräver//VB|PRS|AKT//acl:relcl//8 förarbehörigheterna//NN|UTR|PLU|DEF|NOM//nmod//12 C1//PM|NOM//obj//10 ,//MID//punct//14 C1E//PM|NOM//conj//12 ,//MID//punct//16 C//PM|NOM//conj//12 ,//MID//punct//18 CE//PM|NOM//conj//12 ,//MID//punct//20 D1//PM|NOM//conj//12 ,//MID//punct//22 D1E//PM|NOM//conj//12 ,//MID//punct//24 D//PM|NOM//conj//12 eller//KN//cc//26 DE//PN|UTR/NEU|PLU|DEF|SUB//conj//12 enligt//PP//case//29 2//RG|NOM//nummod//29 kap.//NN|AN//nmod//32 5//RG|NOM//nummod//31 §//NN|AN//nmod//32 körkortslagen//NN|UTR|SIN|DEF|NOM//obl//10 (//PAD//punct//34 1998:488//RG|NOM//appos//32 )//PAD//punct//34 .//MAD//punct//1
Sammanfattning;Lagstiftningen//NN|UTR|SIN|DEF|NOM//nsubj:pass//4 skall//VB|PRS|AKT//aux//4 dock//AB//advmod//4 inte//AB//advmod//4 tillämpas//VB|INF|SFO//ROOT//4 på//PP//case//7 alla//DT|UTR/NEU|PLU|IND/DEF//det//7 förare//NN|UTR|PLU|IND|NOM//obl//4 av//PP//case//9 fordon//NN|NEU|PLU|IND|NOM//nmod//7 som//HP|-|-|-//nsubj//11 utför//VB|PRS|AKT//acl:relcl//9 gods-//NN|UTR|-|-|SMS//obj//11 eller//KN//cc//14 persontransport//NN|UTR|SIN|IND|NOM//conj//12 .//MAD//punct//4
Sammanfattning;Undantagna//PC|PRF|UTR/NEU|PLU|IND/DEF|NOM//conj//4 är//VB|PRS|AKT//cop//19 bl.a.//AB|AN//advmod//19 förare//NN|UTR|PLU|IND|NOM//parataxis//4 som//HP|-|-|-//nsubj//21 utför//VB|PRS|AKT//acl:relcl//19 transporter//NN|UTR|PLU|IND|NOM//obj//21 i//PP//case//27 statliga//JJ|POS|UTR/NEU|PLU|IND/DEF|NOM//amod//27 eller//KN//cc//26 kommunala//JJ|POS|UTR/NEU|PLU|IND/DEF|NOM//conj//24 funktioner//NN|UTR|PLU|IND|NOM//nmod//22 till//PP//case//29 skydd//NN|NEU|SIN|IND|NOM//nmod//27 för//PP//case//31 staten//NN|UTR|SIN|DEF|NOM//nmod//27 och//KN//cc//33 medborgarna//NN|UTR|PLU|DEF|NOM//conj//31 .//MAD//punct//4
Sammanfattning;Förarkrav//NN|NEU|PLU|IND|NOM//ROOT//0
Sammanfattning;En//DT|UTR|SIN|IND//det//1 förare//NN|UTR|SIN|IND|NOM//nsubj//6 bör//VB|PRS|AKT//aux//6 för//PP//mark//5 att//IE//mark//5 få//VB|INF|AKT//advcl//6 framföra//VB|INF|AKT//ROOT//6 fordon//NN|NEU|PLU|IND|NOM//obj//6 som//HP|-|-|-//nsubj:pass//9 omfattas//VB|PRS|SFO//acl:relcl//7 av//PP//case//12 lagens//NN|UTR|SIN|DEF|GEN//nmod:poss//12 tillämpningsområde//NN|NEU|SIN|IND|NOM//obl//9 ha//VB|INF|AKT//aux//14 förvärvat//VB|SUP|AKT//conj//6 ett//DT|NEU|SIN|IND//det//16 yrkeskompetensbevis//NN|NEU|SIN|IND|NOM//obj//14 om//PP//mark//18 uppnådd//PC|PRF|UTR|SIN|IND|NOM//advcl//14 grundläggande//PC|PRS|UTR/NEU|SIN/PLU|IND/DEF|NOM//amod//20 kompetens//NN|UTR|SIN|IND|NOM//obj//18 och//KN//cc//22 fortbildning//NN|UTR|SIN|IND|NOM//conj//20 .//MAD//punct//6
Sammanfattning;Föraren//NN|UTR|SIN|DEF|NOM//nsubj//27 skall//VB|PRS|AKT//aux//27 också//AB//advmod//27 uppfylla//VB|INF|AKT//conj//6 vissa//JJ|POS|UTR/NEU|PLU|IND/DEF|NOM//amod//29 ålderskrav//NN|NEU|PLU|IND|NOM//obj//27 .//MAD//punct//27
Sammanfattning;Undantag//NN|NEU|PLU|IND|NOM//ROOT//0 på//PP//case//5 grund//NN|UTR|SIN|IND|NOM//fixed//1 av//PP//fixed//1 hävdvunna//PC|PRF|UTR/NEU|PLU|IND/DEF|NOM//amod//5 rättigheter//NN|UTR|PLU|IND|NOM//nmod//0
Sammanfattning;Undantagna//PC|PRF|UTR/NEU|PLU|IND/DEF|NOM//advcl//13 från//PP//case//2 kravet//NN|NEU|SIN|DEF|NOM//obl//0 att//IE//mark//4 förvärva//VB|INF|AKT//acl//2 yrkeskompetensbevis//NN|NEU|SIN|IND|NOM//obj//4 om//PP//mark//7 uppnådd//PC|PRF|UTR|SIN|IND|NOM//advcl//4 grundläggande//PC|PRS|UTR/NEU|SIN/PLU|IND/DEF|NOM//amod//9 kompetens//NN|UTR|SIN|IND|NOM//obj//7 skall//VB|PRS|AKT//aux//13 de//DT|UTR/NEU|PLU|DEF//det//12 förare//NN|UTR|PLU|IND|NOM//nsubj//13 vara//VB|INF|AKT//ROOT//13 som//HP|-|-|-//nsubj//15 innehar//VB|PRS|AKT//acl:relcl//13 eller//KN//cc//18 har//VB|PRS|AKT//aux//18 innehaft//VB|SUP|AKT//conj//13 svenskt//JJ|POS|NEU|SIN|IND|NOM//amod//20 körkort//NN|NEU|SIN|IND|NOM//obj//18 med//PP//case//22 någon//PN|UTR|SIN|IND|SUB/OBJ//obl//18 av//PP//case//24 förarbehörigheterna//NN|UTR|PLU|DEF|NOM//nmod//22
Sammanfattning;Med//PP//case//2 svenskt//JJ|POS|NEU|SIN|IND|NOM//amod//2 körkort//NN|NEU|SIN|IND|NOM//obl//3 jämställs//VB|PRS|SFO//ROOT//3 i//PP//case//6 sammanhanget//NN|NEU|SIN|DEF|NOM//nmod//6 körkort//NN|NEU|SIN|IND|NOM//obl//3 utfärdat//PC|PRF|NEU|SIN|IND|NOM//xcomp//3 i//PP//case//11 en//DT|UTR|SIN|IND//det//11 annan//JJ|POS|UTR|SIN|IND|NOM//amod//11 stat//NN|UTR|SIN|IND|NOM//obl//7 inom//PP//case//13 EES//PM|NOM//nmod//11 .//MAD//punct//3
Sammanfattning;Godstransporter//NN|UTR|PLU|IND|NOM//ROOT//0
Sammanfattning;En//DT|UTR|SIN|IND//det//1 förare//NN|UTR|SIN|IND|NOM//nsubj//33 som//HP|-|-|-//nsubj//3 förvärvat//VB|SUP|AKT//acl:relcl//1 ett//DT|NEU|SIN|IND//det//5 yrkeskompetensbevis//NN|NEU|SIN|IND|NOM//obj//3 för//PP//case//8 grundläggande//PC|PRS|UTR/NEU|SIN/PLU|IND/DEF|NOM//amod//8 kompetens//NN|UTR|SIN|IND|NOM//obl//3 för//PP//case//10 fordon//NN|NEU|PLU|IND|NOM//nmod//8 som//HP|-|-|-//nsubj//12 kräver//VB|PRS|AKT//acl:relcl//10 förarebehörigheten//NN|UTR|SIN|DEF|NOM//nmod//14 C//PM|NOM//obj//12 eller//KN//cc//16 CE//PM|NOM//conj//14 skall//VB|PRS|AKT//aux//25 från//PP//case//23 och//KN//fixed//18 med//PP//fixed//18 18//RG|NOM//nummod//22 års//NN|NEU|PLU|IND|GEN//nmod:poss//23 ålder//NN|UTR|SIN|IND|NOM//obl//25 få//VB|INF|AKT//aux//25 utföra//VB|INF|AKT//conj//12 godstransporter//NN|UTR|PLU|IND|NOM//obj//25 med//PP//case//29 sådana//JJ|POS|UTR/NEU|PLU|IND|NOM//amod//29 fordon//NN|NEU|PLU|IND|NOM//nmod//26 .//MAD//punct//1
Sammanfattning;Har//VB|PRS|AKT//aux//33 föraren//NN|UTR|SIN|DEF|NOM//nsubj//33 förvärvat//VB|SUP|AKT//advcl//49 ett//DT|NEU|SIN|IND//det//35 yrkeskompetensbevis//NN|NEU|SIN|IND|NOM//obj//33 för//PP//case//39 snabbförvärvad//NN|NEU|SIN|IND|NOM//advmod//38 grundläggande//PC|PRS|UTR/NEU|SIN/PLU|IND/DEF|NOM//amod//39 kompetens//NN|UTR|SIN|IND|NOM//obl//33 skall//VB|PRS|AKT//aux//49 denne//PN|MAS|SIN|DEF|SUB/OBJ//nsubj//49 från//PP//case//47 och//KN//fixed//42 med//PP//fixed//42 18//RG|NOM//nummod//46 års//NN|NEU|PLU|IND|GEN//nmod:poss//47 ålder//NN|UTR|SIN|IND|NOM//obl//49 få//VB|INF|AKT//aux//49 utföra//VB|INF|AKT//ROOT//49 godstransporter//NN|UTR|PLU|IND|NOM//obj//49 med//PP//case//52 fordon//NN|NEU|PLU|IND|NOM//obl//49 som//HP|-|-|-//nsubj//54 kräver//VB|PRS|AKT//acl:relcl//52 förarbehörigheten//NN|UTR|SIN|DEF|NOM//nmod//56 C1//PM|NOM//obj//54 eller//KN//cc//58 C1E.//JJ|POS|UTR/NEU|SIN/PLU|IND/DEF|NOM//conj//56 En//DT|UTR|SIN|IND//det//60 förare//NN|UTR|SIN|IND|NOM//obj//54 som//HP|-|-|-//nsubj//62 förvärvat//VB|SUP|AKT//acl:relcl//60 yrkeskompetensbevis//NN|NEU|SIN|IND|NOM//obj//62 för//PP//case//68 den//DT|UTR|SIN|DEF//det//68 snabbförvärvade//PC|PRF|UTR/NEU|SIN|DEF|NOM//amod//68 grundläggande//PC|PRS|UTR/NEU|SIN/PLU|IND/DEF|NOM//amod//68 kompetensen//NN|UTR|SIN|DEF|NOM//nmod//63 skall//VB|PRS|AKT//aux//77 från//PP//case//75 och//KN//fixed//70 med//PP//fixed//70 21//RG|NOM//nummod//74 års//NN|NEU|PLU|IND|GEN//nmod:poss//75 ålder//NN|UTR|SIN|IND|NOM//obl//77 få//VB|INF|AKT//aux//77 utföra//VB|INF|AKT//conj//49 godstransporter//NN|UTR|PLU|IND|NOM//obj//77 med//PP//case//80 fordon//NN|NEU|PLU|IND|NOM//obl//77 som//HP|-|-|-//nsubj//82 kräver//VB|PRS|AKT//acl:relcl//80 förarbehörigheten//NN|UTR|SIN|DEF|NOM//nmod//84 C//PM|NOM//obj//82 eller//KN//cc//86 CE//PM|NOM//conj//84 .//MAD//punct//49
Sammanfattning;Persontransporter//NN|UTR|PLU|IND|NOM//ROOT//0
Sammanfattning;En//DT|UTR|SIN|IND//det//1 förare//NN|UTR|SIN|IND|NOM//nsubj//25 som//HP|-|-|-//nsubj//3 förvärvat//VB|SUP|AKT//acl:relcl//1 ett//DT|NEU|SIN|IND//det//5 yrkeskompetensbevis//NN|NEU|SIN|IND|NOM//obj//3 för//PP//case//8 grundläggande//PC|PRS|UTR/NEU|SIN/PLU|IND/DEF|NOM//amod//8 kompetens//NN|UTR|SIN|IND|NOM//obl//3 för//PP//case//10 fordon//NN|NEU|PLU|IND|NOM//nmod//8 som//HP|-|-|-//nsubj//12 kräver//VB|PRS|AKT//acl:relcl//10 förarebehörigheten//NN|UTR|SIN|DEF|NOM//nmod//14 D//NN|NEU|SIN|IND|NOM//obj//12 eller//KN//cc//16 DE//PN|UTR/NEU|PLU|DEF|SUB//conj//14 skall//VB|PRS|AKT//aux//25 från//PP//case//23 och//KN//fixed//18 med//PP//fixed//18 21//RG|NOM//nummod//22 års//NN|NEU|PLU|IND|GEN//nmod:poss//23 ålder//NN|UTR|SIN|IND|NOM//obl//25 få//VB|INF|AKT//aux//25 utföra//VB|INF|AKT//ROOT//25 persontransporter//NN|UTR|PLU|IND|NOM//obj//25 med//PP//case//29 sådana//JJ|POS|UTR/NEU|PLU|IND|NOM//amod//29 fordon//NN|NEU|PLU|IND|NOM//nmod//26 .//MAD//punct//25
Sammanfattning;Har//VB|PRS|AKT//aux//33 föraren//NN|UTR|SIN|DEF|NOM//nsubj//33 förvärvat//VB|SUP|AKT//parataxis//25 ett//DT|NEU|SIN|IND//det//35 yrkeskompetensbevis//NN|NEU|SIN|IND|NOM//obj//33 för//PP//case//39 snabbförvärvad//NN|NEU|SIN|IND|NOM//amod//39 grundläggande//PC|PRS|UTR/NEU|SIN/PLU|IND/DEF|NOM//amod//39 kompetens//NN|UTR|SIN|IND|NOM//obl//33 för//PP//case//41 fordon//NN|NEU|PLU|IND|NOM//nmod//39 som//HP|-|-|-//nsubj//43 kräver//VB|PRS|AKT//acl:relcl//41 förarbehörigheten//NN|UTR|SIN|DEF|NOM//nmod//45 D//PM|NOM//obj//43 eller//KN//cc//47 DE//PN|UTR/NEU|PLU|DEF|SUB//conj//45 skall//VB|PRS|AKT//aux//57 denne//PN|MAS|SIN|DEF|SUB/OBJ//nsubj//57 från//PP//case//55 och//KN//fixed//50 med//PP//fixed//50 21//RG|NOM//nummod//54 års//NN|NEU|PLU|IND|GEN//nmod:poss//55 ålder//NN|UTR|SIN|IND|NOM//obl//57 få//VB|INF|AKT//aux//57 utföra//VB|INF|AKT//conj//25 persontransporter//NN|UTR|PLU|IND|NOM//obj//57 med//PP//case//61 sådana//JJ|POS|UTR/NEU|PLU|IND|NOM//amod//61 fordon//NN|NEU|PLU|IND|NOM//obl//57 ,//MID//punct//57 om//SN//mark//65 fordonet//NN|NEU|SIN|DEF|NOM//nsubj:pass//65 används//VB|PRS|SFO//advcl//57 för//PP//case//67 transporter//NN|UTR|PLU|IND|NOM//obl//65 i//PP//case//69 linjetrafik//NN|UTR|SIN|IND|NOM//obl//65 och//KN//cc//75 om//SN//mark//75 linjens//NN|UTR|SIN|DEF|GEN//nmod:poss//73 längd//NN|UTR|SIN|IND|NOM//nsubj//75 inte//AB//advmod//75 överstiger//VB|PRS|AKT//conj//65 50//RG|NOM//nummod//77 kilometer//NN|UTR|PLU|IND|NOM//obj//75 .//MAD//punct//25
Sammanfattning;En//DT|UTR|SIN|IND//det//80 förare//NN|UTR|SIN|IND|NOM//nsubj//98 som//HP|-|-|-//nsubj//82 förvärvat//VB|SUP|AKT//acl:relcl//80 ett//DT|NEU|SIN|IND//det//84 yrkeskompetensbevis//NN|NEU|SIN|IND|NOM//obj//82 för//PP//case//89 den//DT|UTR|SIN|DEF//det//89 snabbförvärvade//PC|PRF|UTR/NEU|SIN|DEF|NOM//amod//89 grundläggande//PC|PRS|UTR/NEU|SIN/PLU|IND/DEF|NOM//amod//89 kompetensen//NN|UTR|SIN|DEF|NOM//nmod//84 skall//VB|PRS|AKT//aux//98 från//PP//case//96 och//KN//fixed//91 med//PP//fixed//91 21//RG|NOM//nummod//95 års//NN|NEU|PLU|IND|GEN//nmod:poss//96 ålder//NN|UTR|SIN|IND|NOM//obl//98 få//VB|INF|AKT//aux//98 utföra//VB|INF|AKT//parataxis//25 persontransporter//NN|UTR|PLU|IND|NOM//obj//98 med//PP//case//101 fordon//NN|NEU|PLU|IND|NOM//obl//98 som//HP|-|-|-//nsubj//103 kräver//VB|PRS|AKT//acl:relcl//101 förarbehörigheten//NN|UTR|SIN|DEF|NOM//nmod//105 D1//PM|NOM//obj//103 eller//KN//cc//107 D1E.//NN|UTR|SIN|IND|NOM//conj//105 En//DT|UTR|SIN|IND//det//109 förare//NN|UTR|SIN|IND|NOM//obj//103 som//HP|-|-|-//nsubj//111 förvärvat//VB|SUP|AKT//acl:relcl//109 ett//DT|NEU|SIN|IND//det//113 yrkeskompetensbevis//NN|NEU|SIN|IND|NOM//obj//111 för//PP//case//117 snabbförvärvad//NN|NEU|SIN|IND|NOM//amod//117 grundläggande//PC|PRS|UTR/NEU|SIN/PLU|IND/DEF|NOM//amod//117 kompetens//NN|UTR|SIN|IND|NOM//obl//111 för//PP//case//119 fordon//NN|NEU|PLU|IND|NOM//nmod//117 som//HP|-|-|-//nsubj//121 kräver//VB|PRS|AKT//acl:relcl//119 förarbehörigheten//NN|UTR|SIN|DEF|NOM//nmod//123 D//PM|NOM//obj//121 eller//KN//cc//125 DE//PN|UTR/NEU|PLU|DEF|SUB//conj//123 skall//VB|PRS|AKT//aux//134 från//PP//case//132 och//KN//fixed//127 med//PP//fixed//127 23//RG|NOM//nummod//131 års//NN|NEU|PLU|IND|GEN//nmod:poss//132 ålder//NN|UTR|SIN|IND|NOM//obl//134 få//VB|INF|AKT//aux//134 utföra//VB|INF|AKT//conj//25 persontransporter//NN|UTR|PLU|IND|NOM//obj//134 med//PP//case//138 sådana//JJ|POS|UTR/NEU|PLU|IND|NOM//amod//138 fordon//NN|NEU|PLU|IND|NOM//nmod//135 .//MAD//punct//25
Sammanfattning;Grundläggande//PC|PRS|UTR/NEU|SIN/PLU|IND/DEF|NOM//amod//1 kompetens//NN|UTR|SIN|IND|NOM//ROOT//1
Sammanfattning;Utbildning//NN|UTR|SIN|IND|NOM//ROOT//0
Sammanfattning;En//DT|UTR|SIN|IND//det//1 förare//NN|UTR|SIN|IND|NOM//nsubj//3 skall//VB|PRS|AKT//aux//3 förvärva//VB|INF|AKT//ROOT//3 grundläggande//PC|PRS|UTR/NEU|SIN/PLU|IND/DEF|NOM//amod//5 kompetens//NN|UTR|SIN|IND|NOM//obj//3 genom//PP//mark//8 att//IE//mark//8 delta//VB|INF|AKT//advcl//3 i//PP//case//10 utbildning//NN|UTR|SIN|IND|NOM//obl//8 hos//PP//case//13 en//DT|UTR|SIN|IND//det//13 utbildare//NN|UTR|SIN|IND|NOM//obl//8 för//PP//case//15 yrkesförarkompetens//NN|UTR|SIN|DEF|GEN//nmod//13 .//MAD//punct//3
Sammanfattning;Utbildningen//NN|UTR|SIN|DEF|NOM//nsubj:pass//19 skall//VB|PRS|AKT//aux//19 avslutas//VB|INF|SFO//parataxis//3 med//PP//case//21 prov//NN|NEU|SIN|IND|NOM//obl//19 .//MAD//punct//19
Sammanfattning;Vid//PP//case//25 godkänt//PC|PRF|NEU|SIN|IND|NOM//amod//25 resultat//NN|NEU|SIN|IND|NOM//obl//29 skall//VB|PRS|AKT//aux//29 ett//DT|NEU|SIN|IND//det//28 yrkeskompetensbevis//NN|NEU|SIN|IND|NOM//nsubj:pass//29 utfärdas//VB|INF|SFO//conj//19 .//MAD//punct//19
Sammanfattning;En//DT|UTR|SIN|IND//det//32 förare//NN|UTR|SIN|IND|NOM//nsubj//36 som//HP|-|-|-//nsubj//34 innehar//VB|PRS|AKT//acl:relcl//32 körkort//NN|NEU|SIN|IND|NOM//obj//34 får//VB|PRS|AKT//aux//41 om//SN//case//39 särskilda//PC|PRF|UTR/NEU|PLU|IND/DEF|NOM//amod//39 förhållanden//NN|NEU|PLU|IND|NOM//obl//36 föreligger//VB|PRS|AKT//advcl//36 förvärva//VB|INF|AKT//conj//19 sin//PS|UTR|SIN|DEF//nmod:poss//44 grundläggande//PC|PRS|UTR/NEU|SIN/PLU|IND/DEF|NOM//amod//44 kompetens//NN|UTR|SIN|IND|NOM//obj//41 genom//PP//case//48 en//DT|UTR|SIN|IND//det//48 förkortad//PC|PRF|UTR|SIN|IND|NOM//amod//48 grundutbildning//NN|UTR|SIN|IND|NOM//obl//41 (//PAD//punct//48 snabbförvärvad//PC|PRF|UTR|SIN|IND|NOM//appos//48 grundläggande//PC|PRS|UTR/NEU|SIN/PLU|IND/DEF|NOM//amod//52 kompetens//NN|UTR|SIN|IND|NOM//obj//50 )//PAD//punct//48 .//MAD//punct//3
Sammanfattning;Körträning//NN|UTR|SIN|IND|NOM//ROOT//0
Sammanfattning;Den//PN|UTR|SIN|DEF|SUB/OBJ//nsubj//3 som//HP|-|-|-//cc//2 körtränar//NN|UTR|PLU|IND|NOM//acl:relcl//0 behöver//VB|PRS|AKT//aux//5 inte//AB//advmod//5 inneha//VB|INF|AKT//ROOT//5 förarbehörighet//NN|UTR|SIN|IND|NOM//obj//5 för//PP//case//8 fordonet//NN|NEU|SIN|DEF|NOM//obl//5 .//MAD//punct//5
Sammanfattning;Föraren//NN|UTR|SIN|DEF|NOM//nsubj//16 måste//VB|PRS|AKT//aux//16 dock//AB//advmod//16 i//PP//advmod//16 så//AB//amod//15 fall//NN|NEU|SIN|IND|NOM//fixed//13 ha//VB|INF|AKT//parataxis//5 körkortstillstånd//NN|NEU|SIN|IND|NOM//obj//16 och//KN//cc//19 uppfylla//VB|INF|AKT//conj//17 ålderskraven//NN|NEU|PLU|DEF|NOM//obj//19 samt//KN//cc//22 kraven//NN|NEU|PLU|DEF|NOM//conj//20 på//PP//case//25 viss//JJ|POS|UTR|SIN|IND|NOM//amod//25 förarbehörighet//NN|UTR|SIN|IND|NOM//nmod//22 enligt//PP//case//27 körkortslagen//NN|UTR|SIN|DEF|NOM//nmod//22 .//MAD//punct//5
Sammanfattning;Körträning//NN|UTR|SIN|IND|NOM//nsubj//31 skall//VB|PRS|AKT//aux//31 ske//VB|INF|AKT//parataxis//5 under//PP//case//33 uppsikt//NN|UTR|SIN|IND|NOM//obl//31 av//PP//case//36 en//DT|UTR|SIN|IND//det//36 lärare//NN|UTR|SIN|IND|NOM//nmod//33 vid//PP//case//39 en//DT|UTR|SIN|IND//det//39 utbildare//NN|UTR|SIN|IND|NOM//nmod//36 för//PP//case//41 yrkesförarkompetens//NN|UTR|SIN|DEF|GEN//nmod//39 .//MAD//punct//5
Sammanfattning;Vissa//JJ|POS|UTR/NEU|PLU|IND/DEF|NOM//amod//44 undantag//NN|NEU|PLU|IND|NOM//nsubj//48 från//PP//case//46 kraven//NN|NEU|PLU|DEF|NOM//nmod//44 bör//VB|PRS|AKT//aux//48 finnas//VB|INF|SFO//conj//5 för//PP//case//50 elever//NN|UTR|PLU|IND|NOM//obl//48 i//PP//case//52 gymnasieskola//NN|UTR|SIN|IND|NOM//nmod//50 ,//MID//punct//55 kommunal//JJ|POS|UTR|SIN|IND|NOM//amod//55 vuxenutbildning//NN|UTR|SIN|IND|NOM//conj//52 och//KN//cc//58 fristående//PC|PRS|UTR/NEU|SIN/PLU|IND/DEF|NOM//amod//58 skola//NN|UTR|SIN|IND|NOM//conj//52 med//PP//case//61 motsvarande//PC|PRS|UTR/NEU|SIN/PLU|IND/DEF|NOM//amod//61 utbildning//NN|UTR|SIN|IND|NOM//nmod//58 .//MAD//punct//5
Sammanfattning;Prov//NN|NEU|SIN|IND|NOM//ROOT//0
Sammanfattning;Yrkesförareleven//NN|UTR|SIN|DEF|NOM//nsubj//2 skall//VB|PRS|AKT//aux//2 avlägga//VB|INF|AKT//ROOT//2 det//DT|NEU|SIN|DEF//det//5 avslutande//PC|PRS|UTR/NEU|SIN/PLU|IND/DEF|NOM//amod//5 provet//NN|NEU|SIN|DEF|NOM//obj//2 inför//PP//case//7 Vägverket//PM|NOM//nmod//5 eller//KN//cc//9 den//PN|UTR|SIN|DEF|SUB/OBJ//conj//7 som//HP|-|-|-//dislocated//13 Vägverket//NN|NEU|SIN|DEF|NOM//nsubj//13 har//VB|PRS|AKT//aux//13 förordnat//VB|SUP|AKT//acl:relcl//9 att//IE//mark//15 anordna//VB|INF|AKT//xcomp//13 och//KN//cc//17 övervaka//VB|INF|AKT//conj//15 prov//NN|NEU|SIN|IND|NOM//obj//17 .//MAD//punct//2
Sammanfattning;Fortbildning//NN|UTR|SIN|IND|NOM//ROOT//0
Sammanfattning;En//DT|UTR|SIN|IND//det//1 förare//NN|UTR|SIN|IND|NOM//nsubj//20 som//HP|-|-|-//nsubj//4 har//VB|PRS|AKT//aux//4 förvärvat//VB|SUP|AKT//acl:relcl//1 sin//PS|UTR|SIN|DEF//nmod:poss//7 grundläggande//PC|PRS|UTR/NEU|SIN/PLU|IND/DEF|NOM//amod//7 kompetens//NN|UTR|SIN|IND|NOM//obj//4 genom//PP//mark//10 att//IE//mark//10 delta//VB|INF|AKT//advcl//4 i//PP//case//12 grundutbildning//NN|UTR|SIN|IND|NOM//obl//10 och//KN//cc//15 en//DT|UTR|SIN|IND//det//15 förare//NN|UTR|SIN|IND|NOM//conj//12 med//PP//case//17 hävdvunnen//JJ|POS|UTR|SIN|IND|NOM//nmod//15 rätt//NN|UTR|SIN|IND|NOM//nmod//15 skall//VB|PRS|AKT//aux//20 genomgå//VB|INF|AKT//ROOT//20 fortbildning//NN|UTR|SIN|IND|NOM//obj//20 .//MAD//punct//20
Sammanfattning;Det//PN|NEU|SIN|DEF|SUB/OBJ//nsubj//25 skall//VB|PRS|AKT//aux//25 ske//VB|INF|AKT//conj//20 inom//PP//case//28 fem//RG|NOM//nummod//28 år//NN|NEU|PLU|IND|NOM//obl//25 från//PP//case//31 den//DT|UTR|SIN|DEF//det//31 dag//NN|UTR|SIN|IND|NOM//obl//25 då//HA//advmod//34 yrkeskompetensbeviset//NN|NEU|SIN|DEF|NOM//nsubj:pass//34 utfärdades//VB|PRT|SFO//acl:relcl//31 eller//KN//cc//38 ,//MID//punct//38 för//PP//case//38 förare//NN|UTR|PLU|IND|NOM//conj//25 med//PP//case//40 hävdvunnen//JJ|POS|UTR|SIN|IND|NOM//nmod//38 rätt//NN|UTR|SIN|IND|NOM//advmod//25 ,//MID//punct//25 inom//PP//case//45 fem//RG|NOM//nummod//45 år//NN|NEU|PLU|IND|NOM//obl//25 från//PP//case//48 den//DT|UTR|SIN|DEF//det//48 dag//NN|UTR|SIN|IND|NOM//nmod//45 då//HA//advmod//51 lagen//NN|UTR|SIN|DEF|NOM//nsubj//51 börjar//VB|PRS|AKT//acl:relcl//48 tillämpas//VB|INF|SFO//xcomp//51 .//MAD//punct//25
Sammanfattning;Sedan//SN//mark//57 förarna//NN|UTR|PLU|DEF|NOM//nsubj//57 har//VB|PRS|AKT//aux//57 genomgått//VB|SUP|AKT//advcl//67 sin//PS|UTR|SIN|DEF//nmod:poss//60 första//RO|NOM//amod//60 fortbildning//NN|UTR|SIN|IND|NOM//obj//57 skall//VB|PRS|AKT//aux//67 de//PN|UTR/NEU|PLU|DEF|SUB//det//64 genomgå//VB|INF|AKT//amod//64 fortbildning//NN|UTR|SIN|IND|NOM//nsubj//67 vart//DT|NEU|SIN|IND//cop//67 femte//RO|NOM//amod//67 år//NN|NEU|SIN|IND|NOM//obl//25 under//PP//case//69 giltighetstiden//NN|UTR|SIN|DEF|NOM//obl//25 av//PP//case//71 yrkeskompetensbeviset//NN|NEU|SIN|DEF|NOM//nmod//69 .//MAD//punct//25
Sammanfattning;En//DT|UTR|SIN|IND//det//1 förare//NN|UTR|SIN|IND|NOM//nsubj//12 som//HP|-|-|-//nsubj//5 inte//AB//advmod//5 har//VB|PRS|AKT//aux//5 genomgått//VB|SUP|AKT//acl:relcl//1 föreskriven//PC|PRF|UTR|SIN|IND|NOM//amod//7 fortbildning//NN|UTR|SIN|IND|NOM//obj//5 skall//VB|PRS|AKT//aux//12 för//PP//mark//12 att//IE//mark//12 få//VB|INF|AKT//aux//12 återgå//VB|INF|AKT//ROOT//12 till//PP//mark//16 att//IE//mark//16 yrkesmässigt//AB|POS//advmod//16 utföra//VB|INF|AKT//advcl//12 gods-//NN|UTR|-|-|SMS//obj//16 eller//KN//cc//19 persontransporter//NN|UTR|PLU|IND|NOM//conj//17 genomgå//VB|INF|AKT//conj//12 en//DT|UTR|SIN|IND//det//22 fortbildningskurs//NN|UTR|SIN|IND|NOM//obj//20 .//MAD//punct//12
Sammanfattning;En//DT|UTR|SIN|IND//det//25 förare//NN|UTR|SIN|IND|NOM//nsubj//39 som//HP|-|-|-//nsubj//27 utför//VB|PRS|AKT//acl:relcl//25 godstransporter//NN|UTR|PLU|IND|NOM//obj//27 eller//KN//cc//30 persontransporter//NN|UTR|PLU|IND|NOM//conj//28 och//KN//cc//33 som//HP|-|-|-//nsubj//33 genomgått//VB|SUP|AKT//conj//27 en//DT|UTR|SIN|IND//det//35 fortbildning//NN|UTR|SIN|IND|NOM//obj//33 bör//VB|PRS|AKT//aux//39 inte//AB//advmod//39 vara//VB|INF|AKT//cop//39 skyldig//JJ|POS|UTR|SIN|IND|NOM//parataxis//12 att//IE//mark//41 genomgå//VB|INF|AKT//advcl//39 ytterligare//JJ|KOM|UTR/NEU|SIN/PLU|IND/DEF|NOM//amod//43 fortbildning//NN|UTR|SIN|IND|NOM//obj//41 under//PP//case//45 giltighetstiden//NN|UTR|SIN|DEF|NOM//obl//41 för//PP//case//47 yrkeskompetensbeviset//NN|NEU|SIN|DEF|NOM//nmod//45 .//MAD//punct//12
Sammanfattning;En//DT|UTR|SIN|IND//det//1 fortbildningskurs//NN|UTR|SIN|IND|NOM//nsubj//3 skall//VB|PRS|AKT//aux//3 omfatta//VB|INF|AKT//ROOT//3 35//RG|NOM//nummod//5 timmar//NN|UTR|PLU|IND|NOM//obj//3 .//MAD//punct//3
Sammanfattning;Kursen//NN|UTR|SIN|DEF|NOM//nsubj:pass//9 får//VB|PRS|AKT//aux//9 delas//VB|INF|SFO//parataxis//3 upp//PL//compound:prt//9 i//PP//case//12 delkurser//NN|UTR|PLU|IND|NOM//obl//9 omfattande//PC|PRS|UTR/NEU|SIN/PLU|IND/DEF|NOM//case//16 minst//AB|SUV//advmod//15 sju//RG|NOM//nummod//16 timmar//NN|UTR|PLU|IND|NOM//obl//9 .//MAD//punct//9
Sammanfattning;Enskilda//JJ|POS|UTR/NEU|PLU|IND/DEF|NOM//amod//19 moment//NN|NEU|PLU|IND|NOM//nsubj//24 i//PP//case//21 kursen//NN|UTR|SIN|DEF|NOM//nmod//19 bör//VB|PRS|AKT//aux//24 få//VB|INF|AKT//aux//24 innefatta//VB|INF|AKT//conj//9 simulatorträning//NN|UTR|SIN|IND|NOM//obj//24 eller//KN//cc//27 distansundervisning//NN|UTR|SIN|IND|NOM//conj//25 .//MAD//punct//3
Sammanfattning;Yrkeskompetensbevis//NN|NEU|SIN|IND|NOM//ROOT//0 och//KN//cc//2 gemenskapskod//NN|UTR|SIN|IND|NOM//conj//0
Sammanfattning;Vägverket//NN|NEU|SIN|DEF|NOM//nsubj//2 skall//VB|PRS|AKT//aux//2 utfärda//VB|INF|AKT//ROOT//2 yrkeskompetensbevis//NN|NEU|SIN|IND|NOM//obj//2 till//PP//case//6 en//DT|UTR|SIN|IND//det//6 förare//NN|UTR|SIN|IND|NOM//obl//2 som//HP|-|-|-//nsubj//8 genomgått//VB|SUP|AKT//acl:relcl//6 utbildning//NN|UTR|SIN|IND|NOM//obj//8 som//HP|-|-|-//nsubj:pass//11 föreskrivs//VB|PRS|SFO//acl:relcl//9 .//MAD//punct//2
Sammanfattning;I//PP//case//14 beviset//NN|NEU|SIN|DEF|NOM//obl//17 skall//VB|PRS|AKT//aux//17 gemenskapskoden//NN|UTR|SIN|DEF|NOM//nsubj:pass//17 anges//VB|INF|SFO//conj//2 .//MAD//punct//17
Sammanfattning;Ett//DT|NEU|SIN|IND//det//20 yrkeskompetensbevis//NN|NEU|SIN|IND|NOM//nsubj//31 för//PP//case//22 förare//NN|UTR|PLU|IND|NOM//nmod//20 som//HP|-|-|-//nsubj:pass//24 utfärdats//VB|SUP|SFO//acl:relcl//22 i//PP//case//28 en//DT|UTR|SIN|IND//det//28 annan//JJ|POS|UTR|SIN|IND|NOM//amod//28 stat//NN|UTR|SIN|IND|NOM//obl//24 inom//PP//case//30 EES//PM|NOM//nmod//28 gäller//VB|PRS|AKT//parataxis//17 i//PP//case//33 Sverige//PM|NOM//obl//31 enligt//PP//case//36 sitt//PS|NEU|SIN|DEF//nmod:poss//36 innehåll//NN|NEU|SIN|IND|NOM//obl//31 .//MAD//punct//17
Sammanfattning;Den//DT|UTR|SIN|DEF//det//1 förare//NN|UTR|SIN|IND|NOM//nsubj//12 som//HP|-|-|-//nsubj//4 är//VB|PRS|AKT//cop//4 medborgare//NN|UTR|PLU|IND|NOM//acl:relcl//1 i//PP//case//7 ett//DT|NEU|SIN|IND//det//7 land//NN|NEU|SIN|IND|NOM//nmod//4 utanför//PP//case//9 EES//PM|NOM//nmod//7 och//KN//cc//12 är//VB|PRS|AKT//cop//12 anställd//PC|PRF|UTR|SIN|IND|NOM//ROOT//12 eller//KN//cc//14 anlitad//PC|PRF|UTR|SIN|IND|NOM//conj//12 av//PP//case//17 ett//DT|NEU|SIN|IND//det//17 företag//NN|NEU|SIN|IND|NOM//obl//14 som//HP|-|-|-//nsubj//20 är//VB|PRS|AKT//cop//20 etablerat//PC|PRF|NEU|SIN|IND|NOM//acl:relcl//17 inom//PP//case//22 EES//PM|NOM//obl//20 och//KN//cc//25 som//HP|-|-|-//nsubj//25 utför//VB|PRS|AKT//conj//20 gods-//NN|UTR|-|-|SMS//obj//25 eller//KN//cc//28 persontransporter//NN|UTR|PLU|IND|NOM//conj//26 på//PP//case//30 väg//NN|UTR|SIN|IND|NOM//obl//25 skall//VB|PRS|AKT//aux//33 kunna//VB|INF|AKT//aux//33 visa//VB|INF|AKT//conj//12 att//SN//mark//38 han//PN|UTR|SIN|DEF|SUB//nsubj//38 eller//KN//cc//37 hon//PN|UTR|SIN|DEF|SUB//conj//35 har//VB|PRS|AKT//ccomp//33 den//DT|UTR|SIN|DEF//det//40 kompetens//NN|UTR|SIN|IND|NOM//obj//38 och//KN//cc//43 den//DT|UTR|SIN|DEF//det//43 utbildning//NN|UTR|SIN|IND|NOM//conj//40 som//HP|-|-|-//nsubj:pass//45 föreskrivs//VB|PRS|SFO//acl:relcl//43 .//MAD//punct//12
Sammanfattning;En//DT|UTR|SIN|IND//det//1 förare//NN|UTR|SIN|IND|NOM//dislocated//28 som//HP|-|-|-//nsubj//3 utför//VB|PRS|AKT//acl:relcl//1 gods-//NN|UTR|-|-|SMS//obj//3 eller//KN//cc//6 persontransporter//NN|UTR|PLU|IND|NOM//conj//4 och//KN//cc//8 omfattas//VB|PRS|SFO//conj//3 av//PP//case//10 krav//NN|NEU|PLU|IND|NOM//obl//8 på//PP//mark//14 att//IE//mark//14 ha//VB|INF|AKT//aux//14 förvärvat//VB|SUP|AKT//advcl//8 bevis//NN|NEU|SIN|IND|NOM//obj//14 om//PP//mark//19 yrkeskompetens//NN|UTR|SIN|IND|NOM//nsubj//19 bör//VB|PRS|AKT//aux//19 ha//VB|INF|AKT//advcl//14 med//PL//case//21 sig//PN|UTR/NEU|SIN/PLU|DEF|OBJ//obl//19 erforderliga//JJ|POS|UTR/NEU|PLU|IND/DEF|NOM//amod//23 handlingar//NN|UTR|PLU|IND|NOM//obj//19 .//MAD//punct//1
Sammanfattning;Det//PN|NEU|SIN|DEF|SUB/OBJ//nsubj//28 kan//VB|PRS|AKT//aux//27 vara//VB|INF|AKT//cop//28 yrkeskompetensbeviset//NN|NEU|SIN|DEF|NOM//ROOT//28 ,//MID//punct//32 eller//KN//cc//32 annat//JJ|POS|NEU|SIN|IND|NOM//amod//32 bevis//NN|NEU|SIN|IND|NOM//conj//28 i//PP//case//34 förening//NN|UTR|SIN|IND|NOM//nmod//32 med//PP//case//37 en//DT|UTR|SIN|IND//det//37 handling//NN|UTR|SIN|IND|NOM//nmod//32 som//HP|-|-|-//nsubj//39 styrker//VB|PRS|AKT//acl:relcl//37 förarens//NN|UTR|SIN|DEF|GEN//nmod:poss//41 identitet//NN|UTR|SIN|IND|NOM//obj//39 .//MAD//punct//28
Sammanfattning;På//PP//case//1 begäran//NN|UTR|SIN|IND|NOM//obl//8 av//PP//case//3 bilinspektör//NN|UTR|SIN|IND|NOM//nmod//1 eller//KN//cc//5 polis//NN|UTR|SIN|IND|NOM//conj//3 skall//VB|PRS|AKT//aux//8 handlingarna//NN|UTR|PLU|DEF|NOM//nsubj:pass//8 överlämnas//VB|INF|SFO//ROOT//8 för//PP//case//10 kontroll//NN|UTR|SIN|IND|NOM//obl//8 .//MAD//punct//8
Sammanfattning;Yrkeskompetensbevis//NN|NEU|SIN|IND|NOM//nsubj:pass//3 m.m.//AB|AN//conj//0 bör//VB|PRS|AKT//aux//3 registreras//VB|INF|SFO//ROOT//3 av//PP//case//5 Vägverket//PM|NOM//obl:agent//3 .//MAD//punct//3
Sammanfattning;En//DT|UTR|SIN|IND//det//8 utbildare//NN|UTR|SIN|IND|NOM//nsubj//16 för//PP//case//10 yrkesförarkompetens//NN|UTR|SIN|IND|NOM//nmod//8 bör//VB|PRS|AKT//aux//16 snarast//AB|SUV//advmod//16 efter//PP//mark//16 att//SN//mark//16 föraren//NN|UTR|SIN|DEF|NOM//nsubj//16 genomgått//VB|SUP|AKT//parataxis//3 fortbildningskursen//NN|UTR|SIN|DEF|NOM//obj//16 rapportera//VB|INF|AKT//conj//3 det//DT|NEU|SIN|DEF//det//20 underlag//NN|NEU|SIN|IND|NOM//obj//18 som//HP|-|-|-//nsubj:pass//22 behövs//VB|PRS|SFO//acl:relcl//20 för//PP//mark//28 att//SN//fixed//23 Vägverket//NN|NEU|SIN|DEF|NOM//nsubj//28 skall//VB|PRS|AKT//aux//28 kunna//VB|INF|AKT//aux//28 fatta//VB|INF|AKT//advcl//22 beslut//NN|NEU|SIN|IND|NOM//obj//28 om//PP//case//31 utfärdandet//NN|NEU|SIN|DEF|NOM//obl//28 .//MAD//punct//3
Sammanfattning;Utbildaren//NN|UTR|SIN|DEF|NOM//nsubj//35 bör//VB|PRS|AKT//aux//35 föra//VB|INF|AKT//conj//3 anteckningar//NN|UTR|PLU|IND|NOM//obj//35 om//PP//case//39 förarens//NN|UTR|SIN|DEF|GEN//nmod:poss//39 deltagande//NN|NEU|SIN|IND|NOM//obl//35 i//PP//case//41 fortbildningskursen//NN|UTR|SIN|DEF|NOM//nmod//39 .//MAD//punct//35
Sammanfattning;Vid//PP//case//44 bedömning//NN|UTR|SIN|IND|NOM//obl//60 av//PP//case//47 vilken//HD|UTR|SIN|IND//det//47 fortbildning//NN|UTR|SIN|IND|NOM//nmod//44 som//HP|-|-|-//nsubj//49 återstår//VB|PRS|AKT//acl:relcl//47 för//PP//mark//54 att//SN//fixed//50 föraren//NN|UTR|SIN|DEF|NOM//nsubj:pass//54 skall//VB|PRS|AKT//aux//54 anses//VB|INF|SFO//advcl//49 ha//VB|INF|AKT//aux//56 fullföljt//VB|SUP|AKT//amod//57 kursen//NN|UTR|SIN|DEF|NOM//obj//54 får//VB|PRS|AKT//aux//60 denne//PN|MAS|SIN|DEF|SUB/OBJ//nsubj//60 tillgodoräkna//VB|INF|AKT//advcl//35 sig//PN|UTR/NEU|SIN/PLU|DEF|OBJ//iobj//60 delkurser//NN|UTR|PLU|IND|NOM//obj//60 som//HP|-|-|-//obj//67 han//PN|UTR|SIN|DEF|SUB//nsubj//67 eller//KN//cc//66 hon//PN|UTR|SIN|DEF|SUB//conj//64 genomgått//VB|SUP|AKT//acl:relcl//62 hos//PP//case//70 andra//JJ|POS|UTR/NEU|PLU|IND/DEF|NOM//amod//70 utbildare//NN|UTR|PLU|IND|NOM//obl//67 m.m.//AB|AN//conj//35
Sammanfattning;Förare//NN|UTR|PLU|IND|NOM//nsubj//25 som//HP|-|-|-//nsubj//5 är//VB|PRS|AKT//cop//5 inte//AB//advmod//5 är//VB|PRS|AKT//cop//5 medborgare//NN|UTR|PLU|IND|NOM//acl:relcl//0 i//PP//case//8 en//DT|UTR|SIN|IND//det//8 EES-stat//NN|UTR|SIN|IND|NOM//nmod//5 men//KN//cc//12 som//HP|-|-|-//nsubj//12 är//VB|PRS|AKT//cop//12 anställd//PC|PRF|UTR|SIN|IND|NOM//conj//5 eller//KN//cc//14 anlitad//PC|PRF|UTR|SIN|IND|NOM//conj//12 av//PP//case//17 ett//DT|NEU|SIN|IND//det//17 företag//NN|NEU|SIN|IND|NOM//obl//12 inom//PP//case//19 EES//PM|NOM//nmod//17 som//HP|-|-|-//nsubj//21 utför//VB|PRS|AKT//acl:relcl//19 persontransporter//NN|UTR|PLU|IND|NOM//obj//21 skall//VB|PRS|AKT//aux//25 kunna//VB|INF|AKT//aux//25 visa//VB|INF|AKT//ROOT//25 sin//PS|UTR|SIN|DEF//nmod:poss//27 yrkesförarkompetens//NN|UTR|SIN|IND|NOM//obj//25 genom//PP//case//30 antingen//KN//cc//30 1//RG|NOM//obl//25 .//MID//punct//25
Sammanfattning;gemenskapskoden//NN|UTR|SIN|DEF|NOM//obj//25 på//PP//case//35 ett//DT|NEU|SIN|IND//det//35 gemenskapskörkort//NN|NEU|SIN|IND|NOM//nmod//32 ,//MID//punct//32 2//RG|NOM//nummod//32 .//MAD//punct//25
Sammanfattning;yrkeskompetensbevis//NN|NEU|SIN|IND|NOM//obj//25 för//PP//case//41 förare//NN|UTR|PLU|IND|NOM//nmod//39 försett//PC|PRF|NEU|SIN|IND|NOM//xcomp//25 med//PP//case//45 motsvarande//PC|PRS|UTR/NEU|SIN/PLU|IND/DEF|NOM//amod//45 gemenskapskod//NN|UTR|SIN|IND|NOM//obl//42 ,//MID//punct//25 eller//KN//cc//48 3//RG|NOM//conj//25 .//MID//punct//25
Sammanfattning;ett//DT|NEU|SIN|IND//det//52 nationellt//JJ|POS|NEU|SIN|IND|NOM//amod//52 bevis//NN|NEU|SIN|IND|NOM//obj//25 som//HP|-|-|-//obj//56 medlemsstaterna//NN|UTR|PLU|DEF|NOM//nsubj//56 ömsesidigt//AB|POS//advmod//56 godkänner//VB|PRS|AKT//acl:relcl//52 inom//PP//case//60 sina//PS|UTR/NEU|PLU|DEF//nmod:poss//60 respektive//AB//amod//60 territorier//NN|NEU|PLU|IND|NOM//obl//56 .//MAD//punct//25
Sammanfattning;Utbildningsort//NN|UTR|SIN|IND|NOM//ROOT//0
Sammanfattning;En//DT|UTR|SIN|IND//det//1 förare//NN|UTR|SIN|IND|NOM//nsubj//15 som//HP|-|-|-//nsubj//5 är//VB|PRS|AKT//cop//5 svensk//JJ|POS|UTR|SIN|IND|NOM//amod//5 medborgare//NN|UTR|SIN|IND|NOM//acl:relcl//1 eller//KN//cc//7 medborgare//NN|UTR|PLU|IND|NOM//conj//5 i//PP//case//11 en//DT|UTR|SIN|IND//det//11 annan//JJ|POS|UTR|SIN|IND|NOM//amod//11 stat//NN|UTR|SIN|IND|NOM//nmod//7 inom//PP//case//13 EES//PM|NOM//nmod//11 skall//VB|PRS|AKT//aux//15 erhålla//VB|INF|AKT//advcl//57 den//DT|UTR|SIN|DEF//det//18 grundläggande//PC|PRS|UTR/NEU|SIN/PLU|IND/DEF|NOM//amod//18 kompetensen//NN|UTR|SIN|DEF|NOM//obj//15 i//PP//case//20 Sverige//PM|NOM//obl//15 om//SN//mark//27 han//PN|UTR|SIN|DEF|SUB//nsubj//27 eller//KN//cc//24 hon//PN|UTR|SIN|DEF|SUB//conj//22 är//VB|PRS|AKT//cop//27 permanent//JJ|POS|UTR|SIN|IND|NOM//advmod//27 bosatt//JJ|POS|UTR|SIN|IND|NOM//advcl//15 i//PP//case//29 landet//NN|NEU|SIN|DEF|NOM//obl//27 .//MID//punct//15
Sammanfattning;Om//SN//mark//35 föraren//NN|UTR|SIN|DEF|NOM//nsubj//35 inte//AB//advmod//35 är//VB|PRS|AKT//cop//35 medborgare//NN|UTR|PLU|IND|NOM//conj//15 i//PP//case//38 en//DT|UTR|SIN|IND//det//38 stat//NN|UTR|SIN|IND|NOM//nmod//35 inom//PP//case//40 EES//PM|NOM//nmod//38 men//KN//cc//42 anställd//PC|PRF|UTR|SIN|IND|NOM//conj//35 eller//KN//cc//44 anlitad//PC|PRF|UTR|SIN|IND|NOM//conj//35 av//PP//case//47 ett//DT|NEU|SIN|IND//det//47 företag//NN|NEU|SIN|IND|NOM//obl//44 som//HP|-|-|-//nsubj//50 är//VB|PRS|AKT//cop//50 etablerat//PC|PRF|NEU|SIN|IND|NOM//acl:relcl//47 inom//PP//case//52 EES//PM|NOM//obl//50 skall//VB|PRS|AKT//aux//57 han//PN|UTR|SIN|DEF|SUB//nsubj//57 eller//KN//cc//56 hon//PN|UTR|SIN|DEF|SUB//conj//54 erhålla//VB|INF|AKT//ROOT//57 den//DT|UTR|SIN|DEF//det//60 grundläggande//PC|PRS|UTR/NEU|SIN/PLU|IND/DEF|NOM//amod//60 kompetensen//NN|UTR|SIN|DEF|NOM//obj//57 i//PP//case//62 Sverige//PM|NOM//obl//57 om//PP//case//65 permanent//JJ|POS|NEU|SIN|IND|NOM//amod//65 uppehållstillstånd//NN|NEU|SIN|IND|NOM//nsubj:pass//68 eller//KN//cc//67 arbetstillstånd//NN|NEU|SIN|IND|NOM//conj//65 utfärdats//VB|SUP|SFO//advcl//57 här//AB//advmod//68 i//PP//case//71 landet//NN|NEU|SIN|DEF|NOM//obl//68 .//MID//punct//57
Sammanfattning;Alla//DT|UTR/NEU|PLU|IND/DEF//det//75 dessa//DT|UTR/NEU|PLU|DEF//det//75 förare//NN|UTR|PLU|IND|NOM//nsubj//78 skall//VB|PRS|AKT//aux//78 också//AB//advmod//78 genomgå//VB|INF|AKT//conj//57 fortbildning//NN|UTR|SIN|IND|NOM//obj//78 i//PP//case//81 Sverige//PM|NOM//obl//78 om//SN//mark//86 de//PN|UTR/NEU|PLU|DEF|SUB//nsubj//86 är//VB|PRS|AKT//cop//86 permanent//AB|POS//advmod//86 bosatta//JJ|POS|UTR/NEU|PLU|IND/DEF|NOM//advcl//78 i//PP//case//88 landet//NN|NEU|SIN|DEF|NOM//obl//86 eller//KN//cc//90 arbetar//VB|PRS|AKT//conj//78 här//AB//advmod//90 .//MAD//punct//57
Sammanfattning;Utbildare//NN|UTR|PLU|IND|NOM//ROOT//0 för//PP//case//2 yrkesförarkompetens//NN|UTR|SIN|IND|NOM//obl//0
Sammanfattning;De//DT|UTR/NEU|PLU|DEF//det//1 utbildningscentrum//NN|NEU|PLU|IND|NOM//nsubj:pass//7 som//HP|-|-|-//nsubj:pass//3 avses//VB|PRS|SFO//acl:relcl//1 i//PP//case//5 yrkesförardirektivet//NN|NEU|SIN|DEF|NOM//obl//3 skall//VB|PRS|AKT//aux//7 benämnas//VB|INF|SFO//ROOT//7 utbildare//NN|UTR|PLU|IND|NOM//xcomp//7 för//PP//case//10 yrkesförarkompetens//NN|UTR|SIN|DEF|GEN//nmod//8 .//MAD//punct//7
Sammanfattning;Med//PP//case//13 utbildare//NN|UTR|PLU|IND|NOM//obl//16 för//PP//case//15 yrkesförarkompetens//NN|UTR|SIN|IND|NOM//nmod//13 avses//VB|PRS|SFO//parataxis//7 den//DT|UTR|SIN|DEF//det//21 fysiska//JJ|POS|UTR/NEU|SIN|DEF|NOM//amod//21 eller//KN//cc//20 juridiska//JJ|POS|UTR/NEU|SIN|DEF|NOM//conj//18 person//NN|UTR|SIN|IND|NOM//nsubj:pass//16 som//HP|-|-|-//nsubj//23 tillhandahåller//VB|PRS|AKT//acl:relcl//21 grundutbildning//NN|UTR|SIN|IND|NOM//obj//23 eller//KN//cc//26 fortbildning//NN|UTR|SIN|IND|NOM//conj//24 för//PP//case//28 yrkesförarkompetens//NN|UTR|SIN|DEF|GEN//obl//23 .//MAD//punct//16
Sammanfattning;Utbildningsverksamheten//NN|UTR|SIN|DEF|NOM//nsubj:pass//33 bör//VB|PRS|AKT//aux//33 få//VB|INF|AKT//aux//33 bedrivas//VB|INF|SFO//parataxis//16 endast//AB//advmod//33 av//PP//case//37 den//DT|UTR|SIN|DEF//det//37 utbildare//NN|UTR|SIN|IND|NOM//obl:agent//33 som//HP|-|-|-//nsubj//39 har//VB|PRS|AKT//acl:relcl//37 tillstånd//NN|NEU|SIN|IND|NOM//obj//39 .//MID//punct//33
Sammanfattning;Tillstånd//NN|NEU|SIN|IND|NOM//parataxis//33 får//VB|PRS|AKT//aux//44 beviljas//VB|INF|SFO//advcl//33 en//DT|UTR|SIN|IND//det//46 utbildare//NN|UTR|SIN|IND|NOM//xcomp//44 om//SN//case//48 denne//PN|MAS|SIN|DEF|SUB/OBJ//nmod//46 med//PP//case//54 hänsyn//NN|UTR|SIN|IND|NOM//fixed//49 till//PP//case//54 sina//PS|UTR/NEU|PLU|DEF//nmod:poss//54 ekonomiska//JJ|POS|UTR/NEU|PLU|IND/DEF|NOM//amod//54 förhållanden//NN|NEU|PLU|IND|NOM//nmod//48 och//KN//cc//56 omständigheterna//NN|UTR|PLU|DEF|NOM//conj//54 i//PP//advmod//59 övrigt//JJ|POS|NEU|SIN|IND|NOM//fixed//57 bedöms//VB|PRS|SFO//advcl//7 ha//VB|INF|AKT//xcomp//59 förutsättningar//NN|UTR|PLU|IND|NOM//obj//60 att//IE//mark//63 bedriva//VB|INF|AKT//acl//61 verksamheten//NN|UTR|SIN|DEF|NOM//obj//63 på//PP//case//68 ett//DT|NEU|SIN|IND//det//68 sådant//JJ|POS|NEU|SIN|IND|NOM//amod//68 sätt//NN|NEU|SIN|IND|NOM//obl//63 att//SN//mark//74 kravet//NN|NEU|SIN|DEF|NOM//nsubj//74 på//PP//case//73 god//JJ|POS|UTR|SIN|IND|NOM//amod//73 utbildning//NN|UTR|SIN|IND|NOM//nmod//70 blir//VB|PRS|AKT//acl//68 tillgodosett//PC|PRF|NEU|SIN|IND|NOM//xcomp//74 och//KN//cc//80 i//PP//case//80 enlighet//NN|UTR|SIN|IND|NOM//fixed//77 med//PP//fixed//77 ansökan//NN|UTR|SIN|IND|NOM//conj//74 .//MAD//punct//7
Sammanfattning;Tillståndet//NN|NEU|SIN|DEF|NOM//nsubj:pass//84 får//VB|PRS|AKT//aux//84 förenas//VB|INF|SFO//parataxis//7 med//PP//case//86 villkor//NN|NEU|PLU|IND|NOM//obl//84 .//MAD//punct//84
Sammanfattning;En//DT|UTR|SIN|IND//det//89 gymnasieskola//NN|UTR|SIN|IND|NOM//nsubj//102 ,//MID//punct//92 kommunal//JJ|POS|UTR|SIN|IND|NOM//amod//92 vuxenutbildning//NN|UTR|SIN|IND|NOM//conj//89 eller//KN//cc//95 fristående//PC|PRS|UTR/NEU|SIN/PLU|IND/DEF|NOM//amod//95 skola//NN|UTR|SIN|IND|NOM//conj//89 med//PP//case//98 motsvarande//PC|PRS|UTR/NEU|SIN/PLU|IND/DEF|NOM//amod//98 utbildning//NN|UTR|SIN|IND|NOM//nmod//95 bör//VB|PRS|AKT//aux//102 inte//AB//advmod//102 vara//VB|INF|AKT//cop//102 skyldig//JJ|POS|UTR|SIN|IND|NOM//conj//84 att//IE//mark//104 ha//VB|INF|AKT//advcl//102 tillstånd//NN|NEU|SIN|IND|NOM//obj//104 .//MAD//punct//84
Sammanfattning;En//DT|UTR|SIN|IND//det//1 utbildare//NN|UTR|SIN|IND|NOM//nsubj//3 skall//VB|PRS|AKT//aux//3 ha//VB|INF|AKT//ROOT//3 en//DT|UTR|SIN|IND//det//6 godkänd//PC|PRF|UTR|SIN|IND|NOM//amod//6 chef//NN|UTR|SIN|IND|NOM//obj//3 ,//MID//punct//6 som//HP|-|-|-//nsubj//9 ansvarar//VB|PRS|AKT//acl:relcl//6 för//PP//mark//15 att//SN//mark//15 den//DT|UTR|SIN|DEF//det//14 tillståndspliktiga//JJ|POS|UTR/NEU|SIN|DEF|NOM//amod//14 verksamheten//NN|UTR|SIN|DEF|NOM//nsubj:pass//15 bedrivs//VB|PRS|SFO//ccomp//9 på//PP//case//19 ett//DT|NEU|SIN|IND//det//19 sådant//JJ|POS|NEU|SIN|IND|NOM//amod//19 sätt//NN|NEU|SIN|IND|NOM//obl//15 att//SN//mark//25 kravet//NN|NEU|SIN|DEF|NOM//nsubj//25 på//PP//case//24 god//JJ|POS|UTR|SIN|IND|NOM//amod//24 förarutbildning//NN|UTR|SIN|IND|NOM//nmod//21 blir//VB|PRS|AKT//acl//19 tillgodosett//PC|PRF|NEU|SIN|IND|NOM//xcomp//25 .//MAD//punct//3
Sammanfattning;Tillsyn//NN|UTR|SIN|IND|NOM//ROOT//0
Sammanfattning;Vägverket//NN|NEU|SIN|DEF|NOM//nsubj//2 bör//VB|PRS|AKT//aux//2 utöva//VB|INF|AKT//ROOT//2 tillsyn//NN|UTR|SIN|IND|NOM//obj//2 över//PP//case//5 utbildningsverksamheten//NN|UTR|SIN|DEF|NOM//obl//2 enligt//PP//case//7 lagen//NN|UTR|SIN|DEF|NOM//nmod//5 om//PP//case//9 yrkesförarkompetens//NN|UTR|SIN|DEF|GEN//nmod//7 .//MAD//punct//2
Sammanfattning;När//HA//mark//13 det//PN|NEU|SIN|DEF|SUB/OBJ//expl//13 gäller//VB|PRS|AKT//advcl//30 tillsynen//NN|UTR|SIN|DEF|NOM//obj//13 över//PP//case//16 provverksamheten//NN|UTR|SIN|DEF|NOM//obl//13 vid//PP//case//18 gymnasieskola//NN|UTR|SIN|IND|NOM//nmod//16 ,//MID//punct//21 kommunal//JJ|POS|UTR|SIN|IND|NOM//amod//21 vuxenutbildning//NN|UTR|SIN|IND|NOM//conj//18 eller//KN//cc//24 fristående//PC|PRS|UTR/NEU|SIN/PLU|IND/DEF|NOM//amod//24 skola//NN|UTR|SIN|IND|NOM//conj//18 med//PP//case//27 motsvarande//PC|PRS|UTR/NEU|SIN/PLU|IND/DEF|NOM//amod//27 utbildning//NN|UTR|SIN|IND|NOM//nmod//18 skall//VB|PRS|AKT//aux//30 Vägverket//NN|NEU|SIN|DEF|NOM//nsubj//30 samråda//VB|INF|AKT//parataxis//2 med//PP//case//33 Statens//NN|UTR|SIN|DEF|GEN//nmod:poss//33 skolverk//NN|NEU|SIN|IND|NOM//obl//30 .//MAD//punct//30
Sammanfattning;Statens//NN|UTR|SIN|DEF|GEN//nmod:poss//36 skolverk//NN|NEU|SIN|IND|NOM//nsubj//37 utövar//VB|PRS|AKT//conj//2 tillsyn//NN|UTR|SIN|IND|NOM//obj//37 över//PP//case//40 utbildningen//NN|UTR|SIN|DEF|NOM//obl//37 vid//PP//case//43 dessa//DT|UTR/NEU|PLU|DEF//det//43 utbildningsanstalter//NN|UTR|PLU|IND|NOM//obl//37 i//PP//advmod//37 övrigt//JJ|POS|NEU|SIN|IND|NOM//fixed//44 .//MAD//punct//2
Sammanfattning;Om//SN//mark//3 en//DT|UTR|SIN|IND//det//2 tillsynsmyndighet//NN|UTR|SIN|IND|NOM//nsubj//3 begär//VB|PRS|AKT//advcl//8 det//PN|NEU|SIN|DEF|SUB/OBJ//obj//3 skall//VB|PRS|AKT//aux//8 en//DT|UTR|SIN|IND//det//7 tillståndshavare//NN|UTR|SIN|IND|NOM//nsubj//8 lämna//VB|INF|AKT//ROOT//8 tillträde//NN|NEU|SIN|IND|NOM//obj//8 till//PP//case//11 driftsstället//NN|NEU|SIN|DEF|NOM//obl//8 med//PP//case//14 tillhörande//PC|PRS|UTR/NEU|SIN/PLU|IND/DEF|NOM//amod//14 lokaler//NN|UTR|PLU|IND|NOM//nmod//11 och//KN//cc//16 tillhandahålla//VB|INF|AKT//amod//17 handlingar//NN|UTR|PLU|IND|NOM//conj//14 som//HP|-|-|-//nsubj//19 rör//VB|PRS|AKT//acl:relcl//17 verksamheten//NN|UTR|SIN|DEF|NOM//obj//19 samt//KN//cc//22 hjälpa//VB|INF|AKT//conj//19 till//PL//compound:prt//22 vid//PP//case//25 tillsynen//NN|UTR|SIN|DEF|NOM//obl//22 .//MAD//punct//8
Sammanfattning;Den//PN|UTR|SIN|DEF|SUB/OBJ//nsubj//33 som//HP|-|-|-//nsubj:pass//29 beviljats//VB|SUP|SFO//acl:relcl//27 tillstånd//NN|NEU|SIN|IND|NOM//obj//29 bör//VB|PRS|AKT//aux//33 vara//VB|INF|AKT//cop//33 skyldig//JJ|POS|UTR|SIN|IND|NOM//parataxis//8 att//IE//mark//35 anmäla//VB|INF|AKT//advcl//33 vissa//JJ|POS|UTR/NEU|PLU|IND/DEF|NOM//amod//37 förändringar//NN|UTR|PLU|IND|NOM//obj//35 i//PP//case//39 verksamheten//NN|UTR|SIN|DEF|NOM//nmod//37 .//MAD//punct//8
Sammanfattning;Återkallelse//NN|UTR|SIN|IND|NOM//ROOT//0 m.m.//AB|AN//flat//0 av//PP//case//3 tillstånd//NN|NEU|SIN|IND|NOM//nmod//0 eller//KN//cc//5 godkännande//NN|NEU|SIN|IND|NOM//conj//3
Sammanfattning;Vägverket//NN|NEU|SIN|DEF|NOM//nsubj//3 bör//VB|PRS|AKT//aux//3 få//VB|INF|AKT//aux//3 återkalla//VB|INF|AKT//ROOT//3 tillståndet//NN|NEU|SIN|DEF|NOM//obj//3 för//PP//case//7 en//DT|UTR|SIN|IND//det//7 utbildare//NN|UTR|SIN|IND|NOM//nmod//4 för//PP//case//9 yrkesförarkompetens//NN|UTR|SIN|IND|NOM//nmod//7 om//PP//mark//12 utbildaren//NN|UTR|SIN|DEF|NOM//nsubj//12 visar//VB|PRS|AKT//advcl//3 sig//PN|UTR/NEU|SIN/PLU|DEF|OBJ//obj//12 vara//VB|INF|AKT//cop//15 olämplig//JJ|POS|UTR|SIN|IND|NOM//xcomp//12 att//IE//mark//17 driva//VB|INF|AKT//acl//15 verksamheten//NN|UTR|SIN|DEF|NOM//obj//17 ,//MID//punct//3 utbildningsverksamheten//NN|UTR|SIN|DEF|NOM//nsubj:pass//21 bedrivs//VB|PRS|SFO//parataxis//3 i//PP//case//26 strid//NN|UTR|SIN|IND|NOM//fixed//22 mot//PP//fixed//22 gällande//PC|PRS|UTR/NEU|SIN/PLU|IND/DEF|NOM//amod//26 föreskrifter//NN|UTR|PLU|IND|NOM//obl//21 eller//KN//cc//33 i//PP//advmod//33 övrigt//JJ|POS|NEU|SIN|IND|NOM//fixed//28 på//PP//case//33 ett//DT|NEU|SIN|IND//det//33 otillfredsställande//JJ|POS|UTR/NEU|SIN/PLU|IND/DEF|NOM//amod//33 sätt//NN|NEU|SIN|IND|NOM//conj//26 ,//MID//punct//21 undervisning//NN|UTR|SIN|IND|NOM//nsubj:pass//37 inte//AB//advmod//37 bedrivs//VB|PRS|SFO//conj//3 eller//KN//cc//39 utbildaren//NN|UTR|SIN|DEF|NOM//conj//37 begär//VB|PRS|AKT//conj//3 det//PN|NEU|SIN|DEF|SUB/OBJ//obj//40 .//MAD//punct//3
Sammanfattning;Om//SN//mark//45 Vägverket//NN|NEU|SIN|DEF|NOM//nsubj//45 finner//VB|PRS|AKT//advcl//3 att//SN//mark//54 den//PN|UTR|SIN|DEF|SUB/OBJ//nsubj//54 som//HP|-|-|-//nsubj:pass//50 har//VB|PRS|AKT//aux//50 godkänts//VB|SUP|SFO//acl:relcl//47 som//KN//case//52 chef//NN|UTR|SIN|IND|NOM//obl//50 är//VB|PRS|AKT//cop//54 olämplig//JJ|POS|UTR|SIN|IND|NOM//ccomp//45 ,//MID//punct//59 bör//VB|PRS|AKT//aux//59 godkännandet//NN|NEU|SIN|DEF|NOM//nsubj:pass//59 få//VB|INF|AKT//aux//59 återkallas//VB|INF|SFO//conj//54 .//MAD//punct//45
Sammanfattning;Detsamma//PN|NEU|SIN|DEF|SUB/OBJ//nsubj//62 gäller//VB|PRS|AKT//parataxis//45 om//SN//mark//66 verksamheten//NN|UTR|SIN|DEF|NOM//nsubj:pass//66 inte//AB//advmod//66 bedrivs//VB|PRS|SFO//advcl//62 så//AB//mark//73 att//SN//fixed//67 kravet//NN|NEU|SIN|DEF|NOM//nsubj:pass//73 på//PP//case//72 god//JJ|POS|UTR|SIN|IND|NOM//amod//72 utbildning//NN|UTR|SIN|IND|NOM//nmod//69 tillgodoses//VB|PRS|SFO//advcl//66 eller//KN//cc//77 föreskrifter//NN|UTR|PLU|IND|NOM//nsubj:pass//77 inte//AB//advmod//77 följs//VB|PRS|SFO//conj//66 .//MAD//punct//45
Sammanfattning;Vägverket//NN|NEU|SIN|DEF|NOM//nsubj//85 bör//VB|PRS|AKT//aux//85 i//PP//mark//85 stället//NN|NEU|SIN|DEF|NOM//fixed//81 för//PP//fixed//81 att//IE//mark//85 återkalla//VB|INF|AKT//parataxis//45 ett//DT|NEU|SIN|IND//det//87 tillstånd//NN|NEU|SIN|IND|NOM//obj//85 eller//KN//cc//89 godkännande//NN|NEU|SIN|IND|NOM//conj//87 få//VB|INF|AKT//aux//91 meddela//VB|INF|AKT//conj//85 varning//NN|UTR|SIN|IND|NOM//obj//91 om//PP//case//94 utbildaren//NN|UTR|SIN|DEF|NOM//nmod//92 eller//KN//cc//96 chefen//NN|UTR|SIN|DEF|NOM//conj//94 kan//VB|PRS|AKT//aux//98 antas//VB|INF|SFO//advcl//85 rätta//VB|INF|AKT//xcomp//98 till//PP//case//101 felet//NN|NEU|SIN|DEF|NOM//obl//98 eller//KN//cc//103 bristen//NN|UTR|SIN|DEF|NOM//conj//101 .//MAD//punct//3
Sammanfattning;Straffbestämmelser//NN|UTR|PLU|IND|NOM//ROOT//0
Sammanfattning;Den//PN|UTR|SIN|DEF|SUB/OBJ//nsubj//6 som//HP|-|-|-//nsubj//2 uppsåtligen//AB//acl:relcl//0 eller//KN//cc//5 av//PP//case//5 oaktsamhet//NN|UTR|SIN|IND|NOM//conj//2 bryter//VB|PRS|AKT//ROOT//6 mot//PP//case//8 kravet//NN|NEU|SIN|DEF|NOM//obl//6 att//SN//mark//12 utbildaren//NN|UTR|SIN|DEF|NOM//nsubj//12 skall//VB|PRS|AKT//aux//12 ha//VB|INF|AKT//acl//8 myndighets//NN|NEU|SIN|DEF|GEN//nmod:poss//14 tillstånd//NN|NEU|SIN|IND|NOM//obj//12 för//PP//case//17 sin//PS|UTR|SIN|DEF//nmod:poss//17 verksamhet//NN|UTR|SIN|IND|NOM//obl//12 bör//VB|PRS|AKT//aux//20 kunna//VB|INF|AKT//aux//20 dömas//VB|INF|SFO//conj//6 till//PP//case//22 böter//NN|UTR|PLU|IND|NOM//obl//20 .//MAD//punct//6
Sammanfattning;En//DT|UTR|SIN|IND//det//25 förare//NN|UTR|SIN|IND|NOM//nsubj:pass//42 som//HP|-|-|-//nsubj//28 inte//AB//advmod//28 har//VB|PRS|AKT//acl:relcl//25 med//PL//case//30 sig//PN|UTR/NEU|SIN/PLU|DEF|OBJ//compound:prt//28 föreskrivet//PC|PRF|NEU|SIN|IND|NOM//obj//28 bevis//NN|NEU|SIN|IND|NOM//obj//28 om//PP//case//35 sin//PS|UTR|SIN|DEF//nmod:poss//35 yrkeskompetens//NN|UTR|SIN|IND|NOM//nmod//32 och//KN//cc//38 därmed//AB//advmod//38 bryter//VB|PRS|AKT//conj//25 mot//PP//case//40 bestämmelserna//NN|UTR|PLU|DEF|NOM//obl//38 bör//VB|PRS|AKT//aux//42 dömas//VB|INF|SFO//parataxis//6 till//PP//case//44 penningböter//NN|UTR|PLU|IND|NOM//obl//42 .//MAD//punct//42
Sammanfattning;Det//PN|NEU|SIN|DEF|SUB/OBJ//nsubj//48 bör//VB|PRS|AKT//aux//48 gälla//VB|INF|AKT//conj//42 oavsett//AB|POS//mark//53 om//SN//mark//53 handlingen//NN|UTR|SIN|DEF|NOM//advmod//53 var//VB|PRT|AKT//cop//53 uppsåtlig//JJ|POS|UTR|SIN|IND|NOM//advcl//48 eller//KN//cc//55 oaktsam//JJ|POS|UTR|SIN|IND|NOM//conj//53 .//MAD//punct//6
Sammanfattning;Föraren//NN|UTR|SIN|DEF|NOM//nsubj//61 bör//VB|PRS|AKT//aux//61 dock//AB//advmod//61 inte//AB//advmod//61 dömas//VB|INF|SFO//parataxis//6 till//PP//case//63 straff//NN|NEU|SIN|IND|NOM//obl//61 om//SN//mark//68 han//PN|UTR|SIN|DEF|SUB//nsubj//68 eller//KN//cc//67 hon//PN|UTR|SIN|DEF|SUB//conj//65 gjort//VB|SUP|AKT//advcl//61 anmälan//NN|UTR|SIN|IND|NOM//obj//68 om//PP//mark//73 att//SN//mark//73 beviset//NN|NEU|SIN|DEF|NOM//nsubj:pass//73 förstörts//VB|SUP|SFO//advcl//68 eller//KN//cc//75 kommit//VB|SUP|AKT//conj//73 bort//PL//compound:prt//75 .//MAD//punct//61
Sammanfattning;Överklagande//NN|NEU|SIN|IND|NOM//amod//1 m.m.//AB|AN//ROOT//1
Sammanfattning;Ett//DT|NEU|SIN|IND//det//1 beslut//NN|NEU|SIN|IND|NOM//nsubj:pass//6 av//PP//case//3 förvaltningsmyndighet//NN|UTR|SIN|IND|NOM//nmod//1 bör//VB|PRS|AKT//aux//6 få//VB|INF|AKT//aux//6 överklagas//VB|INF|SFO//ROOT//6 hos//PP//case//9 allmän//JJ|POS|UTR|SIN|IND|NOM//amod//9 förvaltningsdomstol//NN|UTR|SIN|IND|NOM//obl//6 .//MAD//punct//6
Sammanfattning;Prövningstillstånd//NN|NEU|SIN|IND|NOM//nsubj:pass//13 skall//VB|PRS|AKT//aux//13 krävas//VB|INF|SFO//parataxis//6 vid//PP//case//15 överklagande//NN|NEU|SIN|IND|NOM//obl//13 till//PP//case//17 kammarrätten//NN|UTR|SIN|DEF|NOM//obl//13 .//MAD//punct//13
Sammanfattning;Ett//DT|NEU|SIN|IND//det//20 beslut//NN|NEU|SIN|IND|NOM//nsubj//39 av//PP//case//23 en//DT|UTR|SIN|IND//det//23 förvaltningsmyndighet//NN|UTR|SIN|IND|NOM//nmod//20 enligt//PP//case//25 lagen//NN|UTR|SIN|DEF|NOM//nmod//23 ,//MID//punct//29 eller//KN//cc//29 enligt//PP//case//29 föreskrifter//NN|UTR|PLU|IND|NOM//conj//20 som//HP|-|-|-//nsubj:pass//32 har//VB|PRS|AKT//aux//32 meddelats//VB|SUP|SFO//acl:relcl//29 med//PP//case//34 stöd//NN|NEU|SIN|IND|NOM//obl//32 av//PP//case//36 denna//PN|UTR|SIN|DEF|SUB/OBJ//nmod//34 ,//MID//punct//39 bör//VB|PRS|AKT//aux//39 gälla//VB|INF|AKT//parataxis//13 omedelbart//AB|POS//advmod//39 om//SN//mark//45 inte//AB//advmod//45 något//DT|NEU|SIN|IND//det//44 annat//PN|NEU|SIN|IND|SUB/OBJ//nsubj:pass//45 förordnats//VB|SUP|SFO//advcl//39 i//PP//case//47 beslutet//NN|NEU|SIN|DEF|NOM//obl//45 .//MAD//punct//6
Sammanfattning;Bemyndiganden//NN|UTR|SIN|DEF|NOM//ROOT//0
Sammanfattning;Regeringen//NN|UTR|SIN|DEF|NOM//nsubj//8 eller//KN//cc//3 den//DT|UTR|SIN|DEF//det//3 myndighet//NN|UTR|SIN|IND|NOM//conj//0 regeringen//NN|UTR|SIN|DEF|NOM//nsubj//5 bestämmer//VB|PRS|AKT//acl:relcl//3 bör//VB|PRS|AKT//aux//8 få//VB|INF|AKT//aux//8 meddela//VB|INF|AKT//ROOT//8 ytterligare//JJ|KOM|UTR/NEU|SIN/PLU|IND/DEF|NOM//amod//10 föreskrifter//NN|UTR|PLU|IND|NOM//obj//8 i//PP//case//13 vissa//JJ|POS|UTR/NEU|PLU|IND/DEF|NOM//amod//13 avseenden//NN|NEU|PLU|IND|NOM//obl//8 .//MAD//punct//8
Sammanfattning;Vägverket//NN|NEU|SIN|DEF|NOM//nsubj//16 ansvarar//VB|PRS|AKT//parataxis//8 för//PP//case//18 fullgörandet//NN|NEU|SIN|DEF|NOM//obl//16 av//PP//case//20 uppgifter//NN|UTR|PLU|IND|NOM//nmod//18 i//PP//case//26 enlighet//NN|UTR|SIN|IND|NOM//fixed//21 med//PP//fixed//21 den//DT|UTR|SIN|DEF//det//26 nya//JJ|POS|UTR/NEU|SIN|DEF|NOM//amod//26 lagstiftningen//NN|UTR|SIN|DEF|NOM//nmod//20 .//MAD//punct//8
Sammanfattning;Undantag//NN|NEU|SIN|IND|NOM//nsubj//30 bör//VB|PRS|AKT//aux//30 gälla//VB|INF|AKT//conj//8 för//PP//case//33 de//DT|UTR/NEU|PLU|DEF//det//33 områden//NN|NEU|PLU|IND|NOM//obl//30 där//HA//advmod//36 uppgifterna//NN|UTR|PLU|DEF|NOM//nsubj//36 faller//VB|PRS|AKT//acl:relcl//33 på//PP//case//39 Statens//NN|UTR|SIN|DEF|GEN//nmod:poss//39 skolverk//NN|NEU|SIN|IND|NOM//obl//36 .//MAD//punct//8
Sammanfattning;Ikraftträdande//PC|PRS|UTR/NEU|SIN/PLU|IND/DEF|NOM//ROOT//0 och//KN//cc//2 övergångsbestämmelser//NN|UTR|PLU|IND|NOM//conj//0
Sammanfattning;Lagen//NN|UTR|SIN|DEF|NOM//nsubj//1 förslås//VB|PRS|SFO//ROOT//1 träda//VB|INF|AKT//xcomp//1 i//PP//compound:prt//2 kraft//NN|UTR|SIN|IND|NOM//fixed//3 den//DT|UTR|SIN|DEF//det//6 10//RG|NOM//nummod//7 september//NN|UTR|SIN|IND|NOM//obl//2 2006//RG|NOM//nummod//7 .//MAD//punct//1
Sammanfattning;Bestämmelserna//NN|UTR|PLU|DEF|NOM//nsubj:pass//34 om//PP//case//13 grundläggande//PC|PRS|UTR/NEU|SIN/PLU|IND/DEF|NOM//amod//13 kompetens//NN|UTR|SIN|IND|NOM//nmod//10 och//KN//cc//15 fortbildning//NN|UTR|SIN|IND|NOM//conj//13 för//PP//mark//19 att//IE//mark//19 få//VB|INF|AKT//aux//19 utföra//VB|INF|AKT//acl//10 persontransporter//NN|UTR|PLU|IND|NOM//obj//19 med//PP//case//22 fordon//NN|NEU|PLU|IND|NOM//obl//19 som//HP|-|-|-//nsubj//24 kräver//VB|PRS|AKT//acl:relcl//22 förarbehörigheterna//NN|UTR|PLU|DEF|NOM//nmod//26 D1//PM|NOM//obj//24 ,//MID//punct//28 D1E//PM|NOM//conj//26 ,//MID//punct//30 D//PM|NOM//conj//26 och//KN//cc//32 DE//PN|UTR/NEU|PLU|DEF|SUB//conj//26 skall//VB|PRS|AKT//aux//34 tillämpas//VB|INF|SFO//conj//1 från//PP//compound:prt//34 och//KN//cc//40 med//PP//case//40 den//DT|UTR|SIN|DEF//det//39 10//RG|NOM//nummod//40 september//NN|UTR|SIN|IND|NOM//obl//34 2008//RG|NOM//nummod//40 .//MAD//punct//1
Sammanfattning;Bestämmelserna//NN|UTR|PLU|DEF|NOM//obj//1 om//PP//case//46 grundläggande//PC|PRS|UTR/NEU|SIN/PLU|IND/DEF|NOM//amod//46 kompetens//NN|UTR|SIN|IND|NOM//nmod//43 och//KN//cc//48 fortbildning//NN|UTR|SIN|IND|NOM//conj//46 för//PP//mark//51 att//IE//mark//51 utföra//VB|INF|AKT//advcl//1 godstransporter//NN|UTR|PLU|IND|NOM//obj//51 med//PP//case//54 fordon//NN|NEU|PLU|IND|NOM//obl//51 som//HP|-|-|-//nsubj//56 kräver//VB|PRS|AKT//acl:relcl//54 förarbehörigheterna//NN|UTR|PLU|DEF|NOM//nmod//58 C1//PM|NOM//obj//56 ,//MID//punct//60 C1E//PM|NOM//conj//58 ,//MID//punct//62 C//PM|NOM//conj//58 och//KN//cc//64 CE//PM|NOM//conj//58 skall//VB|PRS|AKT//aux//66 tillämpas//VB|INF|SFO//conj//1 från//PP//compound:prt//66 och//KN//cc//72 med//PP//case//72 den//DT|UTR|SIN|DEF//det//71 10//RG|NOM//nummod//72 september//NN|UTR|SIN|IND|NOM//obl//66 2009//RG|NOM//nummod//72 .//MAD//punct//1

