Sammanfattning;Ett//DT|NEU|SIN|IND//det//2 återkommande//PC|PRS|UTR/NEU|SIN/PLU|IND/DEF|NOM//amod//2 tema//NN|NEU|SIN|IND|NOM//nsubj//13 i//PP//case//6 den//DT|UTR|SIN|DEF//det//6 politiska//JJ|POS|UTR/NEU|SIN|DEF|NOM//amod//6 debatten//NN|UTR|SIN|DEF|NOM//nmod//2 är//VB|PRS|AKT//cop//2 om//PP//mark//13 en//DT|UTR|SIN|IND//det//12 stor//JJ|POS|UTR|SIN|IND|NOM//amod//12 offentlig//JJ|POS|UTR|SIN|IND|NOM//amod//12 sektor//NN|UTR|SIN|IND|NOM//nsubj//13 hämmar//VB|PRS|AKT//ROOT//13 eller//KN//cc//15 främjar//VB|PRS|AKT//conj//13 den//DT|UTR|SIN|DEF//det//18 ekonomiska//JJ|POS|UTR/NEU|SIN|DEF|NOM//amod//18 utvecklingen//NN|UTR|SIN|DEF|NOM//obj//15 ,//MID//punct//13 mätt//PC|PRF|UTR|SIN|IND|NOM//conj//13 t.ex.//AB|AN//advmod//20 som//KN//case//23 inkomst//NN|UTR|SIN|IND|NOM//obl//20 per//PP//case//25 capita//NN|UTR|SIN|IND|NOM//nmod//23 eller//KN//cc//27 tillväxt//NN|UTR|SIN|IND|NOM//conj//25 .//MAD//punct//13
Sammanfattning;Åsikterna//NN|UTR|PLU|DEF|NOM//nsubj//35 i//PP//case//31 frågan//NN|UTR|SIN|DEF|NOM//nmod//29 är//VB|PRS|AKT//cop//35 ofta//AB|POS//advmod//35 politiskt//AB|POS//advmod//35 präglade//PC|PRF|UTR/NEU|PLU|IND/DEF|NOM//conj//13 ,//MID//punct//13 men//KN//cc//41 vad//HP|NEU|SIN|IND//obj//41 kan//VB|PRS|AKT//aux//41 forskningen//NN|UTR|SIN|DEF|NOM//nsubj//41 lära//VB|INF|AKT//conj//13 oss//PN|UTR|PLU|DEF|OBJ//obj//41 i//PP//case//46 den//DT|UTR|SIN|DEF//det//46 här//AB//fixed//44 frågan//NN|UTR|SIN|DEF|NOM//obl//41 ?//MAD//punct//13
Sammanfattning;Sverige//PM|NOM//nsubj//8 och//KN//cc//5 de//DT|UTR/NEU|PLU|DEF//det//5 övriga//JJ|POS|UTR/NEU|PLU|IND/DEF|NOM//amod//5 nordiska//JJ|POS|UTR/NEU|PLU|IND/DEF|NOM//amod//5 länderna//NN|NEU|PLU|DEF|NOM//conj//0 är//VB|PRS|AKT//cop//8 särskilt//AB//advmod//8 intressanta//JJ|POS|UTR/NEU|PLU|IND/DEF|NOM//ROOT//8 i//PP//case//12 det//DT|NEU|SIN|DEF//det//12 här//AB//fixed//10 sammanhanget//NN|NEU|SIN|DEF|NOM//obl//8 .//MID//punct//8
Sammanfattning;Den//DT|UTR|SIN|DEF//det//18 så//AB//advmod//16 kallade//PC|PRF|UTR/NEU|SIN|DEF|NOM//amod//18 nordiska//JJ|POS|UTR/NEU|SIN|DEF|NOM//amod//18 modellen//NN|UTR|SIN|DEF|NOM//nsubj//21 är//VB|PRS|AKT//cop//21 väl//AB|POS//advmod//21 känd//PC|PRF|UTR|SIN|IND|NOM//parataxis//8 för//PP//case//26 sin//PS|UTR|SIN|DEF//nmod:poss//26 stora//JJ|POS|UTR/NEU|SIN|DEF|NOM//amod//26 offentliga//JJ|POS|UTR/NEU|SIN|DEF|NOM//amod//26 sektor//NN|UTR|SIN|IND|NOM//obl//21 och//KN//cc//29 sin//PS|UTR|SIN|DEF//nmod:poss//29 jämlikhetssträvan//NN|UTR|SIN|IND|NOM//conj//26 .//MAD//punct//8
Sammanfattning;Ändå//AB//advmod//33 är//VB|PRS|AKT//cop//33 genomsnittsinkomsterna//NN|UTR|PLU|DEF|NOM//parataxis//8 bland//PP//case//36 de//DT|UTR/NEU|PLU|DEF//det//36 högsta//JJ|SUV|UTR/NEU|SIN/PLU|DEF|NOM//nmod//33 i//PP//case//38 OECD//PM|NOM//nmod//36 .//MAD//punct//33
Sammanfattning;Hur//HA//advmod//41 har//VB|PRS|AKT//conj//8 Sverige//PM|NOM//nsubj//41 och//KN//cc//48 de//DT|UTR/NEU|PLU|DEF//det//47 övriga//JJ|POS|UTR/NEU|PLU|IND/DEF|NOM//amod//47 nordiska//JJ|POS|UTR/NEU|PLU|IND/DEF|NOM//amod//47 länderna//NN|NEU|PLU|DEF|NOM//nsubj//48 lyckats//VB|SUP|SFO//conj//41 förena//VB|INF|AKT//xcomp//48 en//DT|UTR|SIN|IND//det//53 stor//JJ|POS|UTR|SIN|IND|NOM//amod//53 offentlig//JJ|POS|UTR|SIN|IND|NOM//amod//53 sektor//NN|UTR|SIN|IND|NOM//obj//49 och//KN//cc//57 en//DT|UTR|SIN|IND//det//57 hög//JJ|POS|UTR|SIN|IND|NOM//amod//57 skattekvot//NN|UTR|SIN|IND|NOM//conj//53 med//PP//case//63 en//DT|UTR|SIN|IND//det//63 förhållandevis//AB//advmod//61 stark//JJ|POS|UTR|SIN|IND|NOM//amod//63 ekonomisk//JJ|POS|UTR|SIN|IND|NOM//amod//63 utveckling//NN|UTR|SIN|IND|NOM//nmod//57 ?//MAD//punct//41
Sammanfattning;Det//PN|NEU|SIN|DEF|SUB/OBJ//expl//1 finns//VB|PRS|SFO//ROOT//1 mycket//AB|POS//advmod//3 teoretisk//JJ|POS|UTR|SIN|IND|NOM//amod//6 och//KN//cc//5 empirisk//JJ|POS|UTR|SIN|IND|NOM//conj//3 forskning//NN|UTR|SIN|IND|NOM//nsubj//1 som//HP|-|-|-//nsubj//8 belyser//VB|PRS|AKT//acl:relcl//6 frågan//NN|UTR|SIN|DEF|NOM//obj//8 .//MAD//punct//1
Sammanfattning;Den//DT|UTR|SIN|DEF//det//13 här//AB//fixed//11 rapporten//NN|UTR|SIN|DEF|NOM//nsubj//14 syftar//VB|PRS|AKT//parataxis//1 till//PP//mark//17 att//IE//mark//17 ge//VB|INF|AKT//advcl//14 en//DT|UTR|SIN|IND//det//20 selektiv//JJ|POS|UTR|SIN|IND|NOM//amod//20 översikt//NN|UTR|SIN|IND|NOM//obj//17 över//PP//case//23 denna//DT|UTR|SIN|DEF//det//23 forskning//NN|UTR|SIN|IND|NOM//nmod//20 .//MAD//punct//1
Sammanfattning;Fokus//NN|NEU|SIN|IND|NOM//punct//1 ligger//VB|PRS|AKT//conj//1 på//PP//mark//29 att//IE//mark//29 förklara//VB|INF|AKT//advcl//26 hur//HA//advmod//37 det//PN|NEU|SIN|DEF|SUB/OBJ//expl//37 i//PP//case//35 den//DT|UTR|SIN|DEF//det//35 nordiska//JJ|POS|UTR/NEU|SIN|DEF|NOM//amod//35 modellen//NN|UTR|SIN|DEF|NOM//obl//37 är//VB|PRS|AKT//cop//37 möjligt//JJ|POS|NEU|SIN|IND|NOM//ccomp//29 att//IE//mark//39 förena//VB|INF|AKT//csubj//37 en//DT|UTR|SIN|IND//det//43 stor//JJ|POS|UTR|SIN|IND|NOM//amod//43 offentlig//JJ|POS|UTR|SIN|IND|NOM//amod//43 sektor//NN|UTR|SIN|IND|NOM//obj//39 ,//MID//punct//45 jämlikhet//NN|UTR|SIN|IND|NOM//conj//43 med//PP//case//50 en//DT|UTR|SIN|IND//det//50 stark//JJ|POS|UTR|SIN|IND|NOM//amod//50 ekonomisk//JJ|POS|UTR|SIN|IND|NOM//amod//50 utveckling//NN|UTR|SIN|IND|NOM//nmod//45 .//MID//punct//1
Sammanfattning;Detta//PN|NEU|SIN|DEF|SUB/OBJ//nsubj//56 är//VB|PRS|AKT//cop//56 inte//AB//advmod//56 bara//AB//advmod//56 intressant//JJ|POS|NEU|SIN|IND|NOM//parataxis//1 ur//PP//case//60 ett//DT|NEU|SIN|IND//det//60 historiskt//JJ|POS|NEU|SIN|IND|NOM//amod//60 perspektiv//NN|NEU|SIN|IND|NOM//obl//56 ,//MID//punct//64 utan//KN//cc//64 även//AB//advmod//64 viktigt//JJ|POS|NEU|SIN|IND|NOM//conj//56 ur//PP//case//67 ett//DT|NEU|SIN|IND//det//67 framtidsperspektiv//NN|NEU|SIN|IND|NOM//nmod//64 för//PP//mark//70 att//IE//mark//70 hitta//VB|INF|AKT//advcl//64 lösningar//NN|UTR|PLU|IND|NOM//obj//70 på//PP//case//74 politiska//JJ|POS|UTR/NEU|PLU|IND/DEF|NOM//amod//74 utmaningar//NN|UTR|PLU|IND|NOM//obl//70 för//PP//mark//77 att//IE//mark//77 upprätthålla//VB|INF|AKT//advcl//70 det//PN|NEU|SIN|DEF|SUB/OBJ//obj//77 som//HP|-|-|-//nsubj//80 kännetecknar//VB|PRS|AKT//acl:relcl//78 den//DT|UTR|SIN|DEF//det//83 nordiska//JJ|POS|UTR/NEU|SIN|DEF|NOM//amod//83 modellen//NN|UTR|SIN|DEF|NOM//obj//80 .//MAD//punct//56
Sammanfattning;Även//AB//mark//5 om//SN//fixed//0 den//DT|UTR|SIN|DEF//det//4 nordiska//JJ|POS|UTR/NEU|SIN|DEF|NOM//amod//4 modellen//NN|UTR|SIN|DEF|NOM//nsubj//5 har//VB|PRS|AKT//advcl//24 vissa//JJ|POS|UTR/NEU|PLU|IND/DEF|NOM//amod//8 typiska//JJ|POS|UTR/NEU|PLU|IND/DEF|NOM//amod//8 kännetecken//NN|NEU|PLU|IND|NOM//obj//5 ,//MID//punct//5 såsom//KN//mark//14 en//DT|UTR|SIN|IND//det//14 stor//JJ|POS|UTR|SIN|IND|NOM//amod//14 offentlig//JJ|POS|UTR|SIN|IND|NOM//amod//14 sektor//NN|UTR|SIN|IND|NOM//obl//5 ,//MID//punct//14 en//DT|UTR|SIN|IND//det//18 hög//JJ|POS|UTR|SIN|IND|NOM//amod//18 skattekvot//NN|UTR|SIN|IND|NOM//appos//14 ,//MID//punct//14 organiserade//PC|PRF|UTR/NEU|PLU|IND/DEF|NOM//amod//21 arbetsmarknader//NN|UTR|PLU|IND|NOM//appos//14 osv.//AB|AN//conj//14 ,//MID//punct//24 finns//VB|PRS|SFO//ROOT//24 det//PN|NEU|SIN|DEF|SUB/OBJ//expl//24 två//RG|NOM//nummod//28 övergripande//PC|PRS|UTR/NEU|SIN/PLU|IND/DEF|NOM//amod//28 saker//NN|UTR|PLU|IND|NOM//nsubj//24 som//HP|-|-|-//nsubj//31 är//VB|PRS|AKT//cop//31 värda//JJ|POS|UTR/NEU|PLU|IND/DEF|NOM//acl:relcl//28 att//IE//mark//33 betona//VB|INF|AKT//advcl//31 .//MAD//punct//24
Sammanfattning;Om//SN//mark//37 man//PN|UTR|SIN|IND|SUB//nsubj//37 gräver//VB|PRS|AKT//advcl//44 djupare//AB|KOM//advmod//37 är//VB|PRS|AKT//cop//44 det//PN|NEU|SIN|DEF|SUB/OBJ//expl//39 för//PP//advmod//44 det//DT|NEU|SIN|DEF//det//43 första//RO|NOM//fixed//41 lätt//JJ|POS|NEU|SIN|IND|NOM//advmod//24 att//IE//mark//46 hitta//VB|INF|AKT//acl//44 tydliga//JJ|POS|UTR/NEU|PLU|IND/DEF|NOM//amod//48 skillnader//NN|UTR|PLU|IND|NOM//obj//46 mellan//PP//case//52 de//DT|UTR/NEU|PLU|DEF//det//52 nordiska//JJ|POS|UTR/NEU|PLU|IND/DEF|NOM//amod//52 länderna//NN|NEU|PLU|DEF|NOM//nmod//48 när//HA//case//59 det//PN|NEU|SIN|DEF|SUB/OBJ//fixed//53 gäller//VB|PRS|AKT//fixed//53 vissa//JJ|POS|UTR/NEU|PLU|IND/DEF|NOM//amod//59 specifika//JJ|POS|UTR/NEU|PLU|IND/DEF|NOM//amod//59 politiska//JJ|POS|UTR/NEU|PLU|IND/DEF|NOM//amod//59 val//NN|NEU|PLU|IND|NOM//obl//46 ,//MID//punct//24 trots//PP//mark//68 att//SN//mark//68 de//PN|UTR/NEU|PLU|DEF|SUB//nsubj//68 på//PP//case//67 det//DT|NEU|SIN|DEF//det//67 stora//JJ|POS|UTR/NEU|SIN|DEF|NOM//amod//67 hela//JJ|POS|UTR/NEU|SIN|DEF|NOM//obl//68 liknar//VB|PRS|AKT//advcl//24 varandra//PN|UTR/NEU|PLU|DEF|OBJ//obj//68 .//MAD//punct//24
Sammanfattning;Detta//PN|NEU|SIN|DEF|SUB/OBJ//nsubj//72 tyder//VB|PRS|AKT//parataxis//24 starkt//AB|POS//advmod//72 på//PP//mark//77 att//SN//mark//77 modellen//NN|UTR|SIN|DEF|NOM//nsubj:pass//77 definieras//VB|PRS|SFO//advcl//72 utifrån//PP//case//80 övergripande//PC|PRS|UTR/NEU|SIN/PLU|IND/DEF|NOM//amod//80 mål//NN|NEU|PLU|IND|NOM//obl//77 och//KN//cc//86 inte//AB//advmod//86 utifrån//PP//case//86 specifika//JJ|POS|UTR/NEU|PLU|IND/DEF|NOM//amod//86 politiska//JJ|POS|UTR/NEU|PLU|IND/DEF|NOM//amod//86 val//NN|NEU|PLU|IND|NOM//conj//80 .//MAD//punct//72
Sammanfattning;För//PP//case//90 det//DT|NEU|SIN|DEF//det//90 andra//RO|NOM//obl//94 är//VB|PRS|AKT//cop//94 modellen//NN|UTR|SIN|DEF|NOM//nsubj//94 inte//AB//advmod//94 statisk//JJ|POS|UTR|SIN|IND|NOM//conj//72 utan//KN//cc//97 har//VB|PRS|AKT//aux//97 genomgått//VB|SUP|AKT//conj//94 kontinuerliga//JJ|POS|UTR/NEU|PLU|IND/DEF|NOM//amod//99 reformer//NN|UTR|PLU|IND|NOM//obj//97 och//KN//cc//101 anpassats//VB|SUP|SFO//conj//97 till//PP//case//103 förändringar//NN|UTR|PLU|IND|NOM//obl//101 ,//MID//punct//72 både//KN//cc//109 i//PP//case//109 det//DT|NEU|SIN|DEF//det//109 ekonomiska//JJ|POS|UTR/NEU|SIN|DEF|NOM//amod//109 klimatet//NN|NEU|SIN|DEF|NOM//nsubj//122 och//KN//cc//112 i//PP//case//112 samhället//NN|NEU|SIN|DEF|NOM//conj//109 i//PP//advmod//109 stort//JJ|POS|NEU|SIN|IND|NOM//fixed//113 .//MAD//punct//109
Sammanfattning;I//PP//case//119 ett//DT|NEU|SIN|IND//det//119 jämförande//PC|PRS|UTR/NEU|SIN/PLU|IND/DEF|NOM//amod//119 perspektiv//NN|NEU|SIN|IND|NOM//obl//122 har//VB|PRS|AKT//aux//122 modellen//NN|UTR|SIN|DEF|NOM//nsubj//122 visat//VB|SUP|AKT//conj//72 sig//PN|UTR/NEU|SIN/PLU|DEF|OBJ//obj//122 vara//VB|INF|AKT//cop//126 mycket//AB|POS//advmod//126 anpassningsbar//JJ|POS|UTR|SIN|IND|NOM//xcomp//122 ,//MID//punct//128 något//PN|NEU|SIN|IND|SUB/OBJ//conj//72 som//HP|-|-|-//nsubj//134 kanske//AB//advmod//134 kan//VB|PRS|AKT//aux//134 vara//VB|INF|AKT//cop//134 lika//AB//advmod//134 viktigt//JJ|POS|NEU|SIN|IND|NOM//acl:relcl//128 som//KN//case//138 modellens//NN|UTR|SIN|DEF|GEN//nmod:poss//138 övriga//JJ|POS|UTR/NEU|PLU|IND/DEF|NOM//amod//138 egenskaper//NN|UTR|PLU|IND|NOM//obl//134 .//MAD//punct//72
Sammanfattning;Diskussioner//NN|UTR|PLU|IND|NOM//nsubj//6 om//PP//case//5 den//DT|UTR|SIN|DEF//det//4 offentliga//JJ|POS|UTR/NEU|SIN|DEF|NOM//amod//4 sektorns//NN|UTR|SIN|DEF|GEN//nmod:poss//5 roll//NN|UTR|SIN|IND|NOM//nmod//0 utgår//VB|PRS|AKT//ROOT//6 ofta//AB|POS//advmod//6 från//PP//case//11 det//DT|NEU|SIN|DEF//det//11 enkla//JJ|POS|UTR/NEU|SIN|DEF|NOM//amod//11 skolboksexemplet//NN|NEU|SIN|DEF|NOM//obl//6 ,//MID//punct//11 där//HA//advmod//19 offentliga//JJ|POS|UTR/NEU|PLU|IND/DEF|NOM//amod//15 interventioner//NN|UTR|PLU|IND|NOM//nsubj//19 i//PP//mark//19 syfte//NN|NEU|SIN|IND|NOM//fixed//16 att//IE//mark//19 få//VB|INF|AKT//acl:relcl//11 en//DT|UTR|SIN|IND//det//23 mer//AB|KOM//advmod//22 jämlik//JJ|POS|UTR|SIN|IND|NOM//amod//23 inkomstfördelning//NN|UTR|SIN|IND|NOM//obj//19 via//PP//case//26 olika//JJ|POS|UTR/NEU|PLU|IND/DEF|NOM//amod//26 skatter//NN|UTR|PLU|IND|NOM//obl//19 och//KN//cc//28 transfereringar//NN|UTR|PLU|IND|NOM//conj//26 snedvrider//VB|PRS|AKT//conj//6 incitamenten//NN|NEU|PLU|DEF|NOM//obj//29 ,//MID//punct//33 vilket//HP|NEU|SIN|IND//nsubj//33 leder//VB|PRS|AKT//acl:relcl//30 till//PP//case//37 minskad//PC|PRF|UTR|SIN|IND|NOM//amod//37 ekonomisk//JJ|POS|UTR|SIN|IND|NOM//amod//37 effektivitet//NN|UTR|SIN|IND|NOM//obl//33 .//MAD//punct//33
Sammanfattning;Med//PP//case//41 andra//JJ|POS|UTR/NEU|PLU|IND/DEF|NOM//amod//41 ord//NN|NEU|PLU|IND|NOM//obl//42 leder//VB|PRS|AKT//conj//6 försöken//NN|NEU|PLU|DEF|NOM//obj//42 att//IE//mark//45 dela//VB|INF|AKT//acl//43 kakan//NN|UTR|SIN|DEF|NOM//obj//45 mer//AB|KOM//advmod//48 lika//JJ|POS|UTR/NEU|PLU|IND/DEF|NOM//advmod//45 till//PP//mark//52 att//SN//mark//52 kakan//NN|UTR|SIN|DEF|NOM//nsubj//52 blir//VB|PRS|AKT//advcl//45 mindre//JJ|KOM|UTR/NEU|SIN/PLU|IND/DEF|NOM//xcomp//52 .//MAD//punct//6
Sammanfattning;Det//PN|NEU|SIN|DEF|SUB/OBJ//expl//56 finns//VB|PRS|SFO//parataxis//6 således//AB//advmod//56 en//DT|UTR|SIN|IND//det//59 avvägning//NN|UTR|SIN|IND|NOM//nsubj//56 mellan//PP//case//61 jämlikhet//NN|UTR|SIN|IND|NOM//nmod//59 och//KN//cc//64 ekonomiskt//JJ|POS|NEU|SIN|IND|NOM//amod//64 resultat//NN|NEU|SIN|IND|NOM//conj//61 .//MAD//punct//56
Sammanfattning;De//DT|UTR/NEU|PLU|DEF//det//68 nordiska//JJ|POS|UTR/NEU|PLU|IND/DEF|NOM//amod//68 ländernas//NN|NEU|PLU|DEF|GEN//nmod:poss//69 resultat//NN|NEU|SIN|IND|NOM//nsubj//73 är//VB|PRS|AKT//cop//73 inte//AB//advmod//73 något//DT|NEU|SIN|IND//det//73 bevis//NN|NEU|SIN|IND|NOM//parataxis//56 för//PP//mark//78 att//SN//mark//78 det//PN|NEU|SIN|DEF|SUB/OBJ//expl//78 inte//AB//advmod//78 finns//VB|PRS|SFO//advcl//56 en//DT|UTR|SIN|IND//det//81 sådan//JJ|POS|UTR|SIN|IND|NOM//amod//81 avvägning//NN|UTR|SIN|IND|NOM//obj//78 ,//MID//punct//56 men//KN//cc//85 det//PN|NEU|SIN|DEF|SUB/OBJ//nsubj//85 gör//VB|PRS|AKT//conj//6 att//SN//mark//89 man//PN|UTR|SIN|IND|SUB//nsubj//89 kan//VB|PRS|AKT//aux//89 ifrågasätta//VB|INF|AKT//ccomp//85 om//SN//mark//94 den//PN|UTR|SIN|DEF|SUB/OBJ//nsubj//94 är//VB|PRS|AKT//cop//94 särskilt//AB//advmod//94 tydlig//JJ|POS|UTR|SIN|IND|NOM//advcl//89 och//KN//cc//99 om//SN//mark//99 den//PN|UTR|SIN|DEF|SUB/OBJ//nsubj:pass//99 kan//VB|PRS|AKT//aux//99 dämpas//VB|INF|SFO//conj//94 med//PP//case//102 politiska//JJ|POS|UTR/NEU|PLU|IND/DEF|NOM//amod//102 åtgärder//NN|UTR|PLU|IND|NOM//obl//99 .//MAD//punct//6
Sammanfattning;Det//DT|NEU|SIN|DEF//det//2 enkla//JJ|POS|UTR/NEU|SIN|DEF|NOM//amod//2 skolboksperspektivet//NN|NEU|SIN|DEF|NOM//nsubj:pass//4 behöver//VB|PRS|AKT//aux//4 prövas//VB|INF|SFO//ROOT//4 i//PP//case//7 flera//JJ|POS|UTR/NEU|PLU|IND|NOM//amod//7 dimensioner//NN|UTR|PLU|IND|NOM//obl//4 .//MAD//punct//4
Sammanfattning;För//PP//case//11 det//DT|NEU|SIN|DEF//det//11 första//RO|NOM//obl//12 går//VB|PRS|AKT//conj//4 det//PN|NEU|SIN|DEF|SUB/OBJ//expl//12 inte//AB//advmod//12 att//IE//mark//16 avgöra//VB|INF|AKT//csubj//12 vilken//HD|UTR|SIN|IND//det//18 betydelse//NN|UTR|SIN|IND|NOM//obj//20 skatterna//NN|UTR|PLU|DEF|NOM//nsubj//20 har//VB|PRS|AKT//ccomp//16 utan//PP//mark//23 att//IE//mark//23 precisera//VB|INF|AKT//advcl//20 vad//HP|NEU|SIN|IND//obj//26 skatter//NN|UTR|PLU|IND|NOM//nsubj//26 finansierar//VB|PRS|AKT//ccomp//23 .//MAD//punct//4
Sammanfattning;Ekonomins//NN|UTR|SIN|DEF|GEN//nmod:poss//30 totala//JJ|POS|UTR/NEU|SIN|DEF|NOM//amod//30 resultat//NN|NEU|SIN|IND|NOM//nsubj//37 vid//PP//case//34 ett//DT|NEU|SIN|IND//det//34 visst//JJ|POS|NEU|SIN|IND|NOM//amod//34 skattetryck//NN|NEU|SIN|IND|NOM//nmod//30 är//VB|PRS|AKT//cop//37 inte//AB//advmod//37 detsamma//PN|NEU|SIN|DEF|SUB/OBJ//parataxis//4 oavsett//AB|POS//mark//41 om//SN//mark//41 skatterna//NN|UTR|PLU|DEF|NOM//nsubj//41 finansierar//VB|PRS|AKT//advcl//37 t.ex.//AB|AN//advmod//41 utbildning//NN|UTR|SIN|IND|NOM//amod//46 eller//KN//cc//45 tidig//JJ|POS|UTR|SIN|IND|NOM//conj//43 pensionering//NN|UTR|SIN|IND|NOM//obj//41 .//MAD//punct//37
Sammanfattning;För//PP//case//50 det//DT|NEU|SIN|DEF//det//50 andra//RO|NOM//obl//4 är//VB|PRS|AKT//cop//59 effekten//NN|UTR|SIN|DEF|NOM//nsubj//59 av//PP//case//56 de//DT|UTR/NEU|PLU|DEF//det//56 övergripande//PC|PRS|UTR/NEU|SIN/PLU|IND/DEF|NOM//amod//56 incitamenten//NN|NEU|PLU|DEF|NOM//nmod//52 inte//AB//advmod//59 bara//AB//advmod//59 beroende//PC|PRS|UTR/NEU|SIN/PLU|IND/DEF|NOM//dep//4 av//PP//case//61 nivån//NN|UTR|SIN|DEF|NOM//nmod//59 på//PP//case//63 skatter//NN|UTR|PLU|IND|NOM//obl//59 och//KN//cc//65 transfereringar//NN|UTR|PLU|IND|NOM//conj//63 utan//KN//cc//70 även//AB//advmod//70 av//PP//case//70 andra//JJ|POS|UTR/NEU|PLU|IND/DEF|NOM//amod//70 villkor//NN|NEU|PLU|IND|NOM//conj//63 i//PP//case//74 det//DT|NEU|SIN|DEF//det//74 sociala//JJ|POS|UTR/NEU|SIN|DEF|NOM//amod//74 skyddsnätet//NN|NEU|SIN|DEF|NOM//nmod//70 .//MID//punct//4
Sammanfattning;Dessa//DT|UTR/NEU|PLU|DEF//det//77 villkor//NN|NEU|PLU|IND|NOM//nsubj//79 kan//VB|PRS|AKT//aux//79 få//VB|INF|AKT//parataxis//4 viktiga//JJ|POS|UTR/NEU|PLU|IND/DEF|NOM//amod//81 konsekvenser//NN|UTR|PLU|IND|NOM//obj//79 för//PP//case//83 sysselsättningsincitamenten//NN|UTR|SIN|DEF|NOM//obl//79 .//MAD//punct//79
Sammanfattning;För//PP//case//87 det//DT|NEU|SIN|DEF//det//87 tredje//RO|NOM//obl//96 kan//VB|PRS|AKT//aux//96 offentliga//JJ|POS|UTR/NEU|PLU|IND/DEF|NOM//amod//90 interventioner//NN|UTR|PLU|IND|NOM//nsubj//96 i//PP//case//94 samband//NN|NEU|SIN|IND|NOM//fixed//91 med//PP//fixed//91 marknadsmisslyckanden//NN|NEU|PLU|IND|NOM//nmod//90 vara//VB|INF|AKT//cop//96 motiverade//PC|PRF|UTR/NEU|PLU|IND/DEF|NOM//conj//79 av//PP//case//98 effektivitetsskäl//NN|NEU|PLU|IND|NOM//obl:agent//96 ,//MID//punct//102 och//KN//cc//102 då//AB//advmod//102 blir//VB|PRS|AKT//conj//79 avvägningen//NN|UTR|SIN|DEF|NOM//nsubj//102 en//DT|UTR|SIN|IND//det//105 annan//JJ|POS|UTR|SIN|IND|NOM//xcomp//102 .//MAD//punct//4
Sammanfattning;Det//PN|NEU|SIN|DEF|SUB/OBJ//nsubj//108 innebär//VB|PRS|AKT//parataxis//4 att//SN//mark//113 om//SN//mark//113 offentliga//JJ|POS|UTR/NEU|PLU|IND/DEF|NOM//amod//112 interventioner//NN|UTR|PLU|IND|NOM//nsubj:pass//113 används//VB|PRS|SFO//ccomp//108 för//PP//mark//116 att//IE//mark//116 komma//VB|INF|AKT//advcl//113 till//PP//compound:prt//116 rätta//NN|UTR|-|-|-//fixed//117 med//PP//case//120 marknadsmisslyckanden//NN|NEU|PLU|IND|NOM//obl//116 kan//VB|PRS|AKT//aux//128 det//PN|NEU|SIN|DEF|SUB/OBJ//expl//128 till//PP//case//126 en//DT|UTR|SIN|IND//det//126 viss//JJ|POS|UTR|SIN|IND|NOM//amod//126 gräns//NN|UTR|SIN|IND|NOM//obl//128 vara//VB|INF|AKT//cop//128 positivt//JJ|POS|NEU|SIN|IND|NOM//ccomp//108 för//PP//case//133 både//KN//cc//133 den//DT|UTR|SIN|DEF//det//133 ekonomiska//JJ|POS|UTR/NEU|SIN|DEF|NOM//amod//133 utvecklingen//NN|UTR|SIN|DEF|NOM//obl//128 och//KN//cc//135 jämlikheten//NN|UTR|SIN|DEF|NOM//conj//133 .//MAD//punct//108
Sammanfattning;Det//PN|NEU|SIN|DEF|SUB/OBJ//expl//1 sägs//VB|PRS|SFO//ROOT//1 ofta//AB|POS//advmod//1 att//SN//mark//5 välfärdsmodellen//NN|UTR|SIN|DEF|NOM//nsubj//5 sträcker//VB|PRS|AKT//csubj//1 sig//PN|UTR/NEU|SIN/PLU|DEF|OBJ//obj//5 ”//PM|NOM//obj//5 från//PP//case//9 vaggan//NN|UTR|SIN|DEF|NOM//obl//5 till//PP//case//11 graven//NN|UTR|SIN|DEF|NOM//obl//5 ”//PM|NOM//punct//5 på//PP//case//18 grund//NN|UTR|SIN|IND|NOM//fixed//13 av//PP//fixed//13 den//DT|UTR|SIN|DEF//det//18 stora//JJ|POS|UTR/NEU|SIN|DEF|NOM//amod//18 betydelsen//NN|UTR|SIN|DEF|NOM//obl//5 en//DT|UTR|SIN|IND//det//20 individs//NN|UTR|SIN|IND|GEN//nmod:poss//21 ålder//NN|UTR|SIN|IND|NOM//nsubj//22 har//VB|PRS|AKT//conj//1 för//AB//mark//27 när//HA//mark//27 en//DT|UTR|SIN|IND//det//26 person//NN|UTR|SIN|IND|NOM//nsubj//27 drar//VB|PRS|AKT//advcl//22 nytta//NN|UTR|SIN|IND|NOM//obj//27 av//PP//case//27 ,//MID//punct//1 respektive//AB//cc//32 bidrar//VB|PRS|AKT//conj//1 till//PP//compound:prt//32 ,//MID//punct//35 välfärdsstaten//NN|UTR|SIN|DEF|NOM//obl//32 .//MID//punct//1
Sammanfattning;Eftersom//SN//mark//44 tonvikten//NN|UTR|SIN|DEF|NOM//nsubj//44 i//PP//case//40 välfärdssystemen//NN|NEU|PLU|DEF|NOM//nmod//38 av//PP//case//43 uppenbara//JJ|POS|UTR/NEU|PLU|IND/DEF|NOM//amod//43 skäl//NN|NEU|PLU|IND|NOM//nmod//40 ligger//VB|PRS|AKT//advcl//1 på//PP//case//46 unga//JJ|POS|UTR/NEU|PLU|IND/DEF|NOM//obl//44 (//PAD//punct//46 barnomsorg//NN|UTR|SIN|IND|NOM//appos//46 och//KN//cc//50 utbildning//NN|UTR|SIN|IND|NOM//conj//48 )//PAD//punct//46 och//KN//cc//53 gamla//JJ|POS|UTR/NEU|PLU|IND/DEF|NOM//nsubj//74 (//PAD//punct//53 pensioner//NN|UTR|PLU|IND|NOM//appos//53 ,//MID//punct//57 äldreomsorg//NN|UTR|SIN|IND|NOM//conj//55 samt//KN//cc//59 hälso-//NN|UTR|-|-|SMS//conj//55 och//KN//cc//61 sjukvård//NN|UTR|SIN|IND|NOM//conj//59 )//PAD//punct//55 och//KN//cc//65 systemen//NN|NEU|PLU|DEF|NOM//nsubj:pass//65 finansieras//VB|PRS|SFO//conj//53 genom//PP//case//67 inkomstskatter//NN|UTR|PLU|IND|NOM//obl//65 ,//MID//punct//53 är//VB|PRS|AKT//cop//74 de//DT|UTR/NEU|PLU|DEF//det//74 unga//JJ|POS|UTR/NEU|PLU|IND/DEF|NOM//amod//74 och//KN//cc//73 gamla//JJ|POS|UTR/NEU|PLU|IND/DEF|NOM//conj//71 nettomottagare//NN|UTR|PLU|IND|NOM//conj//44 och//KN//cc//77 den//DT|UTR|SIN|DEF//det//77 arbetsföra//JJ|POS|UTR/NEU|SIN|DEF|NOM//conj//74 (//PAD//punct//79 medelålders//NN|UTR|SIN|IND|GEN//appos//77 )//PAD//punct//79 befolkningen//NN|UTR|SIN|DEF|NOM//nsubj//82 nettogivare//NN|UTR|PLU|IND|NOM//conj//77 .//MID//punct//1
Sammanfattning;Det//PN|NEU|SIN|DEF|SUB/OBJ//nsubj//87 här//AB//fixed//84 är//VB|PRS|AKT//cop//87 ett//DT|NEU|SIN|IND//appos//1 ,//MID//punct//89 implicit//JJ|POS|NEU|SIN|IND|NOM//conj//87 eller//KN//cc//91 socialt//JJ|POS|NEU|SIN|IND|NOM//conj//87 ,//MID//punct//93 kontrakt//NN|NEU|SIN|IND|NOM//conj//87 mellan//PP//case//95 generationer//NN|UTR|PLU|IND|NOM//nmod//93 .//MID//punct//87
Sammanfattning;Det//PN|NEU|SIN|DEF|SUB/OBJ//expl//98 påstås//VB|PRS|SFO//conj//1 ibland//AB//advmod//98 att//SN//mark//107 man//PN|UTR|SIN|IND|SUB//nsubj//107 med//PP//case//105 det//DT|NEU|SIN|DEF//det//105 här//AB//fixed//103 systemet//NN|NEU|SIN|DEF|NOM//obl//107 bara//AB//advmod//107 fördelar//VB|PRS|AKT//ccomp//98 resurser//NN|UTR|PLU|IND|NOM//obj//107 över//PP//case//111 genomsnittspersonens//NN|UTR|SIN|DEF|GEN//nmod:poss//111 livstid//NN|UTR|SIN|IND|NOM//nmod//108 ,//MID//punct//114 vilket//HP|NEU|SIN|IND//nsubj//114 antyder//VB|PRS|AKT//acl:relcl//107 att//SN//mark//118 det//PN|NEU|SIN|DEF|SUB/OBJ//expl//118 inte//AB//advmod//118 har//VB|PRS|AKT//ccomp//114 någon//DT|UTR|SIN|IND//det//121 dynamisk//JJ|POS|UTR|SIN|IND|NOM//amod//121 nettoeffekt//NN|UTR|SIN|IND|NOM//obj//118 .//MAD//punct//1
Sammanfattning;Detta//PN|NEU|SIN|DEF|SUB/OBJ//nsubj//125 är//VB|PRS|AKT//cop//125 vilseledande//JJ|POS|UTR/NEU|SIN/PLU|IND/DEF|NOM//parataxis//1 av//PP//case//129 minst//AB|SUV//advmod//128 två//RG|NOM//nummod//129 skäl//NN|NEU|PLU|IND|NOM//obl//125 .//MAD//punct//125
Sammanfattning;Om//SN//mark//134 kapitalmarknaderna//NN|UTR|PLU|DEF|NOM//nsubj//134 är//VB|PRS|AKT//cop//134 ofullkomliga//JJ|POS|UTR/NEU|PLU|IND/DEF|NOM//advcl//135 innebär//VB|PRS|AKT//conj//125 det//DT|NEU|SIN|DEF//det//138 sociala//JJ|POS|UTR/NEU|SIN|DEF|NOM//amod//138 kontraktet//NN|NEU|SIN|DEF|NOM//nmod:poss//139 möjligheter//NN|UTR|PLU|IND|NOM//obj//135 som//HP|-|-|-//nsubj//143 annars//AB//advmod//143 skulle//VB|PRT|AKT//aux//143 ha//VB|INF|AKT//acl:relcl//139 förblivit//VB|SUP|AKT//amod//145 outnyttjade//PC|PRF|UTR/NEU|PLU|IND/DEF|NOM//xcomp//143 .//MAD//punct//125
Sammanfattning;Om//SN//mark//151 det//PN|NEU|SIN|DEF|SUB/OBJ//expl//151 t.ex.//AB|AN//advmod//151 är//VB|PRS|AKT//cop//151 svårt//JJ|POS|NEU|SIN|IND|NOM//advcl//162 eller//KN//cc//153 väldigt//AB|POS//advmod//154 dyrt//JJ|POS|NEU|SIN|IND|NOM//conj//151 att//IE//mark//156 finansiera//VB|INF|AKT//acl//154 utbildning//NN|UTR|SIN|IND|NOM//obj//156 kan//VB|PRS|AKT//aux//162 vissa//JJ|POS|UTR/NEU|PLU|IND/DEF|NOM//amod//161 begåvade//PC|PRF|UTR/NEU|PLU|IND/DEF|NOM//amod//161 ungdomar//NN|UTR|PLU|IND|NOM//nsubj//162 välja//VB|INF|AKT//conj//125 bort//PL//compound:prt//162 utbildning//NN|UTR|SIN|IND|NOM//obj//162 (//PAD//punct//170 eller//KN//cc//170 deras//PS|UTR/NEU|SIN/PLU|DEF//nmod:poss//168 föräldrar//NN|UTR|PLU|IND|NOM//nsubj//170 inte//AB//advmod//170 ha//VB|INF|AKT//conj//125 råd//NN|NEU|SIN|IND|NOM//obj//170 att//IE//mark//173 betala//VB|INF|AKT//acl//171 för//PP//case//175 den//PN|UTR|SIN|DEF|SUB/OBJ//obl//173 )//PAD//punct//125 .//MAD//punct//1
Sammanfattning;Det//PN|NEU|SIN|DEF|SUB/OBJ//nsubj//179 innebär//VB|PRS|AKT//parataxis//1 att//SN//mark//184 befolkningens//NN|UTR|SIN|DEF|GEN//nmod:poss//182 humankapital//NN|NEU|SIN|IND|NOM//nsubj:pass//184 inte//AB//advmod//184 utnyttjas//VB|PRS|SFO//ccomp//179 fullt//AB|POS//advmod//186 ut//AB//advmod//184 ,//MID//punct//190 med//PP//case//190 negativa//JJ|POS|UTR/NEU|PLU|IND/DEF|NOM//amod//190 effekter//NN|UTR|PLU|IND|NOM//obl//184 på//PP//case//192 inkomst//NN|UTR|SIN|IND|NOM//nmod//190 och//KN//cc//194 tillväxt//NN|UTR|SIN|IND|NOM//conj//192 .//MID//punct//179
Sammanfattning;Det//DT|NEU|SIN|DEF//det//198 implicita//JJ|POS|UTR/NEU|SIN|DEF|NOM//amod//198 kontraktet//NN|NEU|SIN|DEF|NOM//nsubj//202 kan//VB|PRS|AKT//aux//202 vara//VB|INF|AKT//cop//202 ett//DT|NEU|SIN|IND//det//202 sätt//NN|NEU|SIN|IND|NOM//parataxis//179 att//IE//mark//204 övervinna//VB|INF|AKT//acl//202 detta//DT|NEU|SIN|DEF//det//206 marknadsmisslyckande//NN|NEU|SIN|IND|NOM//obj//204 ,//MID//punct//211 med//PP//case//211 inte//AB//advmod//210 obetydliga//JJ|POS|UTR/NEU|PLU|IND/DEF|NOM//amod//211 effekter//NN|UTR|PLU|IND|NOM//obl//204 för//PP//case//216 både//KN//cc//216 den//DT|UTR|SIN|DEF//det//216 ekonomiska//JJ|POS|UTR/NEU|SIN|DEF|NOM//amod//216 utvecklingen//NN|UTR|SIN|DEF|NOM//nmod//211 och//KN//cc//219 (//PAD//punct//219 o//NN|NEU|SIN|IND|NOM//conj//216 )//PAD//punct//219 jämlikheten//NN|UTR|SIN|DEF|NOM//conj//216 .//MAD//punct//1
Sammanfattning;Effekterna//NN|UTR|PLU|DEF|NOM//nsubj//226 kan//VB|PRS|AKT//aux//226 faktiskt//AB|POS//advmod//226 bli//VB|INF|AKT//conj//1 större//JJ|KOM|UTR/NEU|SIN/PLU|IND/DEF|NOM//xcomp//226 när//HA//mark//233 huvuddelen//NN|UTR|SIN|DEF|NOM//nsubj//233 av//PP//case//231 kostnaderna//NN|UTR|PLU|DEF|NOM//nmod//229 är//VB|PRS|AKT//cop//233 koncentrerade//PC|PRF|UTR/NEU|PLU|IND/DEF|NOM//advcl//226 till//PP//case//237 livets//NN|NEU|SIN|DEF|GEN//nmod:poss//237 första//RO|NOM//amod//237 del//NN|UTR|SIN|IND|NOM//obl//233 ,//MID//punct//233 i//PP//case//241 det//DT|NEU|SIN|DEF//det//241 avseendet//NN|NEU|SIN|DEF|NOM//obl//226 att//SN//mark//251 förmånerna//NN|UTR|PLU|DEF|NOM//nsubj//251 i//PP//case//247 livets//NN|NEU|SIN|DEF|GEN//nmod:poss//247 tidiga//JJ|POS|UTR/NEU|SIN|DEF|NOM//amod//247 skede//NN|NEU|SIN|IND|NOM//nmod//243 i//PP//case//250 ett//DT|NEU|SIN|IND//det//250 nuvärdesperspektiv//NN|NEU|SIN|IND|NOM//nmod//247 har//VB|PRS|AKT//acl//241 större//JJ|KOM|UTR/NEU|SIN/PLU|IND/DEF|NOM//amod//253 betydelse//NN|UTR|SIN|IND|NOM//obj//251 än//KN//mark//255 senare//JJ|KOM|UTR/NEU|SIN/PLU|IND/DEF|NOM//amod//256 bidrag//NN|NEU|PLU|IND|NOM//obl//251 och//KN//cc//258 förmåner//NN|UTR|PLU|IND|NOM//conj//256 ,//MID//punct//262 vilket//HP|NEU|SIN|IND//nsubj//262 även//AB//advmod//262 går//VB|PRS|AKT//acl:relcl//258 att//IE//mark//264 finna//VB|INF|AKT//csubj//262 empiriskt//JJ|POS|NEU|SIN|IND|NOM//amod//266 stöd//NN|NEU|SIN|IND|NOM//obj//264 för//PP//obl//264 .//MAD//punct//1
Sammanfattning;Det//PN|NEU|SIN|DEF|SUB/OBJ//nsubj//270 innebär//VB|PRS|AKT//parataxis//1 att//SN//mark//277 investeringar//NN|UTR|PLU|IND|NOM//nsubj//277 i//PP//case//276 livets//NN|NEU|SIN|DEF|GEN//nmod:poss//276 första//RO|NOM//amod//276 år//NN|NEU|PLU|IND|NOM//nmod//272 har//VB|PRS|AKT//ccomp//270 större//JJ|KOM|UTR/NEU|SIN/PLU|IND/DEF|NOM//amod//279 betydelse//NN|UTR|SIN|IND|NOM//obj//277 än//KN//case//282 passivt//JJ|POS|NEU|SIN|IND|NOM//amod//282 stöd//NN|NEU|SIN|IND|NOM//acl//279 senare//AB|KOM//advmod//277 i//PP//case//285 livet//NN|NEU|SIN|DEF|NOM//obl//277 ,//MID//punct//291 vilket//HP|NEU|SIN|IND//nsubj//291 i//PP//advmod//291 sin//PS|UTR|SIN|DEF//fixed//288 tur//NN|UTR|SIN|IND|NOM//fixed//288 har//VB|PRS|AKT//advcl//277 en//DT|UTR|SIN|IND//det//294 positiv//JJ|POS|UTR|SIN|IND|NOM//amod//294 inverkan//NN|UTR|SIN|IND|NOM//obj//291 på//PP//case//298 den//DT|UTR|SIN|DEF//det//298 ekonomiska//JJ|POS|UTR/NEU|SIN|DEF|NOM//amod//298 utvecklingen//NN|UTR|SIN|DEF|NOM//nmod//294 .//MAD//punct//1
Sammanfattning;Ovanstående//JJ|POS|UTR/NEU|SIN/PLU|IND/DEF|NOM//amod//1 resonemang//NN|NEU|SIN|IND|NOM//nsubj//2 visar//VB|PRS|AKT//ROOT//2 att//SN//mark//12 det//PN|NEU|SIN|DEF|SUB/OBJ//expl//12 i//PP//case//6 diskussionerna//NN|UTR|PLU|DEF|NOM//obl//12 om//PP//mark//12 hur//HA//advmod//12 den//DT|UTR|SIN|DEF//det//11 offentliga//JJ|POS|UTR/NEU|SIN|DEF|NOM//amod//11 sektorn//NN|UTR|SIN|DEF|NOM//nsubj//12 påverkar//VB|PRS|AKT//ccomp//2 den//DT|UTR|SIN|DEF//det//15 ekonomiska//JJ|POS|UTR/NEU|SIN|DEF|NOM//amod//15 utvecklingen//NN|UTR|SIN|DEF|NOM//obj//12 är//VB|PRS|AKT//cop//17 viktigt//JJ|POS|NEU|SIN|IND|NOM//xcomp//2 att//IE//mark//19 dela//VB|INF|AKT//acl//17 in//PL//compound:prt//19 de//DT|UTR/NEU|PLU|DEF//det//23 offentliga//JJ|POS|UTR/NEU|PLU|IND/DEF|NOM//amod//23 utgifterna//NN|UTR|PLU|DEF|NOM//obj//19 och//KN//cc//26 deras//PS|UTR/NEU|SIN/PLU|DEF//nmod:poss//26 finansiering//NN|UTR|SIN|IND|NOM//conj//23 i//PP//case//28 kategorier//NN|UTR|PLU|IND|NOM//nmod//26 ,//MID//punct//17 snarare//AB|KOM//advmod//33 än//KN//mark//33 att//IE//mark//33 titta//VB|INF|AKT//advcl//17 på//PP//case//35 bruttotal//NN|NEU|PLU|IND|NOM//obl//33 .//MAD//punct//2
Sammanfattning;Något//DT|NEU|SIN|IND//det//38 förenklat//PC|PRF|NEU|SIN|IND|NOM//advmod//42 kan//VB|PRS|AKT//aux//42 vissa//JJ|POS|UTR/NEU|PLU|IND/DEF|NOM//amod//41 utgifter//NN|UTR|PLU|IND|NOM//nsubj:pass//42 benämnas//VB|INF|SFO//parataxis//2 ”//PAD//punct//42 aktiva//JJ|POS|UTR/NEU|PLU|IND/DEF|NOM//amod//45 ”//RG|NOM//appos//42 och//KN//cc//47 andra//JJ|POS|UTR/NEU|PLU|IND/DEF|NOM//conj//45 ”//PAD//punct//49 passiva//JJ|POS|UTR/NEU|PLU|IND/DEF|NOM//amod//50 ”//RG|NOM//punct//2 ,//MID//punct//56 beroende//PC|PRS|UTR/NEU|SIN/PLU|IND/DEF|NOM//mark//56 på//PP//fixed//52 hur//HA//advmod//56 de//PN|UTR/NEU|PLU|DEF|SUB//nsubj//56 påverkar//VB|PRS|AKT//advcl//2 sysselsättning//NN|UTR|SIN|IND|NOM//obj//56 och//KN//cc//59 inkomst//NN|UTR|SIN|IND|NOM//conj//57 .//MAD//punct//2
Sammanfattning;En//DT|UTR|SIN|IND//det//63 arbetsmarknadsinriktad//PC|PRF|UTR|SIN|IND|NOM//amod//63 utbildning//NN|UTR|SIN|IND|NOM//nsubj//68 vore//VB|KON|PRT|AKT//cop//68 t.ex.//AB|AN//advmod//68 en//DT|UTR|SIN|IND//det//68 aktiv//JJ|POS|UTR|SIN|IND|NOM//amod//68 utgift//NN|UTR|SIN|IND|NOM//parataxis//2 ,//MID//punct//68 medan//SN//mark//87 gynnsamma//JJ|POS|UTR/NEU|PLU|IND/DEF|NOM//amod//72 pensionsvillkor//NN|UTR|PLU|IND|NOM//nsubj//87 som//HP|-|-|-//nsubj//74 ger//VB|PRS|AKT//acl:relcl//72 friska//JJ|POS|UTR/NEU|PLU|IND/DEF|NOM//amod//76 arbetstagare//NN|UTR|PLU|IND|NOM//obj//74 möjlighet//NN|UTR|SIN|IND|NOM//obj//74 att//IE//mark//79 gå//VB|INF|AKT//acl//77 i//PP//case//81 pension//NN|UTR|SIN|IND|NOM//obl//79 i//PP//case//83 förtid//NN|UTR|SIN|IND|NOM//obl//79 vore//VB|KON|PRT|AKT//cop//87 en//DT|UTR|SIN|IND//det//87 passiv//JJ|POS|UTR|SIN|IND|NOM//amod//87 åtgärd//NN|UTR|SIN|IND|NOM//appos//68 (//PAD//punct//87 men//KN//cc//92 kan//VB|PRS|AKT//aux//92 vara//VB|INF|AKT//cop//92 motiverat//PC|PRF|NEU|SIN|IND|NOM//conj//68 av//PP//case//95 andra//JJ|POS|UTR/NEU|PLU|IND/DEF|NOM//amod//95 skäl//NN|NEU|PLU|IND|NOM//obl//92 än//KN//case//98 ekonomisk//JJ|POS|UTR|SIN|IND|NOM//amod//98 utveckling//NN|UTR|SIN|IND|NOM//nmod//95 )//PAD//punct//68 .//MAD//punct//109
Sammanfattning;På//PP//case//103 samma//DT|UTR/NEU|SIN/PLU|IND//det//103 sätt//NN|NEU|SIN|IND|NOM//obl//109 kan//VB|PRS|AKT//aux//109 vissa//JJ|POS|UTR/NEU|PLU|IND/DEF|NOM//amod//106 finansieringsmodeller//NN|UTR|PLU|IND|NOM//nsubj//109 vara//VB|INF|AKT//cop//109 mindre//AB|KOM//advmod//109 snedvridande//PC|PRS|UTR/NEU|SIN/PLU|IND/DEF|NOM//conj//2 än//KN//case//111 andra//PN|UTR/NEU|PLU|IND|SUB/OBJ//obl//109 .//MID//punct//2
Sammanfattning;Det//PN|NEU|SIN|DEF|SUB/OBJ//expl//114 finns//VB|PRS|SFO//parataxis//2 färsk//JJ|POS|UTR|SIN|IND|NOM//amod//117 empirisk//JJ|POS|UTR|SIN|IND|NOM//amod//117 forskning//NN|UTR|SIN|IND|NOM//nsubj//114 som//HP|-|-|-//nsubj//119 bekräftar//VB|PRS|AKT//acl:relcl//117 betydelsen//NN|UTR|SIN|DEF|NOM//obj//119 av//PP//case//123 dessa//DT|UTR/NEU|PLU|DEF//det//123 skillnader//NN|UTR|PLU|IND|NOM//nmod//120 .//MAD//punct//2
Sammanfattning;Forskare//NN|UTR|PLU|IND|NOM//nsubj//1 har//VB|PRS|AKT//aux//6 i//PP//case//5 många//JJ|POS|UTR/NEU|PLU|IND/DEF|NOM//amod//5 empiriska//JJ|POS|UTR/NEU|PLU|IND/DEF|NOM//amod//5 studier//NN|UTR|PLU|IND|NOM//obl//6 försökt//VB|SUP|AKT//advcl//74 att//IE//mark//8 belysa//VB|INF|AKT//xcomp//6 förhållandet//NN|NEU|SIN|DEF|NOM//obj//8 mellan//PP//case//14 den//DT|UTR|SIN|DEF//det//13 offentliga//JJ|POS|UTR/NEU|SIN|DEF|NOM//amod//13 sektorns//NN|UTR|SIN|DEF|GEN//nmod:poss//14 storlek//NN|UTR|SIN|IND|NOM//nmod//9 och//KN//cc//17 ekonomisk//JJ|POS|UTR|SIN|IND|NOM//amod//17 utveckling//NN|UTR|SIN|IND|NOM//conj//14 ,//MID//punct//19 mätt//PC|PRF|UTR|SIN|IND|NOM//advcl//6 som//KN//mark//21 t.ex.//AB|AN//advmod//19 inkomst//NN|UTR|SIN|IND|NOM//obj//19 per//PP//case//24 capita//NN|UTR|SIN|IND|NOM//nmod//22 eller//KN//cc//26 tillväxt//NN|UTR|SIN|IND|NOM//conj//24 .//MAD//punct//6
Sammanfattning;Trots//PP//case//31 den//DT|UTR|SIN|DEF//det//31 omfattande//PC|PRS|UTR/NEU|SIN/PLU|IND/DEF|NOM//amod//31 forskningen//NN|UTR|SIN|DEF|NOM//obl//32 finns//VB|PRS|SFO//conj//6 det//PN|NEU|SIN|DEF|SUB/OBJ//expl//32 i//PP//case//37 den//DT|UTR|SIN|DEF//det//37 här//AB//fixed//35 delen//NN|UTR|SIN|DEF|NOM//nmod//41 av//PP//case//39 forskningslitteraturen//NN|UTR|SIN|DEF|NOM//nmod//37 svagt//JJ|POS|NEU|SIN|IND|NOM//amod//41 stöd//NN|NEU|SIN|IND|NOM//nsubj//32 för//PP//mark//46 att//SN//mark//46 det//PN|NEU|SIN|DEF|SUB/OBJ//expl//46 skulle//VB|PRT|AKT//aux//46 finnas//VB|INF|SFO//advcl//32 något//DT|NEU|SIN|IND//det//49 starkare//JJ|KOM|UTR/NEU|SIN/PLU|IND/DEF|NOM//amod//49 samband//NN|NEU|SIN|IND|NOM//obj//46 mellan//PP//case//55 den//DT|UTR|SIN|DEF//det//53 offentliga//JJ|POS|UTR/NEU|SIN|DEF|NOM//amod//53 sektorns//NN|UTR|SIN|DEF|GEN//nmod:poss//55 totala//JJ|POS|UTR/NEU|SIN|DEF|NOM//amod//55 storlek//NN|UTR|SIN|IND|NOM//obl//46 och//KN//cc//58 ekonomisk//JJ|POS|UTR|SIN|IND|NOM//amod//58 tillväxt//NN|UTR|SIN|IND|NOM//conj//55 .//MAD//punct//32
Sammanfattning;I//PP//case//62 senare//JJ|KOM|UTR/NEU|SIN/PLU|IND/DEF|NOM//amod//62 forskning//NN|UTR|SIN|IND|NOM//obl//6 där//HA//advmod//65 man//PN|UTR|SIN|IND|SUB//nsubj//65 brutit//VB|SUP|AKT//acl:relcl//62 ned//PL//compound:prt//65 utgifterna//NN|UTR|PLU|DEF|NOM//obj//65 och//KN//cc//70 deras//PS|UTR/NEU|SIN/PLU|DEF//nmod:poss//70 finansiering//NN|UTR|SIN|IND|NOM//conj//67 har//VB|PRS|AKT//aux//74 man//PN|UTR|SIN|IND|SUB//nsubj//74 dock//AB//advmod//74 hittat//VB|SUP|AKT//ROOT//74 tydligare//JJ|KOM|UTR/NEU|SIN/PLU|IND/DEF|NOM//amod//77 empiriska//JJ|POS|UTR/NEU|PLU|IND/DEF|NOM//amod//77 belägg//NN|NEU|PLU|IND|NOM//obj//74 .//MAD//punct//74
Sammanfattning;Aktiva//JJ|POS|UTR/NEU|PLU|IND/DEF|NOM//amod//82 eller//KN//cc//81 produktiva//JJ|POS|UTR/NEU|PLU|IND/DEF|NOM//conj//79 utgifter//NN|UTR|PLU|IND|NOM//nsubj//83 har//VB|PRS|AKT//conj//74 en//DT|UTR|SIN|IND//det//86 positiv//JJ|POS|UTR|SIN|IND|NOM//amod//86 inverkan//NN|UTR|SIN|IND|NOM//obj//83 på//PP//case//90 det//DT|NEU|SIN|DEF//det//90 ekonomiska//JJ|POS|UTR/NEU|SIN|DEF|NOM//amod//90 resultatet//NN|NEU|SIN|DEF|NOM//nmod//86 om//SN//mark//93 de//PN|UTR/NEU|PLU|DEF|SUB//nsubj:pass//93 finansieras//VB|PRS|SFO//advcl//83 med//PP//case//98 de//DT|UTR/NEU|PLU|DEF//det//98 minst//AB|SUV//advmod//97 snedvridande//PC|PRS|UTR/NEU|SIN/PLU|IND/DEF|NOM//amod//98 skatterna//NN|UTR|PLU|DEF|NOM//obl//93 ,//MID//punct//74 och//KN//cc//103 det//DT|NEU|SIN|DEF//det//102 omvända//PC|PRF|UTR/NEU|SIN|DEF|NOM//nsubj//103 gäller//VB|PRS|AKT//conj//74 för//PP//case//106 passiva//JJ|POS|UTR/NEU|PLU|IND/DEF|NOM//amod//106 utgifter//NN|UTR|PLU|IND|NOM//obl//103 som//HP|-|-|-//nsubj:pass//108 finansieras//VB|PRS|SFO//acl:relcl//106 genom//PP//case//111 snedvridande//PC|PRS|UTR/NEU|SIN/PLU|IND/DEF|NOM//amod//111 beskattning//NN|UTR|SIN|IND|NOM//obl//108 .//MAD//punct//74
Sammanfattning;Detta//PN|NEU|SIN|DEF|SUB/OBJ//nsubj//114 visar//VB|PRS|AKT//parataxis//74 varför//HA//advmod//118 det//PN|NEU|SIN|DEF|SUB/OBJ//expl//118 inte//AB//advmod//118 finns//VB|PRS|SFO//ccomp//114 något//DT|NEU|SIN|IND//det//121 enkelt//JJ|POS|NEU|SIN|IND|NOM//amod//121 svar//NN|NEU|SIN|IND|NOM//nsubj//118 på//PP//case//123 frågan//NN|UTR|SIN|DEF|NOM//obl//118 om//PP//case//126 välfärdsstatens//NN|UTR|SIN|DEF|GEN//nmod:poss//126 betydelse//NN|UTR|SIN|IND|NOM//nmod//123 för//PP//case//130 den//DT|UTR|SIN|DEF//det//130 ekonomiska//JJ|POS|UTR/NEU|SIN|DEF|NOM//amod//130 utvecklingen//NN|UTR|SIN|DEF|NOM//nmod//126 ,//MID//punct//118 och//KN//cc//136 att//SN//mark//136 hänsyn//NN|UTR|SIN|IND|NOM//nsubj:pass//136 måste//VB|PRS|AKT//aux//136 tas//VB|INF|SFO//conj//118 till//PP//case//139 välfärdsstatens//NN|UTR|SIN|DEF|GEN//nmod:poss//139 struktur//NN|UTR|SIN|IND|NOM//obl//136 och//KN//cc//141 inriktning//NN|UTR|SIN|IND|NOM//conj//139 .//MID//punct//114
Sammanfattning;Det//DT|NEU|SIN|DEF//det//145 empiriska//JJ|POS|UTR/NEU|SIN|DEF|NOM//amod//145 resultatet//NN|NEU|SIN|DEF|NOM//nsubj//146 visar//VB|PRS|AKT//parataxis//114 att//SN//mark//153 de//DT|UTR/NEU|PLU|DEF//det//150 nordiska//JJ|POS|UTR/NEU|PLU|IND/DEF|NOM//amod//150 länderna//NN|NEU|PLU|DEF|NOM//nsubj//153 inte//AB//advmod//153 bara//AB//advmod//153 har//VB|PRS|AKT//ccomp//146 stora//JJ|POS|UTR/NEU|PLU|IND/DEF|NOM//amod//156 offentliga//JJ|POS|UTR/NEU|PLU|IND/DEF|NOM//amod//156 sektorer//NN|UTR|PLU|IND|NOM//obj//153 utan//KN//cc//161 även//AB//advmod//161 en//DT|UTR|SIN|IND//det//161 starkare//JJ|KOM|UTR/NEU|SIN/PLU|IND/DEF|NOM//amod//161 inriktning//NN|UTR|SIN|IND|NOM//obl//153 mot//PP//case//164 aktiva//JJ|POS|UTR/NEU|PLU|IND/DEF|NOM//amod//164 utgifter//NN|UTR|PLU|IND|NOM//nmod//161 .//MAD//punct//114
Sammanfattning;Finansieringsmodellen//NN|UTR|SIN|DEF|NOM//nsubj//171 har//VB|PRS|AKT//aux//171 dock//AB//advmod//171 inte//AB//advmod//171 samma//DT|UTR/NEU|SIN/PLU|IND//det//171 inriktning//NN|UTR|SIN|IND|NOM//parataxis//114 ,//MID//punct//171 eftersom//SN//mark//176 t.ex.//AB|AN//advmod//176 fastighetsskatten//NN|UTR|SIN|DEF|NOM//nsubj//176 bidrar//VB|PRS|AKT//advcl//171 till//PP//case//181 en//DT|UTR|SIN|IND//det//181 relativt//AB|POS//advmod//180 liten//JJ|POS|UTR|SIN|IND|NOM//amod//181 del//NN|UTR|SIN|IND|NOM//obl//176 av//PP//case//185 de//DT|UTR/NEU|PLU|DEF//det//185 offentliga//JJ|POS|UTR/NEU|PLU|IND/DEF|NOM//amod//185 intäkterna//NN|UTR|PLU|DEF|NOM//nmod//181 ,//MID//punct//171 trots//PP//mark//191 att//SN//mark//191 det//PN|NEU|SIN|DEF|SUB/OBJ//nsubj//191 är//VB|PRS|AKT//cop//191 en//PN|UTR|SIN|IND|SUB/OBJ//advcl//114 av//PP//case//196 de//DT|UTR/NEU|PLU|DEF//det//196 minst//AB|SUV//advmod//195 snedvridande//PC|PRS|UTR/NEU|SIN/PLU|IND/DEF|NOM//amod//196 beskattningsformerna//NN|UTR|PLU|DEF|NOM//nmod//191 .//MAD//punct//74
Sammanfattning;Om//SN//mark//4 man//PN|UTR|SIN|IND|SUB//nsubj//4 i//PP//advmod//4 stället//NN|NEU|SIN|DEF|NOM//fixed//2 tittar//VB|PRS|AKT//advcl//10 på//PP//case//6 rättvisesidan//NN|UTR|SIN|DEF|NOM//obl//4 av//PP//case//8 välfärdsstaten//NN|UTR|SIN|DEF|NOM//obl//4 så//AB//advmod//10 finns//VB|PRS|SFO//ROOT//10 skillnaden//NN|UTR|SIN|DEF|NOM//nsubj//10 mellan//PP//case//16 aktiva//JJ|POS|UTR/NEU|PLU|IND/DEF|NOM//amod//16 och//KN//cc//15 passiva//JJ|POS|UTR/NEU|PLU|IND/DEF|NOM//conj//13 former//NN|UTR|PLU|IND|NOM//nmod//11 kvar//PL//advmod//10 .//MAD//punct//20
Sammanfattning;Den//DT|UTR|SIN|DEF//det//20 traditionella//JJ|POS|UTR/NEU|SIN|DEF|NOM//advmod//10 (//PAD//punct//20 om//PP//advcl//20 )//PAD//punct//20 fördelningspolitiken//NN|UTR|SIN|DEF|NOM//nsubj:pass//26 kan//VB|PRS|AKT//aux//26 karakteriseras//VB|INF|SFO//parataxis//20 som//KN//mark//28 passiv//NN|UTR|SIN|IND|NOM//xcomp//26 ,//MID//punct//34 eftersom//SN//mark//34 den//PN|UTR|SIN|DEF|SUB/OBJ//nsubj//34 är//VB|PRS|AKT//cop//34 ett//DT|NEU|SIN|IND//det//34 försök//NN|NEU|SIN|IND|NOM//conj//20 att//IE//mark//40 genom//PP//case//37 skatter//NN|UTR|PLU|IND|NOM//obl//40 och//KN//cc//39 transfereringar//NN|UTR|PLU|IND|NOM//conj//37 förändra//VB|INF|AKT//acl//34 en//DT|UTR|SIN|IND//det//42 fördelning//NN|UTR|SIN|IND|NOM//obj//40 av//PP//case//44 marknadsinkomster//NN|UTR|PLU|IND|NOM//nmod//42 som//HP|-|-|-//nsubj:pass//46 anses//VB|PRS|SFO//acl:relcl//42 orättvis//JJ|POS|UTR|SIN|IND|NOM//xcomp//46 till//PP//case//51 en//DT|UTR|SIN|IND//det//51 rättvisare//JJ|KOM|UTR/NEU|SIN/PLU|IND/DEF|NOM//amod//51 fördelning//NN|UTR|SIN|IND|NOM//obl//46 av//PP//case//54 disponibel//JJ|POS|UTR|SIN|IND|NOM//amod//54 inkomst//NN|UTR|SIN|IND|NOM//nmod//51 och//KN//cc//56 därmed//AB//conj//51 av//PP//case//58 konsumtionsmöjligheter//NN|UTR|PLU|IND|NOM//obl//56 .//MAD//punct//20
Sammanfattning;I//PP//case//63 en//DT|UTR|SIN|IND//det//63 aktivare//JJ|KOM|UTR/NEU|SIN/PLU|IND/DEF|NOM//amod//63 omfördelningspolitik//NN|UTR|SIN|IND|NOM//obl//69 skulle//VB|PRT|AKT//aux//69 utbildnings-//NN|UTR|-|-|SMS//nsubj:pass//69 och//KN//cc//67 arbetsmarknadspolitiken//NN|UTR|SIN|DEF|NOM//conj//65 kunna//VB|INF|AKT//aux//69 utformas//VB|INF|SFO//parataxis//20 så//AB//mark//75 att//SN//mark//75 fördelningen//NN|UTR|SIN|DEF|NOM//nsubj//75 av//PP//case//74 marknadsinkomster//NN|UTR|PLU|IND|NOM//nmod//72 uppfyller//VB|PRS|AKT//advcl//69 fördelningsmålen//NN|UTR|SIN|DEF|NOM//obj//75 .//MAD//punct//20
Sammanfattning;De//DT|UTR/NEU|PLU|DEF//det//2 nordiska//JJ|POS|UTR/NEU|PLU|IND/DEF|NOM//amod//2 länderna//NN|NEU|PLU|DEF|NOM//nsubj//4 är//VB|PRS|AKT//cop//4 kända//PC|PRF|UTR/NEU|PLU|IND/DEF|NOM//ROOT//4 för//PP//mark//7 att//IE//mark//7 höra//VB|INF|AKT//advcl//4 till//PP//case//10 de//DT|UTR/NEU|PLU|DEF//det//10 länder//NN|NEU|PLU|IND|NOM//obl//7 som//HP|-|-|-//nsubj//12 har//VB|PRS|AKT//acl:relcl//10 den//DT|UTR|SIN|DEF//det//15 jämlikaste//JJ|SUV|UTR/NEU|SIN/PLU|DEF|NOM//amod//15 fördelningen//NN|UTR|SIN|DEF|NOM//obj//12 av//PP//case//18 disponibel//JJ|POS|UTR|SIN|IND|NOM//amod//18 inkomst//NN|UTR|SIN|IND|NOM//nmod//15 .//MAD//punct//4
Sammanfattning;Även//AB//mark//25 om//SN//fixed//20 den//DT|UTR|SIN|DEF//det//24 passiva//JJ|POS|UTR/NEU|SIN|DEF|NOM//amod//24 omfördelningen//NN|UTR|SIN|DEF|NOM//nsubj//25 spelar//VB|PRS|AKT//advcl//28 roll//NN|UTR|SIN|IND|NOM//obj//25 ,//MID//punct//28 förbiser//VB|PRS|AKT//parataxis//4 man//PN|UTR|SIN|IND|SUB//nsubj//28 ofta//AB|POS//advmod//28 att//SN//mark//37 grunden//NN|UTR|SIN|DEF|NOM//nsubj:pass//37 för//PP//case//36 det//DT|NEU|SIN|DEF//det//36 jämlika//JJ|POS|UTR/NEU|SIN|DEF|NOM//amod//36 resultatet//NN|NEU|SIN|DEF|NOM//nmod//32 läggs//VB|PRS|SFO//advcl//28 redan//AB//advmod//40 på//PP//case//40 arbetsmarknaden//NN|UTR|SIN|DEF|NOM//obl//37 ,//MID//punct//44 i//PP//case//44 det//DT|NEU|SIN|DEF//det//44 avseendet//NN|NEU|SIN|DEF|NOM//conj//4 att//SN//mark//49 fördelningen//NN|UTR|SIN|DEF|NOM//nsubj//49 av//PP//case//48 marknadsinkomster//NN|UTR|PLU|IND|NOM//nmod//46 tillhör//VB|PRS|AKT//acl//44 de//DT|UTR/NEU|PLU|DEF//det//52 mest//AB|SUV//advmod//52 jämlika//JJ|POS|UTR/NEU|PLU|IND/DEF|NOM//xcomp//49 .//MAD//punct//4
Sammanfattning;Dessutom//AB//advmod//55 visar//VB|PRS|AKT//parataxis//4 forskningen//NN|UTR|SIN|DEF|NOM//nsubj//55 att//SN//mark//63 en//DT|UTR|SIN|IND//det//60 jämlik//JJ|POS|UTR|SIN|IND|NOM//amod//60 fördelning//NN|UTR|SIN|IND|NOM//nsubj//63 av//PP//case//62 marknadsinkomster//NN|UTR|PLU|IND|NOM//nmod//60 bygger//VB|PRS|AKT//acl//56 på//PP//case//67 en//DT|UTR|SIN|IND//det//67 jämn//JJ|POS|UTR|SIN|IND|NOM//amod//67 fördelning//NN|UTR|SIN|IND|NOM//obl//63 av//PP//case//69 kompetens//NN|UTR|SIN|IND|NOM//nmod//67 .//MAD//punct//4
Sammanfattning;Detta//PN|NEU|SIN|DEF|SUB/OBJ//nsubj//72 visar//VB|PRS|AKT//parataxis//4 att//SN//mark//79 utbildning//NN|UTR|SIN|IND|NOM//nsubj//79 i//PP//case//77 vid//JJ|POS|UTR|SIN|IND|NOM//case//77 bemärkelse//NN|UTR|SIN|IND|NOM//nmod//74 är//VB|PRS|AKT//cop//79 viktig//JJ|POS|UTR|SIN|IND|NOM//ccomp//72 för//PP//case//81 jämlikheten//NN|UTR|SIN|DEF|NOM//obl//79 .//MAD//punct//72
Sammanfattning;Utbildningsmöjligheterna//NN|UTR|PLU|DEF|NOM//nsubj:pass//85 kan//VB|PRS|AKT//aux//85 begränsas//VB|INF|SFO//conj//72 av//PP//case//91 både//KN//cc//91 ekonomiska//JJ|POS|UTR/NEU|PLU|IND/DEF|NOM//amod//91 och//KN//cc//90 sociala//JJ|POS|UTR/NEU|PLU|IND/DEF|NOM//conj//88 faktorer//NN|UTR|PLU|IND|NOM//obl:agent//85 .//MAD//punct//91
Sammanfattning;Offentlig//JJ|POS|UTR|SIN|IND|NOM//amod//94 utbildning//NN|UTR|SIN|IND|NOM//nsubj//97 kan//VB|PRS|AKT//aux//97 vara//VB|INF|AKT//cop//97 lösningen//NN|UTR|SIN|DEF|NOM//conj//85 på//PP//case//99 båda//PN|UTR/NEU|PLU|DEF|SUB/OBJ//nmod//97 och//KN//cc//101 bidrar//VB|PRS|AKT//conj//97 på//PP//case//105 det//DT|NEU|SIN|DEF//det//105 här//AB//fixed//103 sättet//NN|NEU|SIN|DEF|NOM//obl//101 inte//AB//advmod//101 bara//AB//advmod//110 till//PP//case//110 mer//JJ|KOM|UTR/NEU|SIN/PLU|IND/DEF|NOM//amod//110 humankapital//NN|NEU|SIN|IND|NOM//obl//101 utan//KN//cc//116 även//AB//advmod//116 till//PP//case//116 en//DT|UTR|SIN|IND//det//116 jämlikare//JJ|KOM|UTR/NEU|SIN/PLU|IND/DEF|NOM//amod//116 kompetensfördelning//NN|UTR|SIN|IND|NOM//conj//110 och//KN//cc//124 därmed//AB//advmod//124 även//AB//advmod//124 till//PP//case//124 en//DT|UTR|SIN|IND//det//124 mer//AB|KOM//advmod//123 jämlik//JJ|POS|UTR|SIN|IND|NOM//amod//124 inkomstfördelning//NN|UTR|SIN|IND|NOM//conj//116 .//MAD//punct//85
Sammanfattning;Medan//SN//mark//130 den//DT|UTR|SIN|DEF//det//129 passiva//JJ|POS|UTR/NEU|SIN|DEF|NOM//amod//129 omfördelningen//NN|UTR|SIN|DEF|NOM//nsubj//130 belastar//VB|PRS|AKT//advcl//135 den//DT|UTR|SIN|DEF//det//133 offentliga//JJ|POS|UTR/NEU|SIN|DEF|NOM//amod//133 budgeten//NN|UTR|SIN|DEF|NOM//obj//130 ,//MID//punct//135 gäller//VB|PRS|AKT//conj//85 det//DT|NEU|SIN|DEF//det//137 motsatta//PC|PRF|UTR/NEU|SIN|DEF|NOM//obj//135 för//PP//case//141 den//DT|UTR|SIN|DEF//det//141 aktiva//JJ|POS|UTR/NEU|SIN|DEF|NOM//amod//141 omfördelningen//NN|UTR|SIN|DEF|NOM//obl//135 ,//MID//punct//146 som//HP|-|-|-//nsubj//146 med//PP//case//145 tiden//NN|UTR|SIN|DEF|NOM//obl//146 leder//VB|PRS|AKT//acl:relcl//141 till//PP//mark//152 att//SN//mark//152 fler//JJ|POS|UTR/NEU|PLU|IND|NOM//amod//150 personer//NN|UTR|PLU|IND|NOM//nsubj//152 kan//VB|PRS|AKT//aux//152 försörja//VB|INF|AKT//advcl//146 sig//PN|UTR/NEU|SIN/PLU|DEF|OBJ//obj//152 själva//JJ|POS|UTR/NEU|PLU|IND/DEF|NOM//amod//153 på//PP//case//158 en//DT|UTR|SIN|IND//det//158 acceptabel//JJ|POS|UTR|SIN|IND|NOM//amod//158 nivå//NN|UTR|SIN|IND|NOM//obl//152 .//MAD//punct//72
Sammanfattning;Det//DT|NEU|SIN|DEF//det//4 implicita//JJ|POS|UTR/NEU|SIN|DEF|NOM//amod//4 eller//KN//cc//3 sociala//JJ|POS|UTR/NEU|SIN|DEF|NOM//amod//4 kontrakt//NN|NEU|PLU|IND|NOM//nsubj//10 som//HP|-|-|-//nsubj//6 finns//VB|PRS|SFO//acl:relcl//4 inbäddat//PC|PRF|NEU|SIN|IND|NOM//xcomp//6 i//PP//case//9 välfärdsstaten//NN|UTR|SIN|DEF|NOM//obl//7 har//VB|PRS|AKT//advcl//64 också//AB//advmod//10 en//DT|UTR|SIN|IND//det//15 stark//JJ|POS|UTR|SIN|IND|NOM//amod//15 intragenerationell//JJ|POS|UTR|SIN|IND|NOM//amod//15 koppling//NN|UTR|SIN|IND|NOM//obj//10 .//MAD//punct//10
Sammanfattning;Olika//JJ|POS|UTR/NEU|PLU|IND/DEF|NOM//amod//18 delar//NN|UTR|PLU|IND|NOM//nsubj//23 av//PP//case//22 det//DT|NEU|SIN|DEF//det//22 sociala//JJ|POS|UTR/NEU|SIN|DEF|NOM//amod//22 skyddsnätet//NN|NEU|SIN|DEF|NOM//nmod//18 garanterar//VB|PRS|AKT//parataxis//10 inkomsten//NN|UTR|SIN|DEF|NOM//obj//23 i//PP//case//26 händelse//NN|UTR|SIN|IND|NOM//obl//23 av//PP//case//29 t.ex.//AB|AN//advmod//29 arbetslöshet//NN|UTR|SIN|IND|NOM//nmod//26 ,//MID//punct//31 sjukdom//NN|UTR|SIN|IND|NOM//conj//29 ,//MID//punct//33 förlorad//PC|PRF|UTR|SIN|IND|NOM//amod//34 arbetsförmåga//NN|UTR|SIN|IND|NOM//conj//29 osv.//AB|AN//punct//23 Det//PN|NEU|SIN|DEF|SUB/OBJ//nsubj//37 innebär//VB|PRS|AKT//parataxis//10 att//SN//mark//44 resurser//NN|UTR|PLU|IND|NOM//nsubj:pass//44 vid//PP//case//43 en//DT|UTR|SIN|IND//det//43 viss//JJ|POS|UTR|SIN|IND|NOM//amod//43 tidpunkt//NN|UTR|SIN|IND|NOM//nmod//39 omfördelas//VB|INF|SFO//ccomp//37 från//PP//case//46 dem//PN|UTR/NEU|PLU|DEF|OBJ//obl//44 som//HP|-|-|-//nsubj:pass//49 inte//AB//advmod//49 påverkas//VB|PRS|SFO//acl:relcl//46 av//PP//case//52 dessa//DT|UTR/NEU|PLU|DEF//det//52 händelser//NN|UTR|PLU|IND|NOM//obl:agent//49 till//PP//case//54 dem//PN|UTR/NEU|PLU|DEF|OBJ//nmod//52 som//HP|-|-|-//nsubj:pass//56 påverkas//VB|PRS|SFO//acl:relcl//54 .//MAD//punct//10
Sammanfattning;Eftersom//SN//mark//62 sådana//JJ|POS|UTR/NEU|PLU|IND|NOM//amod//60 händelser//NN|UTR|PLU|IND|NOM//nsubj//62 kan//VB|PRS|AKT//aux//62 drabba//VB|INF|AKT//advcl//64 alla//PN|UTR/NEU|PLU|IND|SUB/OBJ//obj//62 innebär//VB|PRS|AKT//ROOT//64 systemet//NN|NEU|SIN|DEF|NOM//nsubj//64 även//AB//advmod//68 en//DT|UTR|SIN|IND//det//68 form//NN|UTR|SIN|IND|NOM//obj//64 av//PP//case//70 försäkring//NN|UTR|SIN|IND|NOM//nmod//68 .//MID//punct//64
Sammanfattning;Alla//DT|UTR/NEU|PLU|IND/DEF//det//73 individer//NN|UTR|PLU|IND|NOM//nsubj//74 vet//VB|PRS|AKT//parataxis//64 att//SN//mark//81 det//DT|NEU|SIN|DEF//det//78 sociala//JJ|POS|UTR/NEU|SIN|DEF|NOM//amod//78 skyddsnätet//NN|NEU|SIN|DEF|NOM//nsubj//81 och//KN//cc//80 välfärdstjänsterna//NN|UTR|PLU|DEF|NOM//conj//78 finns//VB|PRS|SFO//ccomp//74 om//SN//mark//85 de//PN|UTR/NEU|PLU|DEF|SUB//nsubj:pass//85 skulle//VB|PRT|AKT//aux//85 drabbas//VB|INF|SFO//advcl//81 av//PP//case//88 en//DT|UTR|SIN|IND//det//88 händelse//NN|UTR|SIN|IND|NOM//obl:agent//85 som//HP|-|-|-//nsubj//90 minskar//VB|PRS|AKT//acl:relcl//88 deras//PS|UTR/NEU|SIN/PLU|DEF//nmod:poss//92 förmåga//NN|UTR|SIN|IND|NOM//obj//90 att//IE//mark//94 försörja//VB|INF|AKT//acl//92 sig//PN|UTR/NEU|SIN/PLU|DEF|OBJ//obj//94 själva//JJ|POS|UTR/NEU|PLU|IND/DEF|NOM//amod//95 .//MAD//punct//64
Sammanfattning;Det//PN|NEU|SIN|DEF|SUB/OBJ//expl//103 här//AB//advmod//103 är//VB|PRS|AKT//cop//103 en//DT|UTR|SIN|IND//det//103 indirekt//JJ|POS|UTR|SIN|IND|NOM//amod//103 försäkringseffekt//NN|UTR|SIN|IND|NOM//parataxis//64 som//HP|-|-|-//nsubj//105 har//VB|PRS|AKT//acl:relcl//103 en//DT|UTR|SIN|IND//det//109 direkt//AB|POS//advmod//108 positiv//JJ|POS|UTR|SIN|IND|NOM//amod//109 välfärdseffekt//NN|UTR|SIN|IND|NOM//obj//105 om//SN//mark//113 aktörerna//NN|UTR|PLU|DEF|NOM//nsubj//113 är//VB|PRS|AKT//cop//113 riskobenägna//PC|PRF|UTR/NEU|PLU|IND/DEF|NOM//advcl//105 och//KN//cc//117 inte//AB//advmod//117 kan//VB|PRS|AKT//aux//117 diversifiera//VB|INF|AKT//conj//113 sådana//JJ|POS|UTR/NEU|PLU|IND|NOM//amod//119 risker//NN|UTR|PLU|IND|NOM//obj//117 på//PP//case//122 andra//JJ|POS|UTR/NEU|PLU|IND/DEF|NOM//amod//122 sätt//NN|NEU|PLU|IND|NOM//nmod//119 .//MAD//punct//103
Sammanfattning;Det//PN|NEU|SIN|DEF|SUB/OBJ//nsubj//127 kan//VB|PRS|AKT//aux//127 även//AB//advmod//127 bidra//VB|INF|AKT//conj//64 till//PP//case//129 risktagande//NN|NEU|SIN|IND|NOM//obl//127 och//KN//cc//131 flexibilitet//NN|UTR|SIN|IND|NOM//conj//129 ,//MID//punct//129 som//HP|-|-|-//nsubj//137 i//PP//advmod//137 sin//PS|UTR|SIN|DEF//fixed//134 tur//NN|UTR|SIN|IND|NOM//fixed//134 bidrar//VB|PRS|AKT//acl:relcl//129 till//PP//case//142 ett//DT|NEU|SIN|IND//det//142 bättre//JJ|KOM|UTR/NEU|SIN/PLU|IND/DEF|NOM//amod//142 ekonomiskt//JJ|POS|NEU|SIN|IND|NOM//amod//142 resultat//NN|NEU|SIN|IND|NOM//obl//137 .//MAD//punct//150
Sammanfattning;Inte//AB//advmod//149 heller//AB//advmod//149 för//PP//case//149 det//DT|NEU|SIN|DEF//det//149 sociala//JJ|POS|UTR/NEU|SIN|DEF|NOM//amod//149 skyddsnätet//NN|NEU|SIN|DEF|NOM//nsubj//150 går//VB|PRS|AKT//conj//127 det//PN|NEU|SIN|DEF|SUB/OBJ//expl//150 således//AB//advmod//150 att//IE//mark//155 tydligt//AB|POS//advmod//155 skilja//VB|INF|AKT//csubj//150 mellan//PP//case//157 effekterna//NN|UTR|PLU|DEF|NOM//obl//155 på//PP//case//161 det//DT|NEU|SIN|DEF//det//161 ekonomiska//JJ|POS|UTR/NEU|SIN|DEF|NOM//amod//161 resultatet//NN|NEU|SIN|DEF|NOM//nmod//157 och//KN//cc//163 jämlikheten//NN|UTR|SIN|DEF|NOM//conj//161 .//MAD//punct//150
Sammanfattning;I//PP//case//168 de//DT|UTR/NEU|PLU|DEF//det//168 nordiska//JJ|POS|UTR/NEU|PLU|IND/DEF|NOM//amod//168 länderna//NN|NEU|PLU|DEF|NOM//obl//177 har//VB|PRS|AKT//aux//177 det//DT|NEU|SIN|DEF//det//172 sociala//JJ|POS|UTR/NEU|SIN|DEF|NOM//amod//172 skyddsnätet//NN|NEU|SIN|DEF|NOM//nsubj//177 av//PP//case//174 tradition//NN|UTR|SIN|IND|NOM//nmod//172 en//DT|UTR|SIN|IND//det//177 aktiv//JJ|POS|UTR|SIN|IND|NOM//amod//177 inriktning//NN|UTR|SIN|IND|NOM//parataxis//150 –//RG|NOM//punct//177 arbetslinjen//NN|UTR|SIN|DEF|NOM//appos//177 –//RG|NOM//punct//184 genom//PP//mark//184 att//SN//mark//184 man//PN|UTR|SIN|IND|SUB//nsubj//184 betonar//VB|PRS|AKT//advcl//177 att//SN//mark//189 systemen//NN|NEU|PLU|DEF|NOM//nsubj//189 endast//AB//advmod//189 är//VB|PRS|AKT//cop//189 tillgängliga//JJ|POS|UTR/NEU|PLU|IND/DEF|NOM//ccomp//184 för//PP//case//191 personer//NN|UTR|PLU|IND|NOM//obl//189 som//HP|-|-|-//nsubj//195 inte//AB//advmod//195 kan//VB|PRS|AKT//aux//195 försörja//VB|INF|AKT//acl:relcl//191 sig//PN|UTR/NEU|SIN/PLU|DEF|OBJ//obj//195 själva//JJ|POS|UTR/NEU|PLU|IND/DEF|NOM//amod//196 och//KN//cc//202 genom//PP//mark//202 att//SN//mark//202 man//PN|UTR|SIN|IND|SUB//nsubj//202 ställer//VB|PRS|AKT//conj//195 olika//JJ|POS|UTR/NEU|PLU|IND/DEF|NOM//amod//204 sysselsättningsvillkor//NN|UTR|PLU|IND|NOM//obj//202 (//PAD//punct//206 krav//NN|NEU|PLU|IND|NOM//appos//191 på//PP//case//209 aktivt//JJ|POS|NEU|SIN|IND|NOM//amod//209 arbetssökande//PC|PRS|UTR/NEU|SIN/PLU|IND/DEF|NOM//nmod//206 ,//MID//punct//211 deltagande//NN|NEU|SIN|IND|NOM//conj//209 i//PP//case//213 aktivitetsprogram//NN|NEU|SIN|IND|NOM//nmod//211 osv.//AB|AN//punct//206 )//PAD//punct//206 .//MAD//punct//220
Sammanfattning;Detta//PN|NEU|SIN|DEF|SUB/OBJ//nsubj//220 är//VB|PRS|AKT//cop//220 en//DT|UTR|SIN|IND//det//220 del//NN|UTR|SIN|IND|NOM//nsubj//233 i//PP//case//222 förklaringen//NN|UTR|SIN|DEF|NOM//nmod//220 till//PP//mark//228 varför//HA//advmod//228 arbetsstyrkan//NN|UTR|SIN|DEF|NOM//nsubj//228 är//VB|PRS|AKT//cop//228 så//AB//advmod//228 stor//JJ|POS|UTR|SIN|IND|NOM//advcl//220 och//KN//cc//230 sysselsättningsgraden//NN|UTR|SIN|DEF|NOM//conj//228 är//VB|PRS|AKT//cop//233 så//AB//advmod//233 hög//JJ|POS|UTR|SIN|IND|NOM//conj//127 i//PP//case//237 de//DT|UTR/NEU|PLU|DEF//det//237 nordiska//JJ|POS|UTR/NEU|PLU|IND/DEF|NOM//amod//237 länderna//NN|NEU|PLU|DEF|NOM//nmod//233 ,//MID//punct//244 trots//PP//case//244 ett//DT|NEU|SIN|IND//det//244 relativt//AB|POS//advmod//242 generöst//JJ|POS|NEU|SIN|IND|NOM//amod//244 socialt//JJ|POS|NEU|SIN|IND|NOM//amod//244 skyddsnät//NN|NEU|SIN|IND|NOM//conj//233 .//MAD//punct//233
Sammanfattning;Baksidan//NN|UTR|SIN|DEF|NOM//nsubj//252 är//VB|PRS|AKT//cop//252 att//SN//mark//252 sådana//JJ|POS|UTR/NEU|PLU|IND|NOM//amod//250 program//NN|NEU|PLU|IND|NOM//nsubj//252 är//VB|PRS|AKT//cop//252 resurskrävande//PC|PRS|UTR/NEU|SIN/PLU|IND/DEF|NOM//conj//127 .//MAD//punct//127
Sammanfattning;De//DT|UTR/NEU|PLU|DEF//det//2 nordiska//JJ|POS|UTR/NEU|PLU|IND/DEF|NOM//amod//2 ländernas//NN|NEU|PLU|DEF|GEN//nmod:poss//3 ställning//NN|UTR|SIN|IND|NOM//nsubj//19 i//PP//case//8 förhållande//NN|NEU|SIN|IND|NOM//fixed//4 till//PP//fixed//4 andra//JJ|POS|UTR/NEU|PLU|IND/DEF|NOM//amod//8 länder//NN|NEU|PLU|IND|NOM//nmod//3 ,//MID//punct//15 både//KN//cc//15 när//HA//case//15 det//PN|NEU|SIN|DEF|SUB/OBJ//fixed//11 gäller//VB|PRS|AKT//fixed//11 ekonomiskt//JJ|POS|NEU|SIN|IND|NOM//amod//15 resultat//NN|NEU|SIN|IND|NOM//conj//3 och//KN//cc//17 ojämlikhet//NN|UTR|SIN|IND|NOM//conj//15 ,//MID//punct//3 beror//VB|PRS|AKT//ROOT//19 således//AB//advmod//19 på//PP//case//23 politikens//NN|UTR|SIN|DEF|GEN//nmod:poss//23 utformning//NN|UTR|SIN|IND|NOM//obl//19 .//MAD//punct//19
Sammanfattning;Flera//JJ|POS|UTR/NEU|PLU|IND|NOM//amod//26 faktorer//NN|UTR|PLU|IND|NOM//nsubj//27 ligger//VB|PRS|AKT//parataxis//19 bakom//PL//case//29 detta//PN|NEU|SIN|DEF|SUB/OBJ//obl//27 .//MAD//punct//27
Sammanfattning;En//PN|UTR|SIN|IND|SUB/OBJ//discourse//55 är//VB|PRS|AKT//cop//31 att//SN//mark//37 en//DT|UTR|SIN|IND//det//36 utökad//PC|PRF|UTR|SIN|IND|NOM//amod//36 välfärdsstat//NN|UTR|SIN|IND|NOM//nsubj//37 bygger//VB|PRS|AKT//csubj//31 på//PP//case//41 en//DT|UTR|SIN|IND//det//41 hög//JJ|POS|UTR|SIN|IND|NOM//amod//41 sysselsättningsgrad//NN|UTR|SIN|IND|NOM//obl//37 .//MAD//punct//31
Sammanfattning;Om//SN//mark//45 sysselsättningen//NN|UTR|SIN|DEF|NOM//nsubj//45 sjunker//VB|PRS|AKT//advcl//46 minskar//VB|PRS|AKT//parataxis//31 skatteintäkterna//NN|UTR|PLU|DEF|NOM//nsubj//46 och//KN//cc//52 de//DT|UTR/NEU|PLU|DEF//det//51 sociala//JJ|POS|UTR/NEU|PLU|IND/DEF|NOM//amod//51 utgifterna//NN|UTR|PLU|DEF|NOM//nsubj//52 ökar//VB|PRS|AKT//conj//46 .//MAD//punct//31
Sammanfattning;Därför//AB//advmod//55 har//VB|PRS|AKT//conj//19 modellen//NN|UTR|SIN|DEF|NOM//nsubj//55 ett//DT|NEU|SIN|IND//det//59 inbyggt//PC|PRF|NEU|SIN|IND|NOM//amod//59 krav//NN|NEU|SIN|IND|NOM//obj//55 på//PP//case//62 ett//DT|NEU|SIN|IND//det//62 sysselsättningsfokus//NN|NEU|SIN|IND|NOM//obl//55 .//MID//punct//55
Sammanfattning;Eftersom//SN//mark//67 det//PN|NEU|SIN|DEF|SUB/OBJ//nsubj//67 är//VB|PRS|AKT//cop//67 små//JJ|POS|UTR/NEU|PLU|IND/DEF|NOM//amod//70 och//KN//cc//69 öppna//JJ|POS|UTR/NEU|PLU|IND/DEF|NOM//conj//67 ekonomier//NN|NEU|PLU|IND|NOM//obj//55 har//VB|PRS|AKT//aux//80 den//DT|UTR|SIN|DEF//det//74 internationella//JJ|POS|UTR/NEU|SIN|DEF|NOM//amod//74 konkurrensen//NN|UTR|SIN|DEF|NOM//nsubj//80 också//AB//advmod//80 hela//JJ|POS|UTR/NEU|SIN|DEF|NOM//amod//77 tiden//NN|UTR|SIN|DEF|NOM//nsubj//80 varit//VB|SUP|AKT//cop//80 en//DT|UTR|SIN|IND//det//80 bakgrundsfaktor//NN|UTR|SIN|IND|NOM//obj//55 .//MAD//punct//55
Sammanfattning;Den//DT|UTR|SIN|DEF//det//2 nordiska//JJ|POS|UTR/NEU|SIN|DEF|NOM//amod//2 modellens//NN|UTR|SIN|DEF|GEN//nmod:poss//3 fall//NN|NEU|SIN|IND|NOM//nsubj//5 har//VB|PRS|AKT//aux//5 förutspåtts//VB|SUP|SFO//ROOT//5 många//JJ|POS|UTR/NEU|PLU|IND/DEF|NOM//amod//7 gånger//NN|UTR|PLU|IND|NOM//obl//5 .//MAD//punct//5
Sammanfattning;I//PP//case//10 likhet//NN|UTR|SIN|IND|NOM//obl//16 med//PP//case//13 Mark//PM|NOM//nmod//13 Twain//PM|NOM//nmod//10 kan//VB|PRS|AKT//aux//16 man//PN|UTR|SIN|IND|SUB//nsubj//16 säga//VB|INF|AKT//advcl//5 om//PP//case//20 den//DT|UTR|SIN|DEF//det//20 nordiska//JJ|POS|UTR/NEU|SIN|DEF|NOM//amod//20 välfärdsmodellen//NN|UTR|SIN|DEF|NOM//obl//16 att//SN//mark//28 ryktet//NN|NEU|SIN|DEF|NOM//nsubj//28 om//PP//case//25 dess//PS|UTR/NEU|SIN/PLU|DEF//nmod:poss//25 död//NN|UTR|SIN|IND|NOM//nmod//22 är//VB|PRS|AKT//cop//28 starkt//AB|POS//advmod//28 överdrivet//PC|PRF|NEU|SIN|IND|NOM//acl//20 .//MAD//punct//5
Sammanfattning;Den//DT|UTR|SIN|DEF//det//32 nordiska//JJ|POS|UTR/NEU|SIN|DEF|NOM//amod//32 modellen//NN|UTR|SIN|DEF|NOM//nsubj//35 är//VB|PRS|AKT//cop//35 inte//AB//advmod//35 befriad//PC|PRF|UTR|SIN|IND|NOM//parataxis//5 från//PP//case//37 kriser//NN|UTR|PLU|IND|NOM//obl//35 ,//MID//punct//45 och//KN//cc//45 djupa//JJ|POS|UTR/NEU|PLU|IND/DEF|NOM//amod//42 ekonomiska//JJ|POS|UTR/NEU|PLU|IND/DEF|NOM//amod//42 kriser//NN|UTR|PLU|IND|NOM//nsubj//45 är//VB|PRS|AKT//cop//45 en//DT|UTR|SIN|IND//det//45 del//NN|UTR|SIN|IND|NOM//conj//35 av//PP//case//50 de//DT|UTR/NEU|PLU|DEF//det//49 nordiska//JJ|POS|UTR/NEU|PLU|IND/DEF|NOM//amod//49 ländernas//NN|NEU|PLU|DEF|GEN//nmod:poss//50 historia//NN|UTR|SIN|IND|NOM//nmod//45 .//MAD//punct//45
Sammanfattning;Trots//PP//case//53 turbulensen//NN|UTR|SIN|DEF|NOM//obl//56 har//VB|PRS|AKT//aux//56 modellen//NN|UTR|SIN|DEF|NOM//nsubj//56 visat//VB|SUP|AKT//conj//5 sig//PN|UTR/NEU|SIN/PLU|DEF|OBJ//obj//56 vara//VB|INF|AKT//cop//59 motståndskraftig//JJ|POS|UTR|SIN|IND|NOM//xcomp//56 och//KN//cc//61 utmärker//VB|PRS|AKT//conj//56 sig//PN|UTR/NEU|SIN/PLU|DEF|OBJ//obj//61 i//PP//case//65 internationella//JJ|POS|UTR/NEU|PLU|IND/DEF|NOM//amod//65 jämförelser//NN|UTR|PLU|IND|NOM//obl//61 som//KN//case//68 ett//DT|NEU|SIN|IND//det//68 exempel//NN|NEU|SIN|IND|NOM//nmod//65 på//PP//mark//73 hur//HA//advmod//73 man//PN|UTR|SIN|IND|SUB//nsubj//73 kan//VB|PRS|AKT//aux//73 förena//VB|INF|AKT//acl//68 sociala//JJ|POS|UTR/NEU|PLU|IND/DEF|NOM//amod//75 mål//NN|NEU|PLU|IND|NOM//obj//73 med//PP//case//79 en//DT|UTR|SIN|IND//det//79 välfungerande//PC|PRS|UTR/NEU|SIN/PLU|IND/DEF|NOM//amod//79 ekonomi//NN|UTR|SIN|IND|NOM//obl//73 .//MID//punct//56
Sammanfattning;De//DT|UTR/NEU|PLU|DEF//det//83 nordiska//JJ|POS|UTR/NEU|PLU|IND/DEF|NOM//amod//83 länderna//NN|NEU|PLU|DEF|NOM//nsubj//84 ligger//VB|PRS|AKT//parataxis//56 i//PP//case//86 topp//NN|UTR|SIN|IND|NOM//obl//84 i//PP//case//91 de//DT|UTR/NEU|PLU|DEF//det//91 flesta//JJ|SUV|UTR/NEU|PLU|DEF|NOM//amod//91 internationella//JJ|POS|UTR/NEU|PLU|IND/DEF|NOM//amod//91 jämförelsetabeller//NN|UTR|PLU|IND|NOM//nmod//86 över//PP//case//94 länders//NN|NEU|PLU|IND|GEN//nmod:poss//94 resultat//NN|NEU|PLU|IND|NOM//nmod//91 .//MAD//punct//56
Sammanfattning;En//DT|UTR|SIN|IND//det//97 del//NN|UTR|SIN|IND|NOM//appos//56 i//PP//case//99 detta//PN|NEU|SIN|DEF|SUB/OBJ//nmod//97 är//VB|PRS|AKT//cop//97 att//SN//mark//107 det//PN|NEU|SIN|DEF|SUB/OBJ//expl//107 i//PP//case//104 institutioner//NN|UTR|PLU|IND|NOM//obl//107 och//KN//cc//106 politik//NN|UTR|SIN|IND|NOM//conj//104 finns//VB|PRS|SFO//csubj//97 ett//DT|NEU|SIN|IND//det//111 starkt//AB|POS//advmod//110 inrotat//PC|PRF|NEU|SIN|IND|NOM//amod//111 arv//NN|NEU|SIN|IND|NOM//nsubj//107 som//HP|-|-|-//nsubj//113 utgör//VB|PRS|AKT//acl:relcl//111 ett//DT|NEU|SIN|IND//det//118 socialt//JJ|POS|NEU|SIN|IND|NOM//amod//118 och//KN//cc//117 politiskt//JJ|POS|NEU|SIN|IND|NOM//conj//115 kapital//NN|NEU|SIN|IND|NOM//obj//113 som//HP|-|-|-//nsubj//121 också//AB//advmod//121 gör//VB|PRS|AKT//acl:relcl//118 det//PN|NEU|SIN|DEF|SUB/OBJ//obj//121 möjligt//JJ|POS|NEU|SIN|IND|NOM//xcomp//121 att//IE//mark//127 i//PP//case//126 tid//NN|UTR|SIN|IND|NOM//obl//127 genomföra//VB|INF|AKT//advcl//121 långtgående//JJ|POS|UTR/NEU|SIN/PLU|IND/DEF|NOM//amod//129 reformer//NN|UTR|PLU|IND|NOM//obj//127 för//PP//mark//132 att//IE//mark//132 säkerställa//VB|INF|AKT//advcl//127 modellens//NN|UTR|SIN|DEF|GEN//nmod:poss//134 fortlevnad//NN|UTR|SIN|IND|NOM//obj//132 .//MAD//punct//56
Sammanfattning;I//PP//case//2 ett//DT|NEU|SIN|IND//det//2 framtidsperspektiv//NN|NEU|SIN|IND|NOM//obl//4 är//VB|PRS|AKT//cop//4 några//PN|UTR/NEU|PLU|IND|SUB/OBJ//ROOT//4 av//PP//case//7 de//DT|UTR/NEU|PLU|DEF//det//7 trender//NN|UTR|PLU|IND|NOM//nmod//4 som//HP|-|-|-//nsubj:pass//10 behöver//VB|PRS|AKT//aux//10 hanteras//VB|INF|SFO//acl:relcl//7 åldrande//PC|PRS|UTR/NEU|SIN/PLU|IND/DEF|NOM//amod//12 befolkning//NN|UTR|SIN|IND|NOM//obj//10 ,//MID//punct//14 globalisering//NN|UTR|SIN|IND|NOM//conj//12 ,//MID//punct//16 efterfrågan//NN|UTR|SIN|IND|NOM//conj//12 och//KN//cc//18 utbud//NN|NEU|SIN|IND|NOM//conj//12 av//PP//case//21 offentliga//JJ|POS|UTR/NEU|PLU|IND/DEF|NOM//amod//21 tjänster//NN|UTR|PLU|IND|NOM//nmod//18 .//MID//punct//4
Sammanfattning;Dessa//DT|UTR/NEU|PLU|DEF//det//24 utmaningar//NN|UTR|PLU|IND|NOM//nsubj//28 är//VB|PRS|AKT//cop//28 i//PP//case//27 sig//PN|UTR/NEU|SIN/PLU|DEF|OBJ//obl//28 globala//JJ|POS|UTR/NEU|PLU|IND/DEF|NOM//parataxis//4 och//KN//cc//31 inte//AB//advmod//31 specifika//JJ|POS|UTR/NEU|PLU|IND/DEF|NOM//conj//28 för//PP//case//35 den//DT|UTR|SIN|DEF//det//35 nordiska//JJ|POS|UTR/NEU|SIN|DEF|NOM//amod//35 modellen//NN|UTR|SIN|DEF|NOM//obl//28 ,//MID//punct//28 och//KN//cc//40 vissa//JJ|POS|UTR/NEU|PLU|IND/DEF|NOM//amod//39 länder//NN|NEU|PLU|IND|NOM//nsubj//40 har//VB|PRS|AKT//conj//28 större//JJ|KOM|UTR/NEU|SIN/PLU|IND/DEF|NOM//amod//42 utmaningar//NN|UTR|PLU|IND|NOM//obj//40 än//KN//mark//45 t.ex.//AB|AN//advmod//45 Sverige//PM|NOM//acl//42 och//KN//cc//47 Danmark//PM|NOM//conj//45 ,//MID//punct//52 som//HP|-|-|-//nsubj//52 har//VB|PRS|AKT//aux//52 varit//VB|SUP|AKT//cop//52 ledande//PC|PRS|UTR/NEU|SIN/PLU|IND/DEF|NOM//acl:relcl//47 när//HA//mark//55 det//PN|NEU|SIN|DEF|SUB/OBJ//expl//55 gäller//VB|PRS|AKT//advcl//52 pensionsreformer//NN|UTR|PLU|IND|NOM//obj//55 .//MAD//punct//4
Sammanfattning;Utmaningen//NN|UTR|SIN|DEF|NOM//nmod//4 är//VB|PRS|AKT//cop//61 att//IE//mark//61 hitta//VB|INF|AKT//advcl//4 lösningar//NN|UTR|PLU|IND|NOM//obj//61 som//HP|-|-|-//nsubj//65 är//VB|PRS|AKT//cop//65 förenliga//JJ|POS|UTR/NEU|PLU|IND/DEF|NOM//acl:relcl//62 med//PP//case//67 målen//NN|NEU|PLU|DEF|NOM//obl//65 i//PP//case//71 den//DT|UTR|SIN|DEF//det//71 nordiska//JJ|POS|UTR/NEU|SIN|DEF|NOM//amod//71 modellen//NN|UTR|SIN|DEF|NOM//nmod//67 .//MAD//punct//4
Sammanfattning;Åldrandet//NN|NEU|SIN|DEF|NOM//nsubj//8 ,//MID//punct//0 till//PP//advmod//0 exempel//NN|NEU|SIN|IND|NOM//fixed//2 ,//MID//punct//0 är//VB|PRS|AKT//cop//8 en//DT|UTR|SIN|IND//det//8 universell//JJ|POS|UTR|SIN|IND|NOM//amod//8 utmaning//NN|UTR|SIN|IND|NOM//nsubj//19 ,//MID//punct//8 och//KN//cc//11 förändringar//NN|UTR|PLU|IND|NOM//conj//8 i//PP//case//13 pensionssystemen//NN|NEU|PLU|DEF|NOM//nmod//11 (//PAD//punct//11 inklusive//PP//case//16 pensionsåldern//NN|UTR|SIN|DEF|NOM//nmod//11 )//PAD//punct//8 är//VB|PRS|AKT//cop//19 oundvikliga//JJ|POS|UTR/NEU|PLU|IND/DEF|NOM//advcl//25 .//MAD//punct//19
Sammanfattning;Anledning//NN|UTR|SIN|IND|NOM//parataxis//19 är//VB|PRS|AKT//cop//25 den//DT|UTR|SIN|DEF//det//25 ökande//PC|PRS|UTR/NEU|SIN/PLU|IND/DEF|NOM//amod//25 livslängden//NN|UTR|SIN|DEF|NOM//nsubj:pass//58 ,//MID//punct//32 vilket//HP|NEU|SIN|IND//nsubj:pass//32 i//PP//case//29 sig//PN|UTR/NEU|SIN/PLU|DEF|OBJ//obl//32 inte//AB//advmod//32 ska//VB|PRS|AKT//aux//32 ses//VB|INF|SFO//acl:relcl//25 som//KN//case//35 ett//DT|NEU|SIN|IND//det//35 problem//NN|NEU|SIN|IND|NOM//xcomp//32 utan//PP//case//37 välfärdsökande//NN|NEU|SIN|IND|NOM//nmod//35 .//MAD//punct//25
Sammanfattning;Om//SN//mark//42 pensionsåldern//NN|UTR|SIN|DEF|NOM//nsubj//42 skulle//VB|PRT|AKT//aux//42 öka//VB|INF|AKT//advcl//58 i//PP//case//44 takt//NN|UTR|SIN|IND|NOM//obl//42 med//PP//case//46 livslängen//NN|UTR|SIN|DEF|NOM//nmod//44 skulle//VB|PRT|AKT//aux//58 balansen//NN|UTR|SIN|DEF|NOM//nsubj//47 mellan//PP//case//50 åren//NN|NEU|PLU|DEF|NOM//nmod//48 som//KN//mark//52 förmånstagare//NN|UTR|PLU|IND|NOM//nsubj:pass//58 respektive//AB//cc//54 bidragande//PC|PRS|UTR/NEU|SIN/PLU|IND/DEF|NOM//conj//52 till//PP//case//56 välfärdsstaten//NN|UTR|SIN|DEF|NOM//nmod//54 kunna//VB|INF|AKT//aux//58 upprätthållas//VB|INF|SFO//ROOT//58 .//MAD//punct//58
Sammanfattning;Reformer//NN|UTR|PLU|IND|NOM//nsubj:pass//77 som//HP|-|-|-//nsubj//62 syftar//VB|PRS|AKT//acl:relcl//60 till//PP//mark//65 att//IE//mark//65 bibehålla//VB|INF|AKT//advcl//62 det//DT|NEU|SIN|DEF//det//68 sociala//JJ|POS|UTR/NEU|SIN|DEF|NOM//amod//68 kontraktet//NN|NEU|SIN|DEF|NOM//obj//65 över//PP//case//70 generationer//NN|UTR|PLU|IND|NOM//nmod//68 kan//VB|PRS|AKT//aux//77 inte//AB//advmod//77 på//PP//case//76 något//DT|NEU|SIN|IND//det//76 meningsfullt//JJ|POS|NEU|SIN|IND|NOM//amod//76 sätt//NN|NEU|SIN|IND|NOM//obl//77 kategoriseras//VB|PRS|SFO//parataxis//58 som//KN//mark//79 nedskärningar//NN|UTR|PLU|IND|NOM//obl//77 av//PP//case//81 välfärdsstaten//NN|UTR|SIN|DEF|NOM//nmod//79 .//MAD//punct//77
Sammanfattning;Även//AB//mark//88 om//SN//fixed//83 en//DT|UTR|SIN|IND//det//87 ökande//PC|PRS|UTR/NEU|SIN/PLU|IND/DEF|NOM//amod//87 livslängd//NN|UTR|SIN|IND|NOM//nsubj//88 består//VB|PRS|AKT//advcl//77 av//PP//case//91 fler//JJ|POS|UTR/NEU|PLU|IND|NOM//amod//91 år//NN|NEU|PLU|IND|NOM//obl//88 med//PP//case//94 god//JJ|POS|UTR|SIN|IND|NOM//amod//94 hälsa//NN|UTR|SIN|IND|NOM//obl//88 ,//MID//punct//96 innebär//VB|PRS|AKT//conj//58 den//DT|UTR|SIN|DEF//det//100 förändrade//PC|PRF|UTR/NEU|SIN|DEF|NOM//amod//100 demografiska//JJ|POS|UTR/NEU|SIN|DEF|NOM//amod//100 strukturen//NN|UTR|SIN|DEF|NOM//obj//96 att//SN//mark//103 det//PN|NEU|SIN|DEF|SUB/OBJ//expl//103 ställs//VB|PRS|SFO//acl//100 nya//JJ|POS|UTR/NEU|PLU|IND/DEF|NOM//amod//105 krav//NN|NEU|PLU|IND|NOM//obj//103 på//PP//case//107 sjuk-//NN|UTR|SIN|IND|NOM//obl//103 och//KN//cc//109 äldrevården//NN|UTR|SIN|DEF|NOM//conj//107 ,//MID//punct//111 två//RG|NOM//conj//107 av//PP//case//115 välfärdsstatens//NN|UTR|SIN|DEF|GEN//nmod:poss//115 viktigaste//JJ|SUV|UTR/NEU|SIN/PLU|DEF|NOM//amod//115 områden//NN|NEU|PLU|IND|NOM//nmod//111 .//MAD//punct//58
Sammanfattning;Åldrandet//NN|NEU|SIN|DEF|NOM//nsubj//118 innebär//VB|PRS|AKT//parataxis//58 ett//DT|NEU|SIN|IND//det//120 tryck//NN|NEU|SIN|IND|NOM//obj//118 uppåt//AB//advmod//118 på//PP//case//125 de//DT|UTR/NEU|PLU|DEF//det//125 passiva//JJ|POS|UTR/NEU|PLU|IND/DEF|NOM//amod//125 utgifterna//NN|UTR|PLU|DEF|NOM//obl//118 ,//MID//punct//129 vilket//HP|NEU|SIN|IND//nsubj//129 kan//VB|PRS|AKT//aux//129 leda//VB|INF|AKT//advcl//118 till//PP//case//131 neddragningar//NN|UTR|PLU|IND|NOM//obl//129 i//PP//case//135 de//DT|UTR/NEU|PLU|DEF//det//135 aktiva//JJ|POS|UTR/NEU|PLU|IND/DEF|NOM//amod//135 utgifterna//NN|UTR|PLU|DEF|NOM//nmod//131 .//MAD//punct//118
Sammanfattning;Givet//PC|PRF|NEU|SIN|IND|NOM//parataxis//118 en//DT|UTR|SIN|IND//det//140 bindande//PC|PRS|UTR/NEU|SIN/PLU|IND/DEF|NOM//amod//140 budgetrestriktion//NN|UTR|SIN|IND|NOM//obj//137 och//KN//cc//144 ökade//VB|PRT|AKT//amod//144 passiva//JJ|POS|UTR/NEU|PLU|IND/DEF|NOM//amod//144 utgifter//NN|UTR|PLU|IND|NOM//conj//140 måste//VB|PRS|AKT//aux//148 medvetna//JJ|POS|UTR/NEU|PLU|IND/DEF|NOM//amod//147 prioriteringar//NN|UTR|PLU|IND|NOM//nsubj:pass//148 göras//VB|INF|SFO//conj//118 i//PP//case//150 framtiden//NN|UTR|SIN|DEF|NOM//obl//148 .//MAD//punct//118
Sammanfattning;I//PP//case//154 detta//DT|NEU|SIN|DEF//det//154 sammanhang//NN|NEU|SIN|IND|NOM//obl//157 är//VB|PRS|AKT//cop//157 det//PN|NEU|SIN|DEF|SUB/OBJ//expl//157 viktigt//JJ|POS|NEU|SIN|IND|NOM//parataxis//118 att//IE//mark//159 klargöra//VB|INF|AKT//csubj//157 vilka//HD|UTR/NEU|PLU|IND//det//162 offentliga//JJ|POS|UTR/NEU|PLU|IND/DEF|NOM//amod//162 utgifter//NN|UTR|PLU|IND|NOM//obj//159 och//KN//cc//164 verksamheter//NN|UTR|PLU|IND|NOM//conj//162 som//HP|-|-|-//nsubj//166 främjar//VB|PRS|AKT//acl:relcl//162 produktivitet//NN|UTR|SIN|IND|NOM//obj//166 ,//MID//punct//169 sysselsättning//NN|UTR|SIN|IND|NOM//conj//167 och//KN//cc//171 konkurrenskraft//NN|UTR|SIN|IND|NOM//conj//167 i//PP//case//175 den//DT|UTR|SIN|DEF//det//175 privata//JJ|POS|UTR/NEU|SIN|DEF|NOM//amod//175 sektorn//NN|UTR|SIN|DEF|NOM//nmod//171 .//MAD//punct//118
Sammanfattning;Det//PN|NEU|SIN|DEF|SUB/OBJ//nsubj//178 innebär//VB|PRS|AKT//parataxis//118 också//AB//advmod//178 att//SN//mark//186 finansieringen//NN|UTR|SIN|DEF|NOM//nsubj//186 av//PP//case//185 den//DT|UTR|SIN|DEF//det//185 offentliga//JJ|POS|UTR/NEU|SIN|DEF|NOM//amod//185 sektorn//NN|UTR|SIN|DEF|NOM//nmod//181 kommer//VB|PRS|AKT//ccomp//178 under//PP//case//188 luppen//NN|UTR|SIN|DEF|NOM//obl//186 .//MAD//punct//178
Sammanfattning;Finns//VB|PRS|SFO//cc//202 det//PN|NEU|SIN|DEF|SUB/OBJ//expl//190 möjligheter//NN|UTR|PLU|IND|NOM//nsubj//190 att//IE//mark//194 minska//VB|INF|AKT//acl//192 de//DT|UTR/NEU|PLU|DEF//det//197 snedvridande//PC|PRS|UTR/NEU|SIN/PLU|IND/DEF|NOM//amod//197 incitamenten//NN|NEU|PLU|DEF|NOM//obj//194 som//KN//case//199 finansiering//NN|UTR|SIN|IND|NOM//obl//194 genom//PP//case//201 skatter//NN|UTR|PLU|IND|NOM//nmod//199 innebär//VB|PRS|AKT//conj//178 och//KN//cc//204 finns//VB|PRS|SFO//conj//202 det//PN|NEU|SIN|DEF|SUB/OBJ//det//207 alternativa//JJ|POS|UTR/NEU|PLU|IND/DEF|NOM//amod//207 finansieringskällor//NN|UTR|PLU|IND|NOM//nsubj//204 ?//MAD//punct//178
Sammanfattning;Globaliseringen//NN|UTR|SIN|DEF|NOM//nsubj//5 är//VB|PRS|AKT//cop//5 inte//AB//advmod//5 något//DT|NEU|SIN|IND//det//5 nytt//JJ|POS|NEU|SIN|IND|NOM//amod//5 fenomen//NN|NEU|SIN|IND|NOM//nsubj//19 för//PP//case//9 de//DT|UTR/NEU|PLU|DEF//det//9 nordiska//JJ|POS|UTR/NEU|PLU|IND/DEF|NOM//amod//9 länderna//NN|NEU|PLU|DEF|NOM//nmod//5 och//KN//cc//11 kravet//NN|NEU|SIN|DEF|NOM//conj//9 på//PP//mark//14 att//IE//mark//14 fortsätta//VB|INF|AKT//acl//11 vara//VB|INF|AKT//cop//16 konkurrenskraftiga//JJ|POS|UTR/NEU|PLU|IND/DEF|NOM//xcomp//14 är//VB|PRS|AKT//cop//19 djupt//AB|POS//advmod//19 rotat//PC|PRF|NEU|SIN|IND|NOM//ROOT//19 i//PP//case//21 politiken//NN|UTR|SIN|DEF|NOM//obl//19 .//MAD//punct//19
Sammanfattning;Den//PN|UTR|SIN|DEF|SUB/OBJ//nsubj//24 innebär//VB|PRS|AKT//parataxis//19 dock//AB//advmod//24 kontinuerliga//JJ|POS|UTR/NEU|PLU|IND/DEF|NOM//amod//27 utmaningar//NN|UTR|PLU|IND|NOM//obj//24 .//MAD//punct//24
Sammanfattning;Globaliseringen//NN|UTR|SIN|DEF|NOM//nsubj//1 tenderar//VB|PRS|AKT//ROOT//1 att//IE//mark//8 tillsammans//AB//advmod//7 med//PP//case//7 de//DT|UTR/NEU|PLU|DEF//det//7 tekniska//JJ|POS|UTR/NEU|PLU|IND/DEF|NOM//amod//7 framstegen//NN|NEU|PLU|DEF|NOM//obl//8 öka//VB|INF|AKT//ccomp//1 lönespridningen//NN|UTR|SIN|DEF|NOM//obj//8 och//KN//cc//12 därmed//AB//advmod//12 skapa//VB|INF|AKT//conj//8 större//JJ|KOM|UTR/NEU|SIN/PLU|IND/DEF|NOM//amod//14 ojämlikhet//NN|UTR|SIN|IND|NOM//obj//12 .//MAD//punct//8
Sammanfattning;Ett//DT|NEU|SIN|IND//det//18 viktigt//JJ|POS|NEU|SIN|IND|NOM//amod//18 skäl//NN|NEU|SIN|IND|NOM//nsubj//22 är//VB|PRS|AKT//cop//22 den//DT|UTR|SIN|DEF//det//22 ökande//PC|PRS|UTR/NEU|SIN/PLU|IND/DEF|NOM//amod//22 efterfrågan//NN|UTR|SIN|DEF|NOM//conj//8 på//PP//case//24 kompetens//NN|UTR|SIN|IND|NOM//nmod//22 .//MAD//punct//1
Sammanfattning;Ett//DT|NEU|SIN|IND//det//27 sätt//NN|NEU|SIN|IND|NOM//nsubj//37 att//IE//mark//29 motverka//VB|INF|AKT//acl//27 denna//DT|UTR|SIN|DEF//det//31 trend//NN|UTR|SIN|IND|NOM//obj//29 skulle//VB|PRT|AKT//aux//37 kunna//VB|INF|AKT//aux//37 vara//VB|INF|AKT//cop//37 en//DT|UTR|SIN|IND//det//37 passiv//JJ|POS|UTR|SIN|IND|NOM//amod//37 omfördelning//NN|UTR|SIN|IND|NOM//obl//1 ,//MID//punct//54 men//KN//cc//54 trycket//NN|NEU|SIN|DEF|NOM//nsubj//54 på//PP//case//44 de//DT|UTR/NEU|PLU|DEF//det//44 offentliga//JJ|POS|UTR/NEU|PLU|IND/DEF|NOM//amod//44 finanserna//NN|UTR|PLU|DEF|NOM//nmod//40 och//KN//cc//49 de//DT|UTR/NEU|PLU|DEF//det//47 möjliga//JJ|POS|UTR/NEU|PLU|IND/DEF|NOM//amod//49 snedvridande//PC|PRS|UTR/NEU|SIN/PLU|IND/DEF|NOM//amod//49 effekterna//NN|UTR|PLU|DEF|NOM//conj//40 av//PP//case//53 en//DT|UTR|SIN|IND//det//53 sådan//JJ|POS|UTR|SIN|IND|NOM//amod//53 åtgärd//NN|UTR|SIN|IND|NOM//nmod//49 gör//VB|PRS|AKT//conj//1 detta//PN|NEU|SIN|DEF|SUB/OBJ//obj//54 till//PP//case//60 en//DT|UTR|SIN|IND//det//60 mindre//AB|KOM//advmod//59 lockande//PC|PRS|UTR/NEU|SIN/PLU|IND/DEF|NOM//amod//60 lösning//NN|UTR|SIN|IND|NOM//obl//54 .//MAD//punct//54
Sammanfattning;Vid//PP//case//64 aktiva//JJ|POS|UTR/NEU|PLU|IND/DEF|NOM//amod//64 åtgärder//NN|UTR|PLU|IND|NOM//obl//54 för//PP//mark//67 att//IE//mark//67 förbättra//VB|INF|AKT//acl//64 utbildningen//NN|UTR|SIN|DEF|NOM//obj//67 ,//MID//punct//54 både//KN//cc//80 dess//PS|UTR/NEU|SIN/PLU|DEF//nmod:poss//72 kvalitet//NN|UTR|SIN|IND|NOM//nsubj//80 och//KN//cc//75 dess//PS|UTR/NEU|SIN/PLU|DEF//nmod:poss//75 kvantitet//NN|UTR|SIN|IND|NOM//conj//72 ,//MID//punct//80 är//VB|PRS|AKT//cop//80 perspektivet//NN|NEU|SIN|DEF|NOM//nsubj//80 ett//DT|NEU|SIN|IND//det//80 annat//JJ|POS|NEU|SIN|IND|NOM//conj//54 .//MAD//punct//80
Sammanfattning;Åtgärder//NN|UTR|PLU|IND|NOM//nsubj//101 för//PP//mark//85 att//IE//mark//85 minska//VB|INF|AKT//acl//82 den//DT|UTR|SIN|DEF//det//91 ”//PAD//punct//88 återstående//PC|PRS|UTR/NEU|SIN/PLU|IND/DEF|NOM//amod//91 ”//PAD//punct//88 gruppen//NN|UTR|SIN|DEF|NOM//nmod//91 människor//NN|UTR|PLU|IND|NOM//obj//85 som//HP|-|-|-//nsubj//93 saknar//VB|PRS|AKT//acl:relcl//91 arbetsmarknadsinriktad//PC|PRF|UTR|SIN|IND|NOM//amod//95 utbildning//NN|UTR|SIN|IND|NOM//obj//93 kan//VB|PRS|AKT//aux//101 vara//VB|INF|AKT//cop//101 den//DT|UTR|SIN|DEF//det//101 allra//AB//advmod//100 viktigaste//JJ|SUV|UTR/NEU|SIN/PLU|DEF|NOM//amod//101 faktorn//NN|UTR|SIN|DEF|NOM//obj//54 för//PP//mark//104 att//IE//mark//104 öka//VB|INF|AKT//acl//101 sysselsättningen//NN|UTR|SIN|DEF|NOM//obj//104 och//KN//cc//107 säkerställa//VB|INF|AKT//conj//104 en//DT|UTR|SIN|IND//det//111 mer//AB|KOM//advmod//110 jämlik//JJ|POS|UTR|SIN|IND|NOM//amod//111 inkomstfördelning//NN|UTR|SIN|IND|NOM//obj//107 .//MAD//punct//101
Sammanfattning;Migration//PM|NOM//appos//101 –//RG|NOM//punct//117 inklusive//PP//case//117 migrerande//PC|PRS|UTR/NEU|SIN/PLU|IND/DEF|NOM//amod//117 arbetstagare//NN|UTR|PLU|IND|NOM//conj//113 –//RG|NOM//punct//123 är//VB|PRS|AKT//cop//123 en//DT|UTR|SIN|IND//det//123 annan//JJ|POS|UTR|SIN|IND|NOM//amod//123 viktig//JJ|POS|UTR|SIN|IND|NOM//amod//123 aspekt//NN|UTR|SIN|IND|NOM//conj//113 av//PP//case//125 globaliseringen//NN|UTR|SIN|DEF|NOM//nmod//123 .//MAD//punct//127
Sammanfattning;Migration//PM|NOM//nsubj//129 kan//VB|PRS|AKT//aux//129 leda//VB|INF|AKT//conj//1 till//PP//mark//133 att//SN//mark//133 urvalsmekanismer//NN|UTR|PLU|IND|NOM//nsubj:pass//133 införs//VB|PRS|SFO//advcl//129 i//PP//case//139 det//DT|NEU|SIN|DEF//det//139 implicita//JJ|POS|UTR/NEU|SIN|DEF|NOM//amod//139 eller//KN//cc//138 sociala//JJ|POS|UTR/NEU|SIN|DEF|NOM//conj//136 kontrakt//NN|NEU|PLU|IND|NOM//obl//133 som//HP|-|-|-//obj//142 välfärdsstaten//NN|UTR|SIN|DEF|NOM//nsubj//142 vilar//VB|PRS|AKT//acl:relcl//139 på//PP//mark//146 om//SN//mark//146 invandrare//NN|UTR|PLU|IND|NOM//nsubj//146 tenderar//VB|PRS|AKT//advcl//142 att//IE//mark//148 dra//VB|INF|AKT//xcomp//146 nytta//NN|UTR|SIN|IND|NOM//obj//148 av//PP//case//151 systemet//NN|NEU|SIN|DEF|NOM//obl//148 och//KN//cc//153 utvandrare//NN|UTR|PLU|IND|NOM//conj//151 tenderar//VB|PRS|AKT//conj//129 att//IE//mark//157 vara//VB|INF|AKT//cop//157 nettogivare//NN|UTR|PLU|IND|NOM//xcomp//154 .//MAD//punct//129
Sammanfattning;De//DT|UTR/NEU|PLU|DEF//det//161 empiriska//JJ|POS|UTR/NEU|PLU|IND/DEF|NOM//amod//161 resultaten//NN|NEU|PLU|DEF|NOM//nsubj//167 om//PP//case//165 direkt//AB|POS//advmod//164 välfärdsdriven//PC|PRF|UTR|SIN|IND|NOM//amod//165 migration//NN|UTR|SIN|IND|NOM//nsubj//167 är//VB|PRS|AKT//cop//167 knappa//JJ|POS|UTR/NEU|PLU|IND/DEF|NOM//parataxis//129 .//MAD//punct//167
Sammanfattning;Oavsett//PP//mark//173 vilka//HD|UTR/NEU|PLU|IND//det//171 motiv//NN|NEU|PLU|IND|NOM//dislocated//173 som//HP|-|-|-//nsubj//173 ligger//VB|PRS|AKT//advcl//186 bakom//PL//case//175 invandringen//NN|UTR|SIN|DEF|NOM//obl//173 skulle//VB|PRT|AKT//aux//186 en//DT|UTR|SIN|IND//det//179 stor//JJ|POS|UTR|SIN|IND|NOM//amod//179 tillströmning//NN|UTR|SIN|IND|NOM//nsubj//186 av//PP//case//181 personer//NN|UTR|PLU|IND|NOM//nmod//179 med//PP//case//184 låg//JJ|POS|UTR|SIN|IND|NOM//amod//184 kompetens//NN|UTR|SIN|IND|NOM//nmod//181 dock//AB//advmod//186 utgöra//VB|INF|AKT//conj//167 en//DT|UTR|SIN|IND//det//188 påfrestning//NN|UTR|SIN|IND|NOM//obj//186 för//PP//case//190 modellen//NN|UTR|SIN|DEF|NOM//nmod//188 genom//PP//mark//194 att//IE//mark//194 antingen//KN//cc//194 utmana//VB|INF|AKT//advcl//186 omfördelningsmålen//NN|UTR|SIN|DEF|NOM//obj//194 eller//KN//cc//197 möjligheten//NN|UTR|SIN|DEF|NOM//conj//195 att//IE//mark//199 upprätthålla//VB|INF|AKT//advcl//194 en//DT|UTR|SIN|IND//det//202 hög//JJ|POS|UTR|SIN|IND|NOM//amod//202 sysselsättning//NN|UTR|SIN|IND|NOM//obj//199 .//MAD//punct//1
Sammanfattning;Slutligen//AB//advmod//2 är//VB|PRS|AKT//cop//2 behoven//NN|NEU|PLU|DEF|NOM//nsubj//9 av//PL//case//2 och//KN//cc//5 kraven//NN|NEU|PLU|DEF|NOM//conj//2 på//PP//case//7 välfärdsstaten//NN|UTR|SIN|DEF|NOM//nmod//5 inte//AB//advmod//9 statiska//JJ|POS|UTR/NEU|PLU|IND/DEF|NOM//ROOT//9 .//MAD//punct//9
Sammanfattning;Detta//PN|NEU|SIN|DEF|SUB/OBJ//nsubj//12 gäller//VB|PRS|AKT//parataxis//9 inte//AB//advmod//12 bara//AB//advmod//12 förändringarna//NN|UTR|PLU|DEF|NOM//obj//12 på//PP//case//17 arbetsmarknaden//NN|UTR|SIN|DEF|NOM//nmod//15 utan//KN//cc//20 även//AB//advmod//20 tillhandahållandet//NN|NEU|SIN|DEF|NOM//conj//12 av//PP//case//22 tjänster//NN|UTR|PLU|IND|NOM//nmod//20 .//MAD//punct//12
Sammanfattning;Målet//NN|NEU|SIN|DEF|NOM//nsubj//47 är//VB|PRS|AKT//cop//24 att//IE//mark//27 tillhandahålla//VB|INF|AKT//csubj//24 välfärdstjänster//NN|UTR|PLU|IND|NOM//obj//27 av//PP//case//31 modern//JJ|POS|UTR|SIN|IND|NOM//amod//31 standard//NN|UTR|SIN|IND|NOM//nmod//28 som//HP|-|-|-//nsubj//33 tillgodoser//VB|PRS|AKT//acl:relcl//28 de//DT|UTR/NEU|PLU|DEF//det//36 flesta//JJ|SUV|UTR/NEU|PLU|DEF|NOM//amod//36 människors//NN|UTR|PLU|IND|GEN//nmod:poss//37 behov//NN|NEU|PLU|IND|NOM//obj//33 .//MAD//punct//24
Sammanfattning;Vid//PP//case//42 sidan//NN|UTR|SIN|DEF|NOM//fixed//39 av//PP//fixed//39 samhällsutvecklingen//NN|UTR|SIN|DEF|NOM//obl//47 är//VB|PRS|AKT//cop//47 detta//PN|NEU|SIN|DEF|SUB/OBJ//nsubj//47 ett//DT|NEU|SIN|IND//det//47 rörligt//JJ|POS|NEU|SIN|IND|NOM//amod//47 mål//NN|NEU|SIN|IND|NOM//parataxis//9 ,//MID//punct//47 vilket//HP|NEU|SIN|IND//nsubj//50 märks//VB|PRS|SFO//acl:relcl//47 mest//AB|SUV//advmod//50 på//PP//case//55 de//DT|UTR/NEU|PLU|DEF//det//55 kontinuerliga//JJ|POS|UTR/NEU|PLU|IND/DEF|NOM//amod//55 förbättringarna//NN|UTR|PLU|DEF|NOM//obl//50 inom//PP//case//57 livsvetenskaperna//NN|UTR|PLU|DEF|NOM//nmod//55 ,//MID//punct//57 som//HP|-|-|-//nsubj//61 uppenbarligen//AB//advmod//61 har//VB|PRS|AKT//acl:relcl//57 stora//JJ|POS|UTR/NEU|PLU|IND/DEF|NOM//amod//63 välfärdseffekter//NN|UTR|PLU|IND|NOM//obj//61 men//KN//cc//67 som//HP|-|-|-//nsubj//67 även//AB//advmod//67 tenderar//VB|PRS|AKT//conj//47 att//IE//mark//69 öka//VB|INF|AKT//xcomp//67 utgifterna//NN|UTR|PLU|DEF|NOM//obj//69 för//PP//case//72 hälso-//NN|UTR|-|-|SMS//nmod//70 och//KN//cc//74 sjukvård//NN|UTR|SIN|IND|NOM//conj//72 och//KN//cc//77 därmed//AB//advmod//77 utgör//VB|PRS|AKT//conj//69 påfrestningar//NN|UTR|PLU|IND|NOM//obj//77 på//PP//case//82 de//DT|UTR/NEU|PLU|DEF//det//82 offentliga//JJ|POS|UTR/NEU|PLU|IND/DEF|NOM//amod//82 finanserna//NN|UTR|PLU|DEF|NOM//obl//77 .//MAD//punct//47
Sammanfattning;Samtidigt//AB//advmod//88 kan//VB|PRS|AKT//aux//88 det//PN|NEU|SIN|DEF|SUB/OBJ//expl//88 vara//VB|INF|AKT//cop//88 svårt//JJ|POS|NEU|SIN|IND|NOM//conj//9 att//IE//mark//90 öka//VB|INF|AKT//csubj//88 produktiviteten//NN|UTR|SIN|DEF|NOM//obj//90 för//PP//case//95 vissa//JJ|POS|UTR/NEU|PLU|IND/DEF|NOM//amod//95 personalintensiva//JJ|POS|UTR/NEU|PLU|IND/DEF|NOM//amod//95 tjänster//NN|UTR|PLU|IND|NOM//obl//90 ,//MID//punct//95 t.ex.//AB|AN//advmod//98 omsorg//NN|UTR|SIN|IND|NOM//appos//95 ,//MID//punct//88 och//KN//cc//102 de//PN|UTR/NEU|PLU|DEF|SUB//nsubj//102 tenderar//VB|PRS|AKT//conj//88 därmed//AB//advmod//102 att//IE//mark//105 bli//VB|INF|AKT//advcl//102 dyrare//JJ|KOM|UTR/NEU|SIN/PLU|IND/DEF|NOM//advmod//107 relativt//AB|POS//advmod//108 sett//PC|PRF|NEU|SIN|IND|NOM//xcomp//105 .//MAD//punct//9
Sammanfattning;Denna//DT|UTR|SIN|DEF//det//111 utveckling//NN|UTR|SIN|IND|NOM//nsubj//112 tyder//VB|PRS|AKT//parataxis//9 på//PP//mark//119 att//SN//mark//119 vi//PN|UTR|PLU|DEF|SUB//nsubj//119 kommer//VB|PRS|AKT//aux//119 att//IE//mark//119 få//VB|INF|AKT//aux//119 se//VB|INF|AKT//advcl//112 en//DT|UTR|SIN|IND//det//122 fortsatt//PC|PRF|UTR|SIN|IND|NOM//amod//122 debatt//NN|UTR|SIN|IND|NOM//obj//119 om//PP//mark//127 hur//HA//advmod//127 man//PN|UTR|SIN|IND|SUB//nsubj//127 ska//VB|PRS|AKT//aux//127 finansiera//VB|INF|AKT//acl//122 och//KN//cc//129 producera//VB|INF|AKT//conj//127 tjänster//NN|UTR|PLU|IND|NOM//obj//129 ,//MID//punct//132 däribland//AB//conj//130 om//PP//mark//137 hur//HA//advmod//137 man//PN|UTR|SIN|IND|SUB//nsubj//137 kan//VB|PRS|AKT//aux//137 göra//VB|INF|AKT//acl//132 den//DT|UTR|SIN|DEF//det//140 offentliga//JJ|POS|UTR/NEU|SIN|DEF|NOM//amod//140 sektorn//NN|UTR|SIN|DEF|NOM//obj//137 mer//AB|KOM//advmod//142 produktiv//JJ|POS|UTR|SIN|IND|NOM//xcomp//137 och//KN//cc//144 effektiv//JJ|POS|UTR|SIN|IND|NOM//conj//142 .//MAD//punct//9

