Vår uppgift;Utredningen//NN|UTR|SIN|DEF|NOM//nsubj//2 har//VB|PRS|AKT//aux//2 haft//VB|SUP|AKT//ROOT//2 i//PP//compound:prt//2 uppdrag//NN|NEU|SIN|IND|NOM//fixed//3 att//IE//mark//6 följa//VB|INF|AKT//advcl//2 det//DT|NEU|SIN|DEF//det//9 pågående//PC|PRS|UTR/NEU|SIN/PLU|IND/DEF|NOM//amod//9 arbetet//NN|NEU|SIN|DEF|NOM//obj//6 inom//PP//case//11 EU//PM|NOM//obl//6 med//PP//mark//14 att//IE//mark//14 utforma//VB|INF|AKT//advcl//6 gemensamma//JJ|POS|UTR/NEU|PLU|IND/DEF|NOM//amod//16 regler//NN|UTR|PLU|IND|NOM//obj//14 för//PP//case//20 den//DT|UTR|SIN|DEF//det//20 inre//JJ|KOM|UTR/NEU|SIN/PLU|IND/DEF|NOM//amod//20 marknaden//NN|UTR|SIN|DEF|NOM//obl//14 för//PP//advmod//14 el//NN|UTR|SIN|IND|NOM//advmod//14 och//KN//cc//24 naturgas//NN|UTR|SIN|IND|NOM//conj//22 och//KN//cc//26 lämna//VB|INF|AKT//conj//14 förslag//NN|NEU|SIN|IND|NOM//obj//26 till//PP//case//29 lagstiftning//NN|UTR|SIN|IND|NOM//nmod//27 och//KN//cc//31 regelverk//NN|NEU|SIN|IND|NOM//conj//29 i//PP//advmod//26 övrigt//JJ|POS|NEU|SIN|IND|NOM//fixed//32 som//HP|-|-|-//nsubj:pass//35 krävs//VB|PRS|SFO//advcl//26 för//PP//mark//38 att//IE//mark//38 genomföra//VB|INF|AKT//advcl//35 Europeiska//JJ|POS|UTR/NEU|SIN|DEF|NOM//amod//40 gemenskapens//NN|UTR|SIN|DEF|GEN//nmod:poss//42 reviderade//PC|PRF|UTR/NEU|PLU|IND/DEF|NOM//amod//42 el-//AB|SMS//obj//38 och//KN//cc//44 naturgasmarknadsdirektiv//NN|NEU|PLU|IND|NOM//conj//42 samt//KN//cc//46 överväga//VB|INF|AKT//conj//38 och//KN//cc//51 i//PP//case//50 förekommande//PC|PRS|UTR/NEU|SIN/PLU|IND/DEF|NOM//amod//50 fall//NN|NEU|PLU|IND|NOM//obl//51 lämna//VB|INF|AKT//conj//38 förslag//NN|NEU|SIN|IND|NOM//obj//51 till//PP//case//54 ändringar//NN|UTR|PLU|IND|NOM//nmod//52 som//HP|-|-|-//nsubj:pass//56 föranleds//VB|PRS|SFO//acl:relcl//54 av//PP//case//58 förordningen//NN|UTR|SIN|DEF|NOM//obl//56 om//PP//case//61 gränsöverskridande//PC|PRS|UTR/NEU|SIN/PLU|IND/DEF|NOM//amod//61 handel//NN|UTR|SIN|IND|NOM//nmod//58 med//PP//case//65 el.//KN|AN//fixed//62 I//PP//case//65 uppdraget//NN|NEU|SIN|DEF|NOM//nmod//61 ingår//VB|PRS|AKT//conj//2 också//AB//advmod//66 att//IE//mark//69 göra//VB|INF|AKT//xcomp//66 en//DT|UTR|SIN|IND//det//72 kompletterande//PC|PRS|UTR/NEU|SIN/PLU|IND/DEF|NOM//amod//72 analys//NN|UTR|SIN|IND|NOM//obj//69 av//PP//case//74 frågan//NN|UTR|SIN|DEF|NOM//nmod//72 om//PP//case//76 skärpning//NN|UTR|SIN|IND|NOM//nmod//74 av//PP//case//78 kravet//NN|NEU|SIN|DEF|NOM//nmod//76 på//PP//case//80 åtskillnad//NN|UTR|SIN|IND|NOM//nmod//78 mellan//PP//case//82 elnätsverksamhet//NN|UTR|SIN|IND|NOM//nmod//80 och//KN//cc//84 konkurrensutsatt//PC|PRF|UTR|SIN|IND|NOM//conj//82 verksamhet//NN|UTR|SIN|IND|NOM//conj//82 .//MAD//punct//2

Elmarknadsdirektivet;Direktivet//NN|NEU|SIN|DEF|NOM//nsubj//1 innehåller//VB|PRS|AKT//ROOT//1 dels//KN//advmod//5 ”//PAD//punct//5 kvantitativa//JJ|POS|UTR/NEU|PLU|IND/DEF|NOM//amod//5 ändringar//NN|UTR|PLU|IND|NOM//obj//1 ”//RG|NOM//punct//1 ,//MID//punct//11 som//KN//case//11 en//DT|UTR|SIN|IND//det//11 ökad//PC|PRF|UTR|SIN|IND|NOM//amod//11 marknadsöppning//NN|UTR|SIN|IND|NOM//obl//1 ,//MID//punct//11 dels//KN//advmod//16 ”//PAD//punct//16 kvalitativa//JJ|POS|UTR/NEU|PLU|IND/DEF|NOM//amod//16 ändringar//NN|UTR|PLU|IND|NOM//conj//11 ”//PAD//punct//11 om//PP//case//20 rättslig//JJ|POS|UTR|SIN|IND|NOM//amod//20 åtskillnad//NN|UTR|SIN|IND|NOM//nmod//11 för//PP//case//22 systemoperatörer//NN|UTR|PLU|IND|NOM//nmod//20 för//PP//case//24 överföring//NN|UTR|SIN|IND|NOM//nmod//22 och//KN//cc//26 distribution//NN|UTR|SIN|IND|NOM//conj//24 ,//MID//punct//28 krav//NN|NEU|SIN|IND|NOM//conj//22 på//PP//case//30 särredovisning//NN|UTR|SIN|IND|NOM//nmod//28 ,//MID//punct//32 regler//NN|UTR|PLU|IND|NOM//conj//22 för//PP//case//34 nättillträde//NN|NEU|SIN|IND|NOM//nmod//32 samt//KN//cc//36 inrättandet//NN|NEU|SIN|DEF|NOM//conj//34 av//PP//case//40 en//DT|UTR|SIN|IND//det//40 självständig//JJ|POS|UTR|SIN|IND|NOM//amod//40 tillsynsmyndighet//NN|UTR|SIN|IND|NOM//nmod//36 som//HP|-|-|-//nsubj//44 i//PP//advmod//44 förväg//NN|UTR|SIN|IND|NOM//fixed//42 godkänner//VB|PRS|AKT//acl:relcl//40 åtminstone//AB//advmod//44 metoderna//NN|UTR|PLU|DEF|NOM//obj//44 för//PP//case//48 tariffsättningen//NN|UTR|SIN|DEF|NOM//nmod//46 .//MAD//punct//1
Elmarknadsdirektivet;Därutöver//AB//advmod//51 innehåller//VB|PRS|AKT//parataxis//1 direktivet//NN|NEU|SIN|DEF|NOM//nsubj//51 vissa//JJ|POS|UTR/NEU|PLU|IND/DEF|NOM//amod//54 nyheter//NN|UTR|PLU|IND|NOM//obj//51 som//HP|-|-|-//nsubj//56 gäller//VB|PRS|AKT//acl:relcl//54 allmännyttiga//JJ|POS|UTR/NEU|PLU|IND/DEF|NOM//amod//58 tjänster//NN|UTR|PLU|IND|NOM//obj//56 ,//MID//punct//60 angivande//PC|PRS|UTR/NEU|SIN/PLU|IND/DEF|NOM//amod//58 av//PP//case//63 elens//NN|UTR|SIN|DEF|GEN//nmod:poss//63 ursprung//NN|NEU|SIN|IND|NOM//nmod//60 ,//MID//punct//65 försörjningstrygghet//NN|UTR|SIN|IND|NOM//conj//63 ,//MID//punct//67 upphandling//NN|UTR|SIN|IND|NOM//conj//58 av//PP//case//70 ny//JJ|POS|UTR|SIN|IND|NOM//amod//70 kapacitet//NN|UTR|SIN|IND|NOM//nmod//67 ,//MID//punct//72 regler//NN|UTR|PLU|IND|NOM//conj//58 för//PP//case//74 anskaffande//NN|NEU|SIN|IND|NOM//nmod//72 av//PP//case//74 el//NN|UTR|SIN|IND|NOM//fixed//75 för//PP//mark//79 att//IE//mark//79 täcka//VB|INF|AKT//advcl//56 nätförluster//NN|UTR|PLU|IND|NOM//obj//79 ,//MID//punct//82 rapportering//NN|UTR|SIN|IND|NOM//conj//80 samt//KN//cc//84 handel//NN|UTR|SIN|IND|NOM//conj//80 med//PP//case//87 tredje//RO|NOM//amod//87 land//NN|NEU|SIN|IND|NOM//nmod//84 .//MAD//punct//51
Elmarknadsdirektivet;Direktivet//NN|NEU|SIN|DEF|NOM//nsubj//90 innehåller//VB|PRS|AKT//parataxis//51 ,//MID//punct//96 förutom//PP//case//96 de//DT|UTR/NEU|PLU|DEF//det//96 här//AB//fixed//93 angivna//PC|PRF|UTR/NEU|PLU|IND/DEF|NOM//amod//96 huvudpunkterna//NN|UTR|PLU|DEF|NOM//obj//90 ,//MID//punct//102 ett//DT|NEU|SIN|IND//det//102 omfattande//PC|PRS|UTR/NEU|SIN/PLU|IND/DEF|NOM//amod//102 och//KN//cc//101 detaljerat//PC|PRF|NEU|SIN|IND|NOM//conj//99 regelverk//NN|NEU|SIN|IND|NOM//conj//96 .//MAD//punct//1
Elmarknadsdirektivet;I//PP//case//2 detta//DT|NEU|SIN|DEF//det//2 betänkande//NN|NEU|SIN|IND|NOM//obl//3 lämnas//VB|PRS|SFO//ROOT//3 förslag//NN|NEU|SIN|IND|NOM//nsubj:pass//3 på//PP//case//7 de//DT|UTR/NEU|PLU|DEF//det//7 författningsändringar//NN|UTR|PLU|IND|NOM//nmod//4 som//HP|-|-|-//nsubj:pass//9 krävs//VB|PRS|SFO//acl:relcl//7 i//PP//case//11 ellagstiftningen//NN|UTR|SIN|DEF|NOM//obl//9 för//PP//mark//14 att//IE//mark//14 införliva//VB|INF|AKT//advcl//9 direktivet//NN|NEU|SIN|DEF|NOM//obj//14 i//PP//case//18 svensk//JJ|POS|UTR|SIN|IND|NOM//amod//18 rätt//NN|UTR|SIN|IND|NOM//obl//14 .//MAD//punct//3
Elmarknadsdirektivet;I//PP//case//21 betänkandet//NN|NEU|SIN|DEF|NOM//obl//22 ges//VB|PRS|SFO//parataxis//3 också//AB//advmod//22 förslag//NN|NEU|PLU|IND|NOM//nsubj:pass//22 på//PP//mark//34 hur//HA//advmod//34 de//DT|UTR/NEU|PLU|DEF//det//28 rapporteringar//NN|UTR|PLU|IND|NOM//nsubj:pass//34 som//HP|-|-|-//nsubj:pass//30 krävs//VB|PRS|SFO//acl:relcl//28 enligt//PP//case//32 direktivet//NN|NEU|SIN|DEF|NOM//obl//30 skall//VB|PRS|AKT//aux//34 genomföras//VB|INF|SFO//acl//24 .//MAD//punct//3
Elmarknadsdirektivet;Angivande//PC|PRS|UTR/NEU|SIN/PLU|IND/DEF|NOM//ROOT//0 av//PP//case//3 elens//NN|UTR|SIN|DEF|GEN//nmod:poss//3 ursprung//NN|NEU|SIN|IND|NOM//nmod//0
Elmarknadsdirektivet;Vi//PN|UTR|PLU|DEF|SUB//nsubj//1 föreslår//VB|PRS|AKT//ROOT//1 att//SN//mark//4 det//PN|NEU|SIN|DEF|SUB/OBJ//expl//4 införs//VB|PRS|SFO//ccomp//1 ett//DT|NEU|SIN|IND//det//6 krav//NN|NEU|SIN|IND|NOM//nsubj:pass//4 att//SN//mark//8 elleverantörer//NN|UTR|PLU|IND|NOM//acl//6 på//PP//case//14 eller//KN//cc//14 i//PP//case//14 samband//NN|NEU|SIN|IND|NOM//fixed//11 med//PP//fixed//11 fakturor//NN|UTR|PLU|IND|NOM//obl//8 och//KN//cc//17 i//PP//case//17 reklam//NN|UTR|SIN|IND|NOM//conj//14 som//HP|-|-|-//nsubj//19 riktar//VB|PRS|AKT//acl:relcl//17 sig//PN|UTR/NEU|SIN/PLU|DEF|OBJ//obj//19 till//PP//case//22 elanvändare//NN|UTR|SIN|IND|NOM//obl//19 lämnar//VB|PRS|AKT//conj//1 uppgift//NN|UTR|SIN|IND|NOM//obj//23 om//PP//case//26 ursprunget//NN|NEU|SIN|DEF|NOM//obl//23 av//PP//case//28 den//DT|UTR|SIN|DEF//nmod//26 el//NN|UTR|SIN|IND|NOM//punct//26 som//HP|-|-|-//nsubj:pass//31 säljs//VB|PRS|SFO//acl:relcl//29 .//MAD//punct//1
Elmarknadsdirektivet;Uppgiften//NN|UTR|SIN|DEF|NOM//nsubj:pass//35 skall//VB|PRS|AKT//aux//35 baseras//VB|INF|SFO//parataxis//1 på//PP//case//40 föregående//PC|PRS|UTR/NEU|SIN/PLU|IND/DEF|NOM//amod//38 års//NN|NEU|SIN|IND|GEN//nmod:poss//40 genomsnittliga//JJ|POS|UTR/NEU|SIN|DEF|NOM//amod//40 bränslesammansättning//NN|UTR|SIN|IND|NOM//obl//35 .//MID//punct//35
Elmarknadsdirektivet;Om//SN//mark//44 elen//NN|UTR|SIN|DEF|NOM//nsubj:pass//44 köps//VB|PRS|SFO//advcl//57 via//PP//case//46 börs//NN|UTR|SIN|IND|NOM//obl//44 eller//KN//cc//48 importeras//VB|INF|SFO//conj//44 från//PP//case//51 ett//DT|NEU|SIN|IND//det//51 land//NN|NEU|SIN|IND|NOM//obl//48 utanför//PP//case//54 Europeiska//JJ|POS|UTR/NEU|SIN|DEF|NOM//amod//54 gemenskapen//NN|UTR|SIN|DEF|NOM//nmod//51 skall//VB|PRS|AKT//aux//57 uppgiften//NN|UTR|SIN|DEF|NOM//nsubj:pass//57 baseras//VB|INF|SFO//conj//1 på//PP//case//60 aggregerade//PC|PRF|UTR/NEU|PLU|IND/DEF|NOM//amod//60 uppgifter//NN|UTR|PLU|IND|NOM//obl//57 från//PP//case//63 föregående//PC|PRS|UTR/NEU|SIN/PLU|IND/DEF|NOM//amod//63 år//NN|NEU|SIN|IND|NOM//nmod//60 som//KN//obj//68 börs//NN|UTR|SIN|IND|NOM//nsubj//68 eller//KN//cc//67 importör//NN|UTR|SIN|IND|NOM//conj//65 tillhandahållit//VB|SUP|AKT//acl:relcl//63 .//MAD//punct//1
Elmarknadsdirektivet;I//PP//advmod//1 samband//NN|NEU|SIN|IND|NOM//fixed//70 med//PP//case//73 angivandet//NN|NEU|SIN|DEF|NOM//fixed//70 av//PP//case//76 elens//NN|UTR|SIN|DEF|GEN//nmod:poss//76 ursprung//NN|NEU|SIN|IND|NOM//nmod//73 skall//VB|PRS|AKT//aux//80 elleverantörerna//NN|UTR|PLU|DEF|NOM//nsubj//80 också//AB//advmod//80 lämna//VB|INF|AKT//conj//1 uppgift//NN|UTR|SIN|IND|NOM//obj//80 om//PP//case//84 den//DT|UTR|SIN|DEF//det//84 miljöpåverkan//NN|UTR|SIN|IND|NOM//obl//80 i//PP//case//88 form//NN|UTR|SIN|IND|NOM//fixed//85 av//PP//fixed//85 utsläpp//NN|NEU|SIN|IND|NOM//nmod//84 av//PP//case//90 CO//NN|AN//nmod//88 2//RG|NOM//nummod//84  //_SP////91 och//KN//cc//95 radioaktivt//JJ|POS|NEU|SIN|IND|NOM//amod//95 utsläpp//NN|NEU|SIN|IND|NOM//conj//84 som//KN//nsubj//102 föregående//JJ|POS|UTR/NEU|SIN/PLU|IND/DEF|NOM//amod//98 års//NN|NEU|SIN|IND|GEN//nmod:poss//100 genomsnittliga//JJ|POS|UTR/NEU|SIN|DEF|NOM//amod//100 bränslesammansättning//NN|UTR|SIN|IND|NOM//nsubj//102 har//VB|PRS|AKT//aux//102 givit//VB|SUP|AKT//acl:relcl//95 upphov//NN|NEU|SIN|IND|NOM//obj//102 till//PP//case//102 ,//MID//punct//84 genom//PP//case//107 hänvisning//NN|UTR|SIN|IND|NOM//obl//80 till//PP//case//110 befintliga//JJ|POS|UTR/NEU|PLU|IND/DEF|NOM//amod//110 referenskällor//NN|UTR|PLU|IND|NOM//nmod//107 .//MAD//punct//1
Elmarknadsdirektivet;Vi//PN|UTR|PLU|DEF|SUB//nsubj//1 föreslår//VB|PRS|AKT//ROOT//1 att//SN//mark//9 den//DT|UTR|SIN|DEF//det//5 närmare//JJ|KOM|UTR/NEU|SIN/PLU|IND/DEF|NOM//amod//5 utvecklingen//NN|UTR|SIN|DEF|NOM//nsubj//9 av//PP//case//7 sättet//NN|NEU|SIN|DEF|NOM//nmod//5 att//IE//mark//9 ange//VB|INF|AKT//ccomp//1 och//KN//cc//11 beräkna//VB|INF|AKT//conj//9 elens//NN|UTR|SIN|DEF|GEN//nmod:poss//13 ursprung//NN|NEU|SIN|IND|NOM//obj//11 och//KN//cc//15 miljöpåverkan//NN|UTR|SIN|IND|NOM//conj//13 i//PP//advmod//20 första//RO|NOM//fixed//16 hand//NN|UTR|SIN|IND|NOM//fixed//16 skall//VB|PRS|AKT//aux//20 ske//VB|INF|AKT//advcl//1 genom//PP//case//23 en//DT|UTR|SIN|IND//det//23 överenskommelse//NN|UTR|SIN|IND|NOM//obl//20 mellan//PP//case//26 marknadens//NN|UTR|SIN|DEF|GEN//nmod:poss//26 aktörer//NN|UTR|PLU|IND|NOM//nmod//23 .//MAD//punct//1
Elmarknadsdirektivet;För//PP//mark//5 att//SN//fixed//0 elleverantörena//NN|NEU|PLU|DEF|NOM//nsubj//5 skall//VB|PRS|AKT//aux//5 kunna//VB|INF|AKT//aux//5 fullgöra//VB|INF|AKT//advcl//13 de//DT|UTR/NEU|PLU|DEF//det//8 föreslagna//PC|PRF|UTR/NEU|PLU|IND/DEF|NOM//amod//8 skyldigheterna//NN|UTR|PLU|DEF|NOM//obj//5 att//IE//mark//10 ange//VB|INF|AKT//acl//8 elens//NN|UTR|SIN|DEF|GEN//nmod:poss//12 ursprung//NN|NEU|SIN|IND|NOM//obj//10 föreslår//VB|PRS|AKT//ROOT//13 vi//PN|UTR|PLU|DEF|SUB//nsubj//13 att//SN//mark//25 elproducenter//NN|UTR|PLU|IND|NOM//nsubj//25 ,//MID//punct//18 importörer//NN|UTR|PLU|IND|NOM//conj//16 av//PP//case//18 el//NN|UTR|SIN|IND|NOM//punct//18 och//KN//cc//22 elleverantörer//NN|UTR|PLU|IND|NOM//conj//16 skall//VB|PRS|AKT//aux//25 vara//VB|INF|AKT//cop//25 skyldiga//JJ|POS|UTR/NEU|PLU|IND/DEF|NOM//ccomp//13 att//IE//mark//31 på//PP//case//28 begäran//NN|UTR|SIN|IND|NOM//obl//31 av//PP//case//30 elleverantörer//NN|UTR|PLU|IND|NOM//nmod//28 lämna//VB|INF|AKT//csubj//25 uppgifter//NN|UTR|PLU|IND|NOM//obj//31 om//PP//case//34 ursprunget//NN|NEU|SIN|DEF|NOM//obl//31 av//PP//case//36 den//DT|UTR|SIN|DEF//nmod//34 el//NN|UTR|SIN|IND|NOM//punct//31 som//HP|-|-|-//nsubj:pass//39 säljs//VB|PRS|SFO//acl:relcl//37 .//MAD//punct//13
Elmarknadsdirektivet;Anskaffande//PC|PRS|UTR/NEU|SIN/PLU|IND/DEF|NOM//ROOT//0 av//PP//case//2 förlustkraft//NN|UTR|SIN|IND|NOM//nmod//0
Elmarknadsdirektivet;Vi//PN|UTR|PLU|DEF|SUB//nsubj//1 föreslår//VB|PRS|AKT//ROOT//1 att//SN//mark//18 alla//DT|UTR/NEU|PLU|IND/DEF//det//5 juridiska//JJ|POS|UTR/NEU|PLU|IND/DEF|NOM//amod//5 personer//NN|UTR|PLU|IND|NOM//nsubj//18 som//HP|-|-|-//nsubj//7 bedriver//VB|PRS|AKT//acl:relcl//5 nätverksamhet//NN|UTR|SIN|IND|NOM//obj//7 och//KN//cc//11 som//HP|-|-|-//nsubj//11 anskaffar//VB|PRS|AKT//conj//8 el//NN|UTR|SIN|IND|NOM//cc//5 för//PP//mark//15 att//IE//mark//15 täcka//VB|INF|AKT//acl//5 nätförluster//NN|UTR|PLU|IND|NOM//obj//15 skall//VB|PRS|AKT//aux//18 göra//VB|INF|AKT//ccomp//1 detta//PN|NEU|SIN|DEF|SUB/OBJ//obj//18 i//PP//case//28 enlighet//NN|UTR|SIN|IND|NOM//fixed//20 med//PP//fixed//20 öppna//JJ|POS|UTR/NEU|PLU|IND/DEF|NOM//amod//28 ,//MID//punct//25 icke-diskriminerade//PC|PRF|UTR/NEU|PLU|IND/DEF|NOM//conj//23 och//KN//cc//27 marknadsorienterade//PC|PRF|UTR/NEU|PLU|IND/DEF|NOM//conj//23 förfaranden//NN|NEU|PLU|IND|NOM//obl//18 .//MAD//punct//1
Elmarknadsdirektivet;Överföringstariffer//NN|UTR|SIN|IND|NOM//ROOT//0
Elmarknadsdirektivet;Vid//PP//case//1 utformningen//NN|UTR|SIN|DEF|NOM//obl//8 av//PP//case//3 nättariffer//NN|UTR|PLU|IND|NOM//nmod//1 för//PP//case//5 överföring//NN|UTR|SIN|IND|NOM//nmod//1 av//PP//case//5 el//KN//cc//8 föreslår//VB|PRS|AKT//ROOT//8 vi//PN|UTR|PLU|DEF|SUB//nsubj//8 att//SN//mark//14 nätkoncessionären//NN|UTR|SIN|DEF|NOM//nsubj//14 särskilt//AB//advmod//14 skall//VB|PRS|AKT//aux//14 beakta//VB|INF|AKT//ccomp//8 antalet//NN|NEU|SIN|DEF|NOM//nmod//16 anslutningspunkter//NN|UTR|PLU|IND|NOM//obj//14 ,//MID//punct//16 anslutningspunkternas//NN|UTR|PLU|DEF|GEN//nmod:poss//20 geografiska//JJ|POS|UTR/NEU|SIN|DEF|NOM//amod//20 läge//NN|NEU|SIN|IND|NOM//conj//16 ,//MID//punct//23 mängden//NN|UTR|SIN|DEF|NOM//nsubj//23 överförd//PC|PRF|UTR|SIN|IND|NOM//conj//14 energi//NN|UTR|SIN|IND|NOM//obj//23 ,//MID//punct//27 abonnerad//PC|PRF|UTR|SIN|IND|NOM//amod//27 effekt//NN|UTR|SIN|IND|NOM//conj//24 och//KN//cc//29 kostnaderna//NN|UTR|PLU|DEF|NOM//conj//24 för//PP//case//32 överliggande//PC|PRS|UTR/NEU|SIN/PLU|IND/DEF|NOM//amod//32 nät//NN|NEU|PLU|IND|NOM//nmod//29 samt//KN//cc//34 kvaliteten//NN|UTR|SIN|DEF|NOM//conj//24 på//PP//case//36 överförd//PC|PRF|UTR|SIN|IND|NOM//nmod//34 el.//NN|UTR|SIN|IND|NOM//advmod//23
Elmarknadsdirektivet;Anslutningsavgifter//NN|UTR|PLU|IND|NOM//ROOT//0
Elmarknadsdirektivet;Vid//PP//case//1 utformningen//NN|UTR|SIN|DEF|NOM//obl//6 av//PP//case//3 engångsavgift//NN|UTR|SIN|IND|NOM//nmod//1 för//PP//case//5 anslutning//NN|UTR|SIN|IND|NOM//nmod//3 föreslår//VB|PRS|AKT//ROOT//6 vi//PN|UTR|PLU|DEF|SUB//nsubj//6 att//SN//mark//12 nätkoncessionären//NN|UTR|SIN|DEF|NOM//nsubj//12 särskilt//AB//advmod//12 skall//VB|PRS|AKT//aux//12 beakta//VB|INF|AKT//ccomp//6 var//HA//cop//17 en//DT|UTR|SIN|IND//det//15 anslutning//NN|UTR|SIN|IND|NOM//nsubj//17 är//VB|PRS|AKT//cop//17 belägen//JJ|POS|UTR|SIN|IND|NOM//ccomp//12 och//KN//cc//21 vilken//HD|UTR|SIN|IND//det//21 avtalad//PC|PRF|UTR|SIN|IND|NOM//amod//21 effekt//NN|UTR|SIN|IND|NOM//conj//17 anslutningen//NN|UTR|SIN|DEF|NOM//nsubj//23 avser//VB|PRS|AKT//conj//17 .//MAD//punct//6
Elmarknadsdirektivet;Vi//PN|UTR|PLU|DEF|SUB//nsubj//26 föreslår//VB|PRS|AKT//parataxis//6 också//AB//advmod//26 att//SN//mark//31 nätmyndigheten//NN|UTR|SIN|DEF|NOM//nsubj//31 skall//VB|PRS|AKT//aux//31 fatta//VB|INF|AKT//ccomp//26 beslut//NN|NEU|SIN|IND|NOM//obj//31 inom//PP//case//36 en//DT|UTR|SIN|IND//det//36 viss//JJ|POS|UTR|SIN|IND|NOM//amod//36 tid//NN|UTR|SIN|IND|NOM//obl//31 vid//PP//case//38 tvister//NN|UTR|PLU|IND|NOM//nmod//36 om//PP//case//40 anslutningsavgifter//NN|UTR|PLU|IND|NOM//nmod//38 enligt//PP//case//42 ellagen//NN|UTR|SIN|DEF|NOM//nmod//40 .//MAD//punct//26
Elmarknadsdirektivet;Enligt//PP//case//45 förslaget//NN|NEU|SIN|DEF|NOM//obl//48 skall//VB|PRS|AKT//aux//48 beslut//NN|NEU|SIN|IND|NOM//nsubj:pass//48 fattas//VB|INF|SFO//advcl//26 inom//PP//case//51 två//RG|NOM//nummod//51 månader//NN|UTR|PLU|IND|NOM//obl//48 .//MAD//punct//26
Elmarknadsdirektivet;Denna//DT|UTR|SIN|DEF//det//54 tid//NN|UTR|SIN|IND|NOM//nsubj//55 får//VB|PRS|AKT//advcl//26 ,//MID//punct//55 om//SN//mark//59 det//PN|NEU|SIN|DEF|SUB/OBJ//nsubj:pass//59 behövs//VB|PRS|SFO//advcl//61 ,//MID//punct//59 utsträckas//VB|INF|SFO//conj//55 ytterligare//AB|KOM//advmod//63 två//RG|NOM//nummod//64 månader//NN|UTR|PLU|IND|NOM//obl//61 .//MID//punct//73
Elmarknadsdirektivet;Om//SN//mark//69 den//DT|UTR|SIN|DEF//det//68 sökande//PC|PRS|UTR/NEU|SIN/PLU|IND/DEF|NOM//nsubj//69 medger//VB|PRS|AKT//advcl//73 detta//PN|NEU|SIN|DEF|SUB/OBJ//obj//69 får//VB|PRS|AKT//aux//73 tiden//NN|UTR|SIN|DEF|NOM//nsubj:pass//73 förlängas//VB|INF|SFO//advcl//26 ytterligare//AB|KOM//advmod//73 .//MAD//punct//26
Elmarknadsdirektivet;Villkor//NN|NEU|PLU|IND|NOM//ROOT//0 i//PP//case//2 standardavtal//NN|NEU|PLU|IND|NOM//nmod//0 om//PP//case//4 balanstjänster//NN|UTR|PLU|IND|NOM//nmod//2
Elmarknadsdirektivet;Vi//PN|UTR|PLU|DEF|SUB//nsubj//1 föreslår//VB|PRS|AKT//ROOT//1 att//SN//mark//10 villkor//NN|NEU|PLU|IND|NOM//nsubj//10 för//PP//case//5 tillhandahållandet//NN|NEU|SIN|DEF|NOM//nmod//3 av//PP//case//7 balanstjänster//NN|UTR|PLU|IND|NOM//nmod//5 skall//VB|PRS|AKT//aux//10 vara//VB|INF|AKT//cop//10 objektiva//JJ|POS|UTR/NEU|PLU|IND/DEF|NOM//ccomp//1 ,//MID//punct//12 icke-diskriminerande//PC|PRS|UTR/NEU|SIN/PLU|IND/DEF|NOM//conj//10 samt//KN//cc//14 avspegla//VB|INF|AKT//conj//10 verkliga//JJ|POS|UTR/NEU|PLU|IND/DEF|NOM//amod//16 kostnader//NN|UTR|PLU|IND|NOM//obj//14 .//MAD//punct//1
Elmarknadsdirektivet;Vi//PN|UTR|PLU|DEF|SUB//nsubj//1 föreslår//VB|PRS|AKT//ROOT//1 också//AB//advmod//1 att//SN//mark//8 nätmyndigheten//NN|UTR|SIN|DEF|NOM//nsubj//8 i//PP//advmod//8 förväg//NN|UTR|SIN|IND|NOM//fixed//5 skall//VB|PRS|AKT//aux//8 godkänna//VB|INF|AKT//ccomp//1 villkoren//NN|NEU|PLU|DEF|NOM//obj//8 för//PP//case//11 tillhandahållandet//NN|NEU|SIN|DEF|NOM//nmod//9 av//PP//case//13 balanstjänster//NN|UTR|PLU|IND|NOM//nmod//11 .//MAD//punct//1
Elmarknadsdirektivet;Ett//DT|NEU|SIN|IND//det//16 beslut//NN|NEU|SIN|IND|NOM//nsubj:pass//20 om//PP//case//18 godkännande//NN|NEU|SIN|IND|NOM//nmod//16 skall//VB|PRS|AKT//aux//20 fattas//VB|INF|SFO//parataxis//1 inom//PP//case//23 två//RG|NOM//nummod//23 månader//NN|UTR|PLU|IND|NOM//obl//20 från//PP//case//25 det//PN|NEU|SIN|DEF|SUB/OBJ//nmod//23 att//SN//mark//28 myndigheten//NN|UTR|SIN|DEF|NOM//nsubj//28 fick//VB|PRT|AKT//advcl//20 in//PL//compound:prt//28 en//DT|UTR|SIN|IND//det//32 sådan//JJ|POS|UTR|SIN|IND|NOM//amod//32 begäran//NN|UTR|SIN|IND|NOM//obj//28 .//MAD//punct//20
Elmarknadsdirektivet;Om//SN//mark//39 ett//DT|NEU|SIN|IND//det//37 sådant//JJ|POS|NEU|SIN|IND|NOM//amod//37 beslut//NN|NEU|SIN|IND|NOM//nsubj:pass//39 inte//AB//advmod//39 fattas//VB|PRS|SFO//advcl//49 inom//PP//case//42 två//RG|NOM//nummod//42 månader//NN|UTR|PLU|IND|NOM//obl//39 skall//VB|PRS|AKT//aux//49 villkor//NN|NEU|PLU|IND|NOM//nsubj:pass//49 för//PP//case//46 tillhandahållandet//NN|NEU|SIN|DEF|NOM//nmod//44 av//PP//case//48 balanstjänster//NN|UTR|PLU|IND|NOM//nmod//46 anses//VB|PRS|SFO//conj//1 godkända//PC|PRF|UTR/NEU|PLU|IND/DEF|NOM//xcomp//49 så//AB//advmod//52 vitt//AB|POS//advmod//49 avser//VB|PRS|AKT//conj//1 frågan//NN|UTR|SIN|DEF|NOM//obj//53 om//SN//mark//58 dessa//PN|UTR/NEU|PLU|DEF|SUB/OBJ//nsubj//58 är//VB|PRS|AKT//cop//58 objektiva//JJ|POS|UTR/NEU|PLU|IND/DEF|NOM//advcl//53 ,//MID//punct//60 icke-diskriminerade//PC|PRF|UTR/NEU|PLU|IND/DEF|NOM//conj//58 samt//KN//cc//62 avspeglar//VB|PRS|AKT//conj//58 verkliga//JJ|POS|UTR/NEU|PLU|IND/DEF|NOM//amod//64 kostnader//NN|UTR|PLU|IND|NOM//obj//62 .//MAD//punct//1
Elmarknadsdirektivet;Vi//PN|UTR|PLU|DEF|SUB//nsubj//67 föreslår//VB|PRS|AKT//parataxis//1 också//AB//advmod//67 att//SN//mark//75 ett//DT|NEU|SIN|IND//det//71 beslut//NN|NEU|SIN|IND|NOM//nsubj//75 om//PP//case//73 godkännande//NN|NEU|SIN|IND|NOM//nmod//71 skall//VB|PRS|AKT//aux//75 gälla//VB|INF|AKT//ccomp//67 omedelbart//AB|POS//advmod//75 och//KN//cc//82 att//SN//mark//82 detta//PN|NEU|SIN|DEF|SUB/OBJ//nsubj:pass//82 skall//VB|PRS|AKT//aux//82 kunna//VB|INF|AKT//aux//82 överklagas//VB|INF|SFO//conj//75 till//PP//case//85 allmän//JJ|POS|UTR|SIN|IND|NOM//amod//85 förvaltningsdomstol//NN|UTR|SIN|IND|NOM//obl//82 .//MAD//punct//1
Elmarknadsdirektivet;Åtskillnad//NN|UTR|SIN|IND|NOM//ROOT//0 mellan//PP//case//2 nätverksamhet//NN|UTR|SIN|IND|NOM//nmod//0 och//KN//cc//4 konkurrensutsatt//PC|PRF|UTR|SIN|IND|NOM//conj//2 verksamhet//NN|UTR|SIN|IND|NOM//conj//2
Elmarknadsdirektivet;För//PP//mark//2 att//IE//mark//2 tydliggöra//VB|INF|AKT//advcl//13 åtskillnaden//NN|UTR|SIN|DEF|NOM//obj//2 mellan//PP//case//5 nätverksamhet//NN|UTR|SIN|IND|NOM//obl//2 och//KN//cc//7 produktion//NN|UTR|SIN|IND|NOM//conj//5 av//PP//compound:prt//2 och//KN//cc//10 handel//NN|UTR|SIN|IND|NOM//conj//8 med//PP//advmod//2 el//KN//cc//13 föreslår//VB|PRS|AKT//ROOT//13 vi//PN|UTR|PLU|DEF|SUB//nsubj//13 att//SN//mark//29 en//DT|UTR|SIN|IND//det//17 styrelseledamot//NN|UTR|SIN|IND|NOM//nsubj//29 ,//MID//punct//20 verkställande//JJ|POS|UTR/NEU|SIN/PLU|IND/DEF|NOM//amod//20 direktör//NN|UTR|SIN|IND|NOM//conj//17 eller//KN//cc//22 firmatecknare//NN|UTR|SIN|IND|NOM//conj//17 i//PP//case//25 ett//DT|NEU|SIN|IND//det//25 nätföretag//NN|NEU|SIN|IND|NOM//nmod//17 inte//AB//advmod//29 får//VB|PRS|AKT//aux//29 vara//VB|INF|AKT//cop//29 styrelseledamot//NN|UTR|SIN|IND|NOM//ccomp//13 ,//MID//punct//32 verkställande//JJ|POS|UTR/NEU|SIN/PLU|IND/DEF|NOM//amod//32 direktör//NN|UTR|SIN|IND|NOM//conj//29 eller//KN//cc//34 firmatecknare//NN|UTR|SIN|IND|NOM//conj//29 i//PP//case//38 en//DT|UTR|SIN|IND//det//38 juridisk//JJ|POS|UTR|SIN|IND|NOM//amod//38 person//NN|UTR|SIN|IND|NOM//obl//29 som//HP|-|-|-//nsubj//40 bedriver//VB|PRS|AKT//acl:relcl//38 produktion//NN|UTR|SIN|IND|NOM//obj//40 av//PP//case//44 eller//KN//cc//44 handel//NN|UTR|SIN|IND|NOM//nmod//41 med//PP//case//46 el.//KN|AN//advcl//40
Elmarknadsdirektivet;I//PP//case//1 syfte//NN|NEU|SIN|IND|NOM//obl//19 att//IE//mark//3 säkerställa//VB|INF|AKT//acl//1 att//SN//mark//10 de//DT|UTR/NEU|PLU|DEF//det//6 systemansvariga//JJ|POS|UTR/NEU|PLU|IND/DEF|NOM//nsubj//10 för//PP//case//9 överföringsrespektive//AB//amod//9 distributionssystemen//NN|UTR|SIN|DEF|NOM//nmod//6 inser//VB|PRS|AKT//ccomp//3 vikten//NN|UTR|SIN|DEF|NOM//obj//10 av//PP//mark//15 att//SN//mark//15 de//PN|UTR/NEU|PLU|DEF|SUB//nsubj//15 agerar//VB|PRS|AKT//acl//11 objektivt//AB|POS//advmod//15 och//KN//cc//18 icke-diskriminerande//PC|PRS|UTR/NEU|SIN/PLU|IND/DEF|NOM//conj//16 föreslår//VB|PRS|AKT//ROOT//19 vi//PN|UTR|PLU|DEF|SUB//nsubj//19 att//SN//mark//41 den//PN|UTR|SIN|DEF|SUB/OBJ//nsubj//41 som//HP|-|-|-//nsubj//24 bedriver//VB|PRS|AKT//acl:relcl//22 nätverksamhet//NN|UTR|SIN|IND|NOM//obj//24 och//KN//cc//28 som//HP|-|-|-//nsubj//28 har//VB|PRS|AKT//conj//24 minst//AB|SUV//advmod//30 100//RG|NOM//nummod//31 000//RG|NOM//obj//28 anslutna//PC|PRF|UTR/NEU|PLU|IND/DEF|NOM//amod//33 kunder//NN|UTR|PLU|IND|NOM//obj//28 eller//KN//cc//36 som//HP|-|-|-//nsubj//36 har//VB|PRS|AKT//conj//28 nätkoncession//NN|UTR|SIN|IND|NOM//obj//36 för//PP//case//39 stamledning//NN|UTR|SIN|IND|NOM//obl//36 skall//VB|PRS|AKT//aux//41 upprätta//VB|INF|AKT//ccomp//19 en//DT|UTR|SIN|IND//det//43 övervakningsplan//NN|UTR|SIN|IND|NOM//obj//41 där//HA//advmod//46 det//PN|NEU|SIN|DEF|SUB/OBJ//nsubj:pass//46 anges//VB|PRS|SFO//acl:relcl//43 vilka//HD|UTR/NEU|PLU|IND//det//48 åtgärder//NN|UTR|PLU|IND|NOM//nsubj:pass//46 som//HP|-|-|-//nsubj:pass//50 vidtagits//VB|SUP|SFO//acl:relcl//48 för//PP//mark//53 att//IE//mark//53 motverka//VB|INF|AKT//advcl//50 ett//DT|NEU|SIN|IND//det//56 diskriminerande//PC|PRS|UTR/NEU|SIN/PLU|IND/DEF|NOM//amod//56 beteende//NN|NEU|SIN|IND|NOM//obj//53 .//MAD//punct//19
Elmarknadsdirektivet;Åtgärderna//NN|UTR|PLU|DEF|NOM//nsubj:pass//60 skall//VB|PRS|AKT//aux//60 redovisas//VB|INF|SFO//parataxis//19 i//PP//case//64 en//DT|UTR|SIN|IND//det//64 årlig//JJ|POS|UTR|SIN|IND|NOM//amod//64 rapport//NN|UTR|SIN|IND|NOM//obl//60 som//HP|-|-|-//nsubj//66 skall//VB|PRS|AKT//acl:relcl//64 inges//VB|INF|SFO//obj//66 till//PP//case//69 nätmyndigheten//NN|UTR|SIN|DEF|NOM//obl//66 och//KN//cc//71 offentliggöras//VB|INF|SFO//conj//66 .//MAD//punct//79
Elmarknadsdirektivet;I//PP//mark//78 enlighet//NN|UTR|SIN|IND|NOM//fixed//73 med//PP//fixed//73 vad//HP|NEU|SIN|IND//obj//78 elmarknadsdirektivet//NN|NEU|SIN|DEF|NOM//nsubj//78 medger//VB|PRS|AKT//advcl//79 föreslår//VB|PRS|AKT//conj//60 vi//PN|UTR|PLU|DEF|SUB//nsubj//79 att//SN//mark//82 företag//NN|NEU|PLU|IND|NOM//nsubj:pass//89 med//PP//case//88 mindre//JJ|KOM|UTR/NEU|SIN/PLU|IND/DEF|NOM//advmod//86 än//KN//fixed//84 100//RG|NOM//nummod//87 000//RG|NOM//nummod//88 nätkunder//NN|UTR|PLU|IND|NOM//nmod//82 undantas//VB|PRS|SFO//advcl//79 från//PP//case//92 detta//DT|NEU|SIN|DEF//det//92 krav//NN|NEU|SIN|IND|NOM//obl//89 .//MAD//punct//19

Förordningen om gränsöverskridande handel med el;Förordningen//NN|UTR|SIN|DEF|NOM//nsubj//1 innehåller//VB|PRS|AKT//ROOT//1 övergripande//PC|PRS|UTR/NEU|SIN/PLU|IND/DEF|NOM//amod//3 regler//NN|UTR|PLU|IND|NOM//obj//1 om//PP//case//6 en//DT|UTR|SIN|IND//det//6 kompensationsmekanism//NN|UTR|SIN|IND|NOM//obl//1 mellan//PP//case//8 systemansvariga//JJ|POS|UTR/NEU|PLU|IND/DEF|NOM//nmod//6 för//PP//case//11 gränsöverskridande//PC|PRS|UTR/NEU|SIN/PLU|IND/DEF|NOM//amod//11 elflöden//NN|UTR|SIN|DEF|NOM//nmod//6 ,//MID//punct//13 information//NN|UTR|SIN|IND|NOM//conj//6 om//PP//case//15 kapacitet//NN|UTR|SIN|IND|NOM//nmod//13 på//PP//case//17 utlandsförbindelser//NN|UTR|PLU|IND|NOM//nmod//15 och//KN//cc//19 principer//NN|UTR|PLU|IND|NOM//conj//17 för//PP//case//21 utformning//NN|UTR|SIN|IND|NOM//nmod//19 av//PP//case//24 nationella//JJ|POS|UTR/NEU|PLU|IND/DEF|NOM//amod//24 nättariffer//NN|UTR|PLU|IND|NOM//nmod//21 samt//KN//cc//26 principer//NN|UTR|PLU|IND|NOM//conj//24 och//KN//cc//28 riktlinjer//NN|UTR|PLU|IND|NOM//conj//24 för//PP//case//30 tilldelning//NN|UTR|SIN|IND|NOM//nmod//21 av//PP//case//32 kapacitet//NN|UTR|SIN|IND|NOM//nmod//30 på//PP//case//34 utlandsförbindelser//NN|UTR|PLU|IND|NOM//nmod//32 .//MAD//punct//1
Förordningen om gränsöverskridande handel med el;Förordningen//NN|UTR|SIN|DEF|NOM//nsubj//37 innehåller//VB|PRS|AKT//parataxis//1 också//AB//advmod//37 regler//NN|UTR|PLU|IND|NOM//obj//37 om//PP//case//41 rapportering//NN|UTR|SIN|IND|NOM//nmod//39 till//PP//case//43 EG-kommissionen//NN|UTR|SIN|DEF|NOM//nmod//41 ,//MID//punct//45 påföljder//NN|UTR|PLU|IND|NOM//conj//43 ,//MID//punct//37 att//SN//mark//51 nya//JJ|POS|UTR/NEU|PLU|IND/DEF|NOM//amod//49 utlandsförbindelser//NN|UTR|PLU|IND|NOM//nsubj:pass//51 kan//VB|PRS|AKT//aux//51 beviljas//VB|INF|SFO//ccomp//37 undantag//NN|NEU|SIN|IND|NOM//obj//51 från//PP//case//55 vissa//JJ|POS|UTR/NEU|PLU|IND/DEF|NOM//amod//55 bestämmelser//NN|UTR|PLU|IND|NOM//obl//51 i//PP//case//57 förordningen//NN|UTR|SIN|DEF|NOM//obl//51 och//KN//cc//59 elmarknadsdirektivet//NN|NEU|SIN|DEF|NOM//conj//57 samt//KN//cc//61 bemyndiganden//NN|NEU|PLU|IND|NOM//conj//57 till//PP//case//63 kommissionen//NN|UTR|SIN|DEF|NOM//nmod//61 att//IE//mark//68 efter//PP//case//67 ett//DT|NEU|SIN|IND//det//67 kommittéförfarande//NN|NEU|SIN|IND|NOM//obl//68 utfärda//VB|INF|AKT//acl//63 riktlinjer//NN|UTR|PLU|IND|NOM//obj//68 .//MAD//punct//1
Förordningen om gränsöverskridande handel med el;En//DT|UTR|SIN|IND//det//1 EG-förordning//NN|UTR|SIN|IND|NOM//nsubj//3 är//VB|PRS|AKT//cop//3 bindande//PC|PRS|UTR/NEU|SIN/PLU|IND/DEF|NOM//ROOT//3 i//PP//case//6 sin//PS|UTR|SIN|DEF//nmod:poss//6 helhet//NN|UTR|SIN|IND|NOM//obl//3 och//KN//cc//9 direkt//AB|POS//advmod//9 tillämplig//JJ|POS|UTR|SIN|IND|NOM//conj//6 i//PP//case//12 varje//DT|UTR/NEU|SIN|IND//det//12 medlemsstat//NN|UTR|SIN|IND|NOM//obl//3 .//MAD//punct//3
Förordningen om gränsöverskridande handel med el;Några//DT|UTR/NEU|PLU|IND//det//16 särskilda//PC|PRF|UTR/NEU|PLU|IND/DEF|NOM//amod//16 åtgärder//NN|UTR|PLU|IND|NOM//nsubj:pass//28 för//PP//mark//19 att//IE//mark//19 införliva//VB|INF|AKT//acl//16 förordningen//NN|UTR|SIN|DEF|NOM//obj//19 i//PP//case//24 den//DT|UTR|SIN|DEF//det//24 svenska//JJ|POS|UTR/NEU|SIN|DEF|NOM//amod//24 rättsordningen//NN|UTR|SIN|DEF|NOM//nmod//20 behöver//VB|PRS|AKT//aux//28 därför//AB//advmod//28 inte//AB//advmod//28 vidtas//VB|INF|SFO//parataxis//3 .//MAD//punct//3
Förordningen om gränsöverskridande handel med el;Vi//PN|UTR|PLU|DEF|SUB//nsubj//3 har//VB|PRS|AKT//aux//3 inte//AB//advmod//3 funnit//VB|SUP|AKT//ROOT//3 några//DT|UTR/NEU|PLU|IND//det//6 svenska//JJ|POS|UTR/NEU|PLU|IND/DEF|NOM//amod//6 regler//NN|UTR|PLU|IND|NOM//obj//3 som//HP|-|-|-//nsubj//8 strider//VB|PRS|AKT//acl:relcl//6 mot//PP//case//10 förordningen//NN|UTR|SIN|DEF|NOM//obl//8 .//MAD//punct//3
Förordningen om gränsöverskridande handel med el;Några//DT|UTR/NEU|PLU|IND//det//1 ändringar//NN|UTR|PLU|IND|NOM//nsubj:pass//5 av//PP//case//4 denna//DT|UTR|SIN|DEF//det//4 anledning//NN|UTR|SIN|IND|NOM//nmod//1 föreslås//VB|PRS|SFO//advcl//10 därför//AB//advmod//5 inte//AB//advmod//5 .//MAD//punct//5
Förordningen om gränsöverskridande handel med el;Däremot//AB//advmod//5 föreslår//VB|PRS|AKT//ROOT//10 vi//PN|UTR|PLU|DEF|SUB//nsubj//10 att//SN//mark//16 nätmyndighetens//NN|UTR|SIN|DEF|GEN//nmod:poss//14 tillsyn//NN|UTR|SIN|IND|NOM//nsubj:pass//16 skall//VB|PRS|AKT//aux//16 utvidgas//VB|INF|SFO//ccomp//10 till//PP//mark//20 att//IE//mark//20 även//AB//advmod//20 omfatta//VB|INF|AKT//advcl//16 efterlevnaden//NN|UTR|SIN|DEF|NOM//obj//20 av//PP//case//23 förordningen//NN|UTR|SIN|DEF|NOM//nmod//21 och//KN//cc//26 de//DT|UTR/NEU|PLU|DEF//det//26 riktlinjer//NN|UTR|PLU|IND|NOM//conj//23 och//KN//cc//28 villkor//NN|NEU|PLU|IND|NOM//conj//26 som//HP|-|-|-//nsubj:pass//31 har//VB|PRS|AKT//aux//31 utfärdats//VB|SUP|SFO//acl:relcl//28 med//PP//case//33 stöd//NN|NEU|SIN|IND|NOM//obl//31 av//PP//case//35 denna//PN|UTR|SIN|DEF|SUB/OBJ//nmod//33 .//MAD//punct//10
Förordningen om gränsöverskridande handel med el;Beslut//NN|NEU|SIN|IND|NOM//parataxis//10 om//PP//case//39 undantag//NN|NEU|PLU|IND|NOM//nmod//37 från//PP//case//42 vissa//JJ|POS|UTR/NEU|PLU|IND/DEF|NOM//amod//42 regler//NN|UTR|PLU|IND|NOM//nmod//39 för//PP//case//45 nya//JJ|POS|UTR/NEU|PLU|IND/DEF|NOM//amod//45 utlandsförbindelser//NN|UTR|PLU|IND|NOM//nmod//42 bör//VB|PRS|AKT//aux//61 dock//AB//advmod//61 ,//MID//punct//61 i//PP//case//50 likhet//NN|UTR|SIN|IND|NOM//obl//61 med//PP//mark//54 vad//HP|NEU|SIN|IND//dislocated//54 som//HP|-|-|-//nsubj//54 gäller//VB|PRS|AKT//acl//50 beviljande//PC|PRS|UTR/NEU|SIN/PLU|IND/DEF|NOM//xcomp//54 av//PP//case//57 nätkoncession//NN|UTR|SIN|IND|NOM//nmod//55 för//PP//case//59 utlandsförbindelse//NN|UTR|SIN|IND|NOM//obl//54 ,//MID//punct//61 fattas//VB|PRS|SFO//conj//10 av//PP//case//63 regeringen//NN|UTR|SIN|DEF|NOM//obl:agent//61 .//MAD//punct//10
Förordningen om gränsöverskridande handel med el;En//DT|UTR|SIN|IND//det//66 bestämmelse//NN|UTR|SIN|IND|NOM//nsubj:pass//70 med//PP//case//69 denna//DT|UTR|SIN|DEF//det//69 innebörd//NN|UTR|SIN|IND|NOM//nmod//66 föreslås//VB|PRS|SFO//parataxis//10 därför//AB//advmod//70 .//MAD//punct//10

Naturgasmarknadsdirektivet;Naturgasmarknadsdirektivet//NN|NEU|SIN|DEF|NOM//nsubj//1 innehåller//VB|PRS|AKT//ROOT//1 dels//KN//advmod//5 ”//PAD//punct//5 kvantitativa//JJ|POS|UTR/NEU|PLU|IND/DEF|NOM//amod//5 ändringar//NN|UTR|PLU|IND|NOM//obj//1 ”//RG|NOM//punct//5 som//KN//case//10 en//DT|UTR|SIN|IND//det//10 ökad//PC|PRF|UTR|SIN|IND|NOM//amod//10 marknadsöppning//NN|UTR|SIN|IND|NOM//obl//1 och//KN//cc//14 ett//DT|NEU|SIN|IND//det//14 utvidgat//PC|PRF|NEU|SIN|IND|NOM//amod//14 tillämpningsområde//NN|NEU|SIN|IND|NOM//conj//10 ,//MID//punct//19 dels//KN//advmod//19 ”//PAD//punct//19 kvalitativa//JJ|POS|UTR/NEU|PLU|IND/DEF|NOM//amod//19 ändringar//NN|UTR|PLU|IND|NOM//conj//10 ”//PAD//punct//1 om//PP//case//23 rättslig//JJ|POS|UTR|SIN|IND|NOM//amod//23 åtskillnad//NN|UTR|SIN|IND|NOM//obl//1 för//PP//case//25 systemoperatörer//NN|UTR|PLU|IND|NOM//nmod//23 för//PP//case//27 transmission//NN|UTR|SIN|IND|NOM//nmod//25 och//KN//cc//29 distribution//NN|UTR|SIN|IND|NOM//conj//27 ,//MID//punct//31 krav//NN|NEU|SIN|IND|NOM//conj//25 på//PP//case//33 särredovisning//NN|UTR|SIN|IND|NOM//nmod//31 ,//MID//punct//35 regler//NN|UTR|PLU|IND|NOM//conj//25 för//PP//case//37 tillträde//NN|NEU|SIN|IND|NOM//nmod//35 till//PP//case//39 transmissions-//NN|UTR|-|-|SMS//nmod//37 och//KN//cc//41 distributionssystemen//NN|UTR|SIN|DEF|NOM//conj//39 och//KN//cc//43 lager//NN|NEU|PLU|IND|NOM//conj//39 samt//KN//cc//45 inrättande//NN|NEU|SIN|IND|NOM//conj//39 av//PP//case//49 en//DT|UTR|SIN|IND//det//49 självständig//JJ|POS|UTR|SIN|IND|NOM//amod//49 tillsynsmyndighet//NN|UTR|SIN|IND|NOM//nmod//45 som//HP|-|-|-//nsubj//53 i//PP//advmod//53 förväg//NN|UTR|SIN|IND|NOM//fixed//51 godkänner//VB|PRS|AKT//acl:relcl//49 åtminstone//AB//advmod//53 metoderna//NN|UTR|PLU|DEF|NOM//obj//53 för//PP//case//57 tariffsättning//NN|UTR|SIN|IND|NOM//obl//53 .//MAD//punct//1
Naturgasmarknadsdirektivet;Direktivet//NN|NEU|SIN|DEF|NOM//nsubj//60 innehåller//VB|PRS|AKT//parataxis//1 också//AB//advmod//60 nyheter//NN|UTR|PLU|IND|NOM//obj//60 som//HP|-|-|-//nsubj//64 gäller//VB|PRS|AKT//acl:relcl//62 allmännyttiga//JJ|POS|UTR/NEU|PLU|IND/DEF|NOM//amod//66 tjänster//NN|UTR|PLU|IND|NOM//obj//64 ,//MID//punct//68 skydd//NN|NEU|SIN|IND|NOM//conj//66 för//PP//case//70 kunder//NN|UTR|PLU|IND|NOM//nmod//68 ,//MID//punct//72 försörjningstrygghet//NN|UTR|SIN|IND|NOM//conj//70 och//KN//cc//74 rapportering//NN|UTR|SIN|IND|NOM//conj//70 .//MAD//punct//1
Naturgasmarknadsdirektivet;Direktivet//NN|NEU|SIN|DEF|NOM//nsubj//77 innehåller//VB|PRS|AKT//parataxis//1 ,//MID//punct//83 förutom//PP//case//83 de//DT|UTR/NEU|PLU|DEF//det//83 här//AB//fixed//80 angivna//PC|PRF|UTR/NEU|PLU|IND/DEF|NOM//amod//83 huvudpunkterna//NN|UTR|PLU|DEF|NOM//obj//77 ,//MID//punct//89 ett//DT|NEU|SIN|IND//det//89 omfattande//PC|PRS|UTR/NEU|SIN/PLU|IND/DEF|NOM//amod//89 och//KN//cc//88 detaljerat//PC|PRF|NEU|SIN|IND|NOM//conj//86 regelverk//NN|NEU|SIN|IND|NOM//conj//83 .//MAD//punct//1
Naturgasmarknadsdirektivet;I//PP//case//2 detta//DT|NEU|SIN|DEF//det//2 betänkande//NN|NEU|SIN|IND|NOM//obl//3 lämnas//VB|PRS|SFO//ROOT//3 förslag//NN|NEU|SIN|IND|NOM//nsubj:pass//3 på//PP//case//7 de//DT|UTR/NEU|PLU|DEF//det//7 författningsändringar//NN|UTR|PLU|IND|NOM//nmod//4 som//HP|-|-|-//nsubj:pass//9 krävs//VB|PRS|SFO//acl:relcl//7 i//PP//case//11 naturgaslagstiftningen//NN|UTR|SIN|DEF|NOM//obl//9 för//PP//mark//14 att//IE//mark//14 införliva//VB|INF|AKT//advcl//9 direktivet//NN|NEU|SIN|DEF|NOM//obj//14 i//PP//case//18 svensk//JJ|POS|UTR|SIN|IND|NOM//amod//18 rätt//NN|UTR|SIN|IND|NOM//obl//14 .//MAD//punct//3
Naturgasmarknadsdirektivet;I//PP//case//21 betänkandet//NN|NEU|SIN|DEF|NOM//obl//22 ges//VB|PRS|SFO//parataxis//3 också//AB//advmod//22 förslag//NN|NEU|PLU|IND|NOM//nsubj:pass//22 på//PP//mark//34 hur//HA//advmod//34 de//DT|UTR/NEU|PLU|DEF//det//28 rapporteringar//NN|UTR|PLU|IND|NOM//nsubj:pass//34 som//HP|-|-|-//nsubj:pass//30 krävs//VB|PRS|SFO//acl:relcl//28 enligt//PP//case//32 direktivet//NN|NEU|SIN|DEF|NOM//obl//30 skall//VB|PRS|AKT//aux//34 genomföras//VB|INF|SFO//acl//24 .//MAD//punct//3
Naturgasmarknadsdirektivet;Naturgaslagens//NN|UTR|SIN|DEF|GEN//nmod:poss//1 tillämpningsområde//NN|NEU|SIN|IND|NOM//ROOT//1
Naturgasmarknadsdirektivet;För//PP//mark//5 att//SN//fixed//0 naturgaslagens//NN|UTR|SIN|DEF|GEN//nmod:poss//3 tillämpningsområde//NN|NEU|SIN|IND|NOM//nsubj//5 skall//VB|PRS|AKT//aux//5 stå//VB|INF|AKT//advcl//11 i//PP//case//7 överensstämmelse//NN|UTR|SIN|IND|NOM//obl//5 med//PP//case//10 naturgasmarknadsdirektivets//NN|NEU|SIN|DEF|GEN//nmod:poss//10 räckvidd//NN|UTR|SIN|IND|NOM//nmod//7 föreslår//VB|PRS|AKT//ROOT//11 vi//PN|UTR|PLU|DEF|SUB//nsubj//11 att//SN//mark//16 naturgaslagens//NN|UTR|SIN|DEF|GEN//nmod:poss//15 bestämmelser//NN|UTR|PLU|IND|NOM//nsubj:pass//16 utvidgas//VB|PRS|SFO//ccomp//11 till//PP//mark//19 att//IE//mark//19 avse//VB|INF|AKT//advcl//16 även//AB//advmod//21 kondenserad//PC|PRF|UTR|SIN|IND|NOM//amod//22 naturgas//NN|UTR|SIN|IND|NOM//obj//19 ,//MID//punct//24 biogas//NN|UTR|SIN|IND|NOM//conj//22 och//KN//cc//26 gas//NN|UTR|SIN|IND|NOM//conj//22 från//PP//case//28 biomassa//NN|UTR|SIN|IND|NOM//nmod//26 eller//KN//cc//31 andra//JJ|POS|UTR/NEU|PLU|IND/DEF|NOM//amod//31 typer//NN|UTR|PLU|IND|NOM//conj//28 av//PP//case//33 gas//NN|UTR|SIN|IND|NOM//nmod//31 om//SN//mark//38 det//PN|NEU|SIN|DEF|SUB/OBJ//expl//38 är//VB|PRS|AKT//cop//38 tekniskt//AB|POS//advmod//38 möjligt//JJ|POS|NEU|SIN|IND|NOM//advcl//19 att//IE//mark//40 föra//VB|INF|AKT//csubj//38 in//PL//compound:prt//40 och//KN//cc//43 använda//VB|INF|AKT//conj//40 dessa//DT|UTR/NEU|PLU|DEF//det//45 gaser//NN|UTR|PLU|IND|NOM//obj//43 i//PP//advmod//43 och//KN//cc//48 transportera//VB|INF|AKT//conj//40 dem//PN|UTR/NEU|PLU|DEF|OBJ//obj//48 genom//PP//case//51 systemet//NN|NEU|SIN|DEF|NOM//obl//48 för//PP//case//53 naturgas//NN|UTR|SIN|IND|NOM//nmod//51 .//MAD//punct//11
Naturgasmarknadsdirektivet;Koncession//NN|UTR|SIN|IND|NOM//ROOT//0 för//PP//case//2 anläggning//NN|UTR|SIN|IND|NOM//nmod//0 för//PP//case//5 kondenserad//PC|PRF|UTR|SIN|IND|NOM//amod//5 naturgas//NN|UTR|SIN|IND|NOM//nmod//2
Naturgasmarknadsdirektivet;Vi//PN|UTR|PLU|DEF|SUB//nsubj//1 föreslår//VB|PRS|AKT//ROOT//1 att//SN//mark//5 det//PN|NEU|SIN|DEF|SUB/OBJ//expl//5 skall//VB|PRS|AKT//aux//5 införas//VB|INF|SFO//ccomp//1 ett//DT|NEU|SIN|IND//det//7 krav//NN|NEU|SIN|IND|NOM//obj//5 på//PP//case//9 koncession//NN|UTR|SIN|IND|NOM//nmod//7 för//PP//mark//12 att//IE//mark//12 bygga//VB|INF|AKT//advcl//5 och//KN//cc//14 använda//VB|INF|AKT//conj//12 en//DT|UTR|SIN|IND//det//16 anläggning//NN|UTR|SIN|IND|NOM//obj//14 för//PP//case//19 kondenserad//PC|PRF|UTR|SIN|IND|NOM//amod//19 naturgas//NN|UTR|SIN|IND|NOM//nmod//16 .//MAD//punct//1
Naturgasmarknadsdirektivet;Frågan//NN|UTR|SIN|DEF|NOM//nsubj:pass//25 om//PP//case//23 koncession//NN|UTR|SIN|IND|NOM//nmod//21 skall//VB|PRS|AKT//aux//25 prövas//VB|INF|SFO//parataxis//1 av//PP//case//27 regeringen//NN|UTR|SIN|DEF|NOM//obl:agent//25 .//MAD//punct//1
Naturgasmarknadsdirektivet;Koncession//NN|UTR|SIN|IND|NOM//nsubj:pass//30 beviljas//VB|INF|SFO//parataxis//1 endast//AB//advmod//30 om//SN//mark//35 anläggningen//NN|UTR|SIN|DEF|NOM//nsubj//35 är//VB|PRS|AKT//cop//35 lämplig//JJ|POS|UTR|SIN|IND|NOM//advcl//30 från//PP//case//38 allmän//JJ|POS|UTR|SIN|IND|NOM//amod//38 synpunkt//NN|UTR|SIN|IND|NOM//obl//35 .//MID//punct//30
Naturgasmarknadsdirektivet;Endast//AB//advmod//41 den//PN|UTR|SIN|DEF|SUB/OBJ//nsubj:pass//49 som//HP|-|-|-//nsubj//44 är//VB|PRS|AKT//cop//44 lämplig//JJ|POS|UTR|SIN|IND|NOM//acl:relcl//41 att//IE//mark//46 utöva//VB|INF|AKT//acl//44 verksamheten//NN|UTR|SIN|DEF|NOM//obj//46 får//VB|PRS|AKT//aux//49 beviljas//VB|INF|SFO//advcl//30 koncession//NN|UTR|SIN|IND|NOM//xcomp//49 .//MAD//punct//30
Naturgasmarknadsdirektivet;Koncession//NN|UTR|SIN|IND|NOM//nsubj:pass//59 för//PP//case//54 anläggning//NN|UTR|SIN|IND|NOM//nmod//52 för//PP//case//57 kondenserad//PC|PRF|UTR|SIN|IND|NOM//amod//57 naturgas//NN|UTR|SIN|IND|NOM//nmod//54 får//VB|PRS|AKT//aux//59 förses//VB|INF|SFO//conj//30 med//PP//case//62 de//DT|UTR/NEU|PLU|DEF//det//62 villkor//NN|NEU|PLU|IND|NOM//obl//59 som//HP|-|-|-//nsubj:pass//64 behövs//VB|PRS|SFO//acl:relcl//62 för//PP//mark//67 att//IE//mark//67 tillgodose//VB|INF|AKT//advcl//64 krav//NN|NEU|PLU|IND|NOM//obj//67 på//PP//case//70 säkerhet//NN|UTR|SIN|IND|NOM//obl//67 ,//MID//punct//72 skydd//NN|NEU|SIN|IND|NOM//conj//70 för//PP//case//74 miljö-//NN|UTR|-|-|SMS//nmod//72 ,//MID//punct//76 natur-//NN|UTR|-|-|SMS//conj//74 ,//MID//punct//59 och//KN//cc//79 kulturvärden//NN|NEU|PLU|IND|NOM//conj//59 och//KN//cc//82 liknande//PC|PRS|UTR/NEU|SIN/PLU|IND/DEF|NOM//amod//82 omständigheter//NN|UTR|PLU|IND|NOM//conj//79 .//MAD//punct//30
Naturgasmarknadsdirektivet;Koncession//NN|UTR|SIN|IND|NOM//nsubj:pass//85 beviljas//VB|PRS|SFO//parataxis//30 för//PP//case//88 40//RG|NOM//nummod//88 år//NN|NEU|PLU|IND|NOM//obl//85 .//MAD//punct//30
Naturgasmarknadsdirektivet;Om//SN//mark//93 särskilda//PC|PRF|UTR/NEU|PLU|IND/DEF|NOM//amod//92 skäl//NN|NEU|PLU|IND|NOM//nsubj//93 finns//VB|PRS|SFO//advcl//103 ,//MID//punct//97 eller//KN//cc//97 sökanden//NN|UTR|SIN|DEF|NOM//nsubj//97 begär//VB|PRS|AKT//conj//93 det//PN|NEU|SIN|DEF|SUB/OBJ//obj//97 ,//MID//punct//93 kan//VB|PRS|AKT//aux//103 kortare//JJ|KOM|UTR/NEU|SIN/PLU|IND/DEF|NOM//amod//102 giltighetstid//NN|UTR|SIN|IND|NOM//nsubj:pass//103 bestämmas//VB|INF|SFO//conj//30 .//MAD//punct//103
Naturgasmarknadsdirektivet;En//DT|UTR|SIN|IND//det//106 koncession//NN|UTR|SIN|IND|NOM//nsubj:pass//108 får//VB|PRS|AKT//aux//108 återkallas//VB|INF|SFO//parataxis//103 om//SN//mark//112 anläggningen//NN|UTR|SIN|DEF|NOM//nsubj:pass//112 inte//AB//advmod//112 används//VB|PRS|SFO//advcl//108 och//KN//cc//116 inte//AB//advmod//116 heller//AB//advmod//116 behövs//VB|PRS|SFO//conj//112 för//PP//mark//119 att//IE//mark//119 säkra//VB|INF|AKT//advcl//116 energiförsörjningen//NN|UTR|SIN|DEF|NOM//obj//119 .//MAD//punct//1
Naturgasmarknadsdirektivet;Den//PN|UTR|SIN|DEF|SUB/OBJ//nsubj:pass//125 får//VB|PRS|AKT//aux//125 också//AB//advmod//125 återkallas//VB|INF|SFO//parataxis//1 om//SN//mark//128 innehavaren//NN|UTR|SIN|DEF|NOM//nsubj//128 missköter//VB|PRS|AKT//advcl//125 sig//PN|UTR/NEU|SIN/PLU|DEF|OBJ//obj//128 .//MAD//punct//125
Naturgasmarknadsdirektivet;När//HA//mark//134 en//DT|UTR|SIN|IND//det//133 koncession//NN|UTR|SIN|IND|NOM//nsubj//134 upphör//VB|PRS|AKT//advcl//142 skall//VB|PRS|AKT//aux//142 den//PN|UTR|SIN|DEF|SUB/OBJ//nsubj//142 som//HP|-|-|-//nsubj//139 senast//AB|SUV//advmod//139 innehaft//VB|SUP|AKT//acl:relcl//136 koncessionen//NN|UTR|SIN|DEF|NOM//obj//139 vara//VB|INF|AKT//cop//142 skyldig//JJ|POS|UTR|SIN|IND|NOM//conj//1 att//IE//mark//144 ta//VB|INF|AKT//advcl//142 bort//PL//compound:prt//144 anläggningen//NN|UTR|SIN|DEF|NOM//obj//144 samt//KN//cc//148 vidta//VB|INF|AKT//conj//144 åtgärder//NN|UTR|PLU|IND|NOM//obj//148 för//PP//case//151 återställning//NN|UTR|SIN|IND|NOM//obl//148 .//MID//punct//1
Naturgasmarknadsdirektivet;Den//PN|UTR|SIN|DEF|SUB/OBJ//nsubj:pass//164 som//HP|-|-|-//nsubj//155 byggt//VB|SUP|AKT//acl:relcl//153 en//DT|UTR|SIN|IND//det//157 anläggning//NN|UTR|SIN|IND|NOM//obj//155 utan//PP//case//159 koncession//NN|UTR|SIN|IND|NOM//obl//155 där//HA//advmod//155 sådan//JJ|POS|UTR|SIN|IND|NOM//nsubj:pass//162 krävs//VB|PRS|SFO//nsubj:pass//164 får//VB|PRS|AKT//aux//164 föreläggas//VB|INF|SFO//parataxis//1 ,//MID//punct//168 av//PP//case//168 den//DT|UTR|SIN|DEF//det//168 myndighet//NN|UTR|SIN|IND|NOM//obl//164 som//HP|-|-|-//obj//171 regeringen//NN|UTR|SIN|DEF|NOM//nsubj//171 bestämmer//VB|PRS|AKT//acl:relcl//168 ,//MID//punct//168 att//IE//mark//174 ta//VB|INF|AKT//acl//168 bort//PL//compound:prt//174 anläggningen//NN|UTR|SIN|DEF|NOM//obj//174 samt//KN//cc//179 att//IE//mark//179 återställa//VB|INF|AKT//conj//174 marken//NN|UTR|SIN|DEF|NOM//obj//179 .//MAD//punct//1
Naturgasmarknadsdirektivet;Konsumentskydd//NN|NEU|SIN|IND|NOM//ROOT//0
Naturgasmarknadsdirektivet;För//PP//mark//2 att//IE//mark//2 stärka//VB|INF|AKT//advcl//4 konsumentskyddet//NN|NEU|SIN|DEF|NOM//obj//2 föreslår//VB|PRS|AKT//advcl//46 vi//PN|UTR|PLU|DEF|SUB//nsubj//4 att//SN//mark//7 förutsättningarna//NN|UTR|PLU|DEF|NOM//nsubj:pass//18 för//PP//mark//10 att//IE//mark//10 avbryta//VB|INF|AKT//acl//7 överföringen//NN|UTR|SIN|DEF|NOM//obj//10 av//PP//case//13 naturgas//NN|UTR|SIN|IND|NOM//nmod//11 till//PP//case//16 en//DT|UTR|SIN|IND//det//16 konsument//NN|UTR|SIN|IND|NOM//nmod//11 skall//VB|PRS|AKT//aux//18 regleras//VB|INF|SFO//ccomp//4 i//PP//case//20 naturgaslagen//NN|UTR|SIN|DEF|NOM//obl//18 .//MAD//punct//4
Naturgasmarknadsdirektivet;Överföringen//NN|UTR|SIN|DEF|NOM//nsubj:pass//30 på//PP//case//27 grund//NN|UTR|SIN|IND|NOM//fixed//23 av//PP//fixed//23 konsumentens//NN|UTR|SIN|DEF|GEN//nmod:poss//27 försummelse//NN|UTR|SIN|IND|NOM//nmod//22 får//VB|PRS|AKT//aux//30 endast//AB//advmod//30 avbrytas//VB|INF|SFO//parataxis//4 om//SN//mark//33 försummelsen//NN|UTR|SIN|DEF|NOM//nsubj//33 är//VB|PRS|AKT//cop//35 att//IE//mark//35 betrakta//VB|INF|AKT//advcl//30 som//KN//mark//39 ett//DT|NEU|SIN|IND//det//39 väsentligt//JJ|POS|NEU|SIN|IND|NOM//amod//39 avtalsbrott//NN|NEU|SIN|IND|NOM//xcomp//35 .//MAD//punct//35
Naturgasmarknadsdirektivet;Innan//SN//mark//43 överföringen//NN|UTR|SIN|DEF|NOM//nsubj:pass//43 avbryts//VB|PRS|SFO//advcl//46 skall//VB|PRS|AKT//aux//46 konsumenten//NN|UTR|SIN|DEF|NOM//nsubj:pass//46 uppmanas//VB|INF|SFO//ROOT//46 att//IE//mark//48 vidta//VB|INF|AKT//xcomp//46 rättelse//NN|UTR|SIN|IND|NOM//obj//48 .//MAD//punct//46
Naturgasmarknadsdirektivet;Avser//VB|PRS|AKT//advcl//57 försummelsen//NN|UTR|SIN|DEF|NOM//nmod//54 bristande//PC|PRS|UTR/NEU|SIN/PLU|IND/DEF|NOM//amod//54 betalning//NN|UTR|SIN|IND|NOM//obj//51 skall//VB|PRS|AKT//aux//57 han//PN|UTR|SIN|DEF|SUB//nsubj//57 delges//VB|INF|SFO//parataxis//46 en//DT|UTR|SIN|IND//det//59 underrättelse//NN|UTR|SIN|IND|NOM//obj//57 där//HA//advmod//62 det//PN|NEU|SIN|DEF|SUB/OBJ//expl//62 framgår//VB|PRS|AKT//acl:relcl//59 att//SN//mark//68 överföringen//NN|UTR|SIN|DEF|NOM//nsubj:pass//68 kan//VB|PRS|AKT//aux//68 komma//VB|INF|AKT//aux//68 att//IE//mark//68 avbrytas//VB|INF|SFO//csubj//62 om//SN//mark//72 inte//AB//advmod//72 betalning//NN|UTR|SIN|IND|NOM//nsubj//72 sker//VB|PRS|AKT//advcl//68 inom//PP//case//75 tre//RG|NOM//nummod//75 veckor//NN|UTR|PLU|IND|NOM//obl//72 .//MAD//punct//57
Naturgasmarknadsdirektivet;Socialnämnden//NN|UTR|SIN|DEF|NOM//nsubj:pass//80 skall//VB|PRS|AKT//aux//80 samtidigt//AB//advmod//80 underrättas//VB|INF|SFO//parataxis//57 om//PP//case//82 förhållandena//NN|NEU|PLU|DEF|NOM//obl//80 .//MAD//punct//80
Naturgasmarknadsdirektivet;Om//SN//mark//86 konsumenten//NN|UTR|SIN|DEF|NOM//nsubj//86 vidtar//VB|PRS|AKT//advcl//80 rättelse//NN|UTR|SIN|IND|NOM//obj//86 ,//MID//punct//92 eller//KN//cc//92 om//SN//case//91 socialnämnden//NN|UTR|SIN|DEF|NOM//nsubj//92 åtar//VB|PRS|AKT//conj//86 sig//PN|UTR/NEU|SIN/PLU|DEF|OBJ//obj//92 betalningsansvar//NN|NEU|SIN|IND|NOM//xcomp//92 för//PP//case//96 skulden//NN|UTR|SIN|DEF|NOM//obl//92 ,//MID//punct//80 får//VB|PRS|AKT//aux//101 överföringen//NN|UTR|SIN|DEF|NOM//nsubj:pass//101 inte//AB//advmod//101 avbrytas//VB|INF|SFO//conj//80 .//MAD//punct//108
Naturgasmarknadsdirektivet;Överföringen//NN|UTR|SIN|DEF|NOM//nsubj:pass//108 av//PP//case//105 naturgas//NN|UTR|SIN|IND|NOM//nmod//103 får//VB|PRS|AKT//aux//108 inte//AB//advmod//108 avbrytas//VB|INF|SFO//conj//80 om//SN//case//111 en//DT|UTR|SIN|IND//det//111 fordran//NN|UTR|SIN|IND|NOM//nsubj//113 är//VB|PRS|AKT//cop//113 föremål//NN|NEU|SIN|IND|NOM//conj//80 för//PP//case//115 tvist//NN|UTR|SIN|IND|NOM//nmod//113 .//MAD//punct//121
Naturgasmarknadsdirektivet;Överföringen//NN|UTR|SIN|DEF|NOM//nsubj:pass//121 får//VB|PRS|AKT//aux//121 inte//AB//advmod//121 heller//AB//advmod//121 avbrytas//VB|INF|SFO//conj//80 om//SN//mark//124 det//PN|NEU|SIN|DEF|SUB/OBJ//expl//124 finns//VB|PRS|SFO//advcl//121 anledning//NN|UTR|SIN|IND|NOM//nsubj//124 att//IE//mark//127 befara//VB|INF|AKT//advcl//124 att//SN//mark//132 ett//DT|NEU|SIN|IND//det//130 avbrott//NN|NEU|SIN|IND|NOM//nsubj//132 skulle//VB|PRT|AKT//aux//132 medföra//VB|INF|AKT//ccomp//127 ej//AB//advmod//132 obetydlig//JJ|POS|UTR|SIN|IND|NOM//amod//135 personskada//NN|UTR|SIN|IND|NOM//amod//138 eller//KN//cc//137 omfattande//PC|PRS|UTR/NEU|SIN/PLU|IND/DEF|NOM//conj//135 sakskada//NN|UTR|SIN|IND|NOM//xcomp//132 .//MAD//punct//57
Naturgasmarknadsdirektivet;Detta//PN|NEU|SIN|DEF|SUB/OBJ//nsubj//141 gäller//VB|PRS|AKT//parataxis//57 dock//AB//advmod//141 inte//AB//advmod//141 om//SN//mark//146 konsumenten//NN|UTR|SIN|DEF|NOM//nsubj//146 handlar//VB|PRS|AKT//advcl//141 otillbörligt//AB|POS//advmod//146 .//MAD//punct//57
Naturgasmarknadsdirektivet;Ansvar//NN|NEU|SIN|IND|NOM//ROOT//0 för//PP//case//2 balansering//NN|UTR|SIN|IND|NOM//nmod//0 av//PP//case//4 naturgassystemet//NN|NEU|SIN|DEF|NOM//nmod//2 -//MID//punct//6 systemansansvar//NN|NEU|SIN|IND|NOM//conj//2
Naturgasmarknadsdirektivet;Balanshållningen//NN|UTR|SIN|DEF|NOM//nsubj//6 av//PP//case//4 det//DT|NEU|SIN|DEF//det//4 svenska//JJ|POS|UTR/NEU|SIN|DEF|NOM//amod//4 naturgassystemet//NN|NEU|SIN|DEF|NOM//nmod//0 skall//VB|PRS|AKT//aux//6 ske//VB|INF|AKT//ROOT//6 på//PP//case//11 objektiva//JJ|POS|UTR/NEU|PLU|IND/DEF|NOM//amod//11 och//KN//cc//10 icke-diskriminerande//PC|PRS|UTR/NEU|SIN/PLU|IND/DEF|NOM//conj//8 grunder//NN|UTR|PLU|IND|NOM//obl//6 .//MAD//punct//6
Naturgasmarknadsdirektivet;För//PP//mark//15 att//IE//mark//15 säkerställa//VB|INF|AKT//advcl//19 att//SN//mark//18 detta//PN|NEU|SIN|DEF|SUB/OBJ//nsubj//18 sker//VB|PRS|AKT//advcl//19 föreslår//VB|PRS|AKT//parataxis//6 vi//PN|UTR|PLU|DEF|SUB//nsubj//19 att//SN//mark//23 det//PN|NEU|SIN|DEF|SUB/OBJ//expl//23 införs//VB|PRS|SFO//ccomp//19 bestämmelser//NN|UTR|PLU|IND|NOM//nsubj:pass//23 om//PP//case//26 systemansvar//NN|NEU|SIN|IND|NOM//nmod//24 och//KN//cc//28 balansansvar//NN|NEU|SIN|IND|NOM//conj//26 och//KN//cc//38 att//SN//mark//38 villkoren//NN|NEU|PLU|DEF|NOM//nsubj:pass//38 för//PP//mark//34 att//IE//mark//34 tillhandahålla//VB|INF|AKT//acl//31 tjänster//NN|UTR|PLU|IND|NOM//obj//34 för//PP//case//37 balanshållningen//NN|UTR|SIN|DEF|NOM//nmod//35 regleras//VB|PRS|SFO//conj//19 .//MAD//punct//6
Naturgasmarknadsdirektivet;Regleringen//NN|UTR|SIN|DEF|NOM//nsubj//41 innebär//VB|PRS|AKT//parataxis//6 att//SN//mark//51 villkoren//NN|NEU|PLU|DEF|NOM//nsubj//51 i//PP//case//46 ett//DT|NEU|SIN|IND//det//46 avtal//NN|NEU|SIN|IND|NOM//nmod//43 om//PP//case//48 balansansvar//NN|NEU|SIN|IND|NOM//nmod//46 skall//VB|PRS|AKT//aux//51 vara//VB|INF|AKT//cop//51 objektiva//JJ|POS|UTR/NEU|PLU|IND/DEF|NOM//ccomp//41 och//KN//cc//53 icke-diskriminerande//PC|PRS|UTR/NEU|SIN/PLU|IND/DEF|NOM//conj//51 samt//KN//cc//55 avspegla//VB|INF|AKT//conj//51 kostnaderna//NN|UTR|PLU|DEF|NOM//obj//55 för//PP//case//58 balansansvaret//NN|NEU|SIN|DEF|NOM//nmod//56 .//MAD//punct//41
Naturgasmarknadsdirektivet;Vi//PN|UTR|PLU|DEF|SUB//nsubj//1 föreslår//VB|PRS|AKT//ROOT//1 att//SN//mark//5 regeringen//NN|UTR|SIN|DEF|NOM//nsubj:pass//5 skall//VB|PRS|AKT//aux//5 bemyndigas//VB|INF|SFO//ccomp//1 att//IE//mark//7 utse//VB|INF|AKT//xcomp//5 det//DT|NEU|SIN|DEF//det//9 organ//NN|NEU|SIN|IND|NOM//obj//7 som//HP|-|-|-//nsubj//12 skall//VB|PRS|AKT//aux//12 ha//VB|INF|AKT//acl:relcl//9 systemansvaret//NN|NEU|SIN|DEF|NOM//obj//12 .//MAD//punct//1
Naturgasmarknadsdirektivet;För//PP//mark//17 att//IE//mark//17 göra//VB|INF|AKT//advcl//22 ett//DT|NEU|SIN|IND//det//20 sådant//JJ|POS|NEU|SIN|IND|NOM//amod//20 val//NN|NEU|SIN|IND|NOM//obj//17 möjligt//JJ|POS|NEU|SIN|IND|NOM//advmod//17 införs//VB|PRS|SFO//parataxis//1 bestämmelser//NN|UTR|PLU|IND|NOM//nsubj:pass//22 som//HP|-|-|-//nsubj//25 ger//VB|PRS|AKT//acl:relcl//23 den//DT|UTR|SIN|DEF//det//28 systemansvariga//JJ|POS|UTR/NEU|SIN|DEF|NOM//amod//28 befogenheter//NN|UTR|PLU|IND|NOM//obj//25 att//IE//mark//33 under//PP//case//32 vissa//JJ|POS|UTR/NEU|PLU|IND/DEF|NOM//amod//32 förutsättningar//NN|UTR|PLU|IND|NOM//obl//33 beordra//VB|INF|AKT//acl//28 ökad//PC|PRF|UTR|SIN|IND|NOM//amod//37 eller//KN//cc//36 minskad//PC|PRF|UTR|SIN|IND|NOM//conj//34 inmatning//NN|UTR|SIN|IND|NOM//obj//33 av//PP//case//39 naturgas//NN|UTR|SIN|IND|NOM//nmod//37 samt//KN//cc//41 minskat//PC|PRF|NEU|SIN|IND|NOM//conj//33 uttag//NN|NEU|SIN|IND|NOM//obj//41 av//PP//case//44 naturgas//NN|UTR|SIN|IND|NOM//nmod//42 .//MAD//punct//1
Naturgasmarknadsdirektivet;Vi//PN|UTR|PLU|DEF|SUB//nsubj//1 föreslår//VB|PRS|AKT//ROOT//1 vidare//AB|KOM//advmod//1 att//SN//mark//10 det//PN|NEU|SIN|DEF|SUB/OBJ//expl//10 i//PP//case//8 varje//DT|UTR/NEU|SIN|IND//det//8 naturgasanvändares//NN|UTR|SIN|IND|GEN//amod//8 uttagspunkt//NN|UTR|SIN|IND|NOM//obl//10 skall//VB|PRS|AKT//aux//10 finnas//VB|INF|SFO//ccomp//1 en//DT|UTR|SIN|IND//det//12 balansansvarig//JJ|POS|UTR|SIN|IND|NOM//obj//10 .//MAD//punct//1
Naturgasmarknadsdirektivet;Ansvaret//NN|NEU|SIN|DEF|NOM//nsubj//20 för//PP//case//19 att//SN//mark//19 så//AB//advmod//19 är//VB|PRS|AKT//cop//19 fallet//NN|NEU|SIN|DEF|NOM//nmod//14 åvilar//VB|PRS|AKT//parataxis//1 den//DT|UTR|SIN|DEF//det//23 aktuella//JJ|POS|UTR/NEU|SIN|DEF|NOM//amod//23 naturgasleverantören//NN|UTR|SIN|DEF|NOM//obj//20 .//MAD//punct//20
Naturgasmarknadsdirektivet;Ett//DT|NEU|SIN|IND//det//26 åtagande//NN|NEU|SIN|IND|NOM//nsubj:pass//30 om//PP//case//28 balansansvar//NN|NEU|SIN|IND|NOM//nmod//26 skall//VB|PRS|AKT//aux//30 göras//VB|INF|SFO//advcl//20 genom//PP//case//32 avtal//NN|NEU|PLU|IND|NOM//obl//30 med//PP//case//35 det//DT|NEU|SIN|DEF//det//35 organ//NN|NEU|SIN|IND|NOM//nmod//32 som//HP|-|-|-//nsubj//37 har//VB|PRS|AKT//acl:relcl//35 systemansvaret//NN|NEU|SIN|DEF|NOM//obj//37 .//MAD//punct//20
Naturgasmarknadsdirektivet;Den//PN|UTR|SIN|DEF|SUB/OBJ//nsubj//45 som//HP|-|-|-//nsubj//42 har//VB|PRS|AKT//acl:relcl//40 systemansvaret//NN|NEU|SIN|DEF|NOM//obj//42 skall//VB|PRS|AKT//aux//45 ansvara//VB|INF|AKT//parataxis//20 för//PP//mark//77 att//SN//fixed//46 balans//NN|UTR|SIN|IND|NOM//nsubj//72 ,//MID//punct//53 inom//PP//case//53 hela//JJ|POS|UTR/NEU|PLU|IND/DEF|NOM//amod//53 eller//KN//cc//53 delar//NN|UTR|PLU|IND|NOM//conj//48 av//PP//case//55 naturgassystemet//NN|NEU|SIN|DEF|NOM//nmod//53 ,//MID//punct//58 kortsiktigt//AB|POS//advmod//58 upprätthålls//VB|PRS|SFO//conj//48 mellan//PP//case//60 inmatning//NN|UTR|SIN|IND|NOM//obl//58 och//KN//cc//62 uttag//NN|NEU|SIN|IND|NOM//conj//60 av//PP//case//64 naturgas//NN|UTR|SIN|IND|NOM//nmod//62 och//KN//cc//67 för//PP//case//67 balansavräkningen//NN|UTR|SIN|DEF|NOM//conj//60 mellan//PP//case//70 de//DT|UTR/NEU|PLU|DEF//det//70 balansansvariga//JJ|POS|UTR/NEU|PLU|IND/DEF|NOM//nmod//67 .//MAD//punct//58
Naturgasmarknadsdirektivet;Den//PN|UTR|SIN|DEF|SUB/OBJ//nsubj//77 som//HP|-|-|-//nsubj//74 har//VB|PRS|AKT//acl:relcl//72 systemansvaret//NN|NEU|SIN|DEF|NOM//obj//74 skall//VB|PRS|AKT//aux//77 offentliggöra//VB|INF|AKT//advcl//45 villkoren//NN|NEU|PLU|DEF|NOM//obj//77 för//PP//case//81 de//DT|UTR/NEU|PLU|DEF//det//81 tjänster//NN|UTR|PLU|IND|NOM//obl//77 som//HP|-|-|-//nsubj:pass//83 tillhandahålls//VB|PRS|SFO//acl:relcl//81 för//PP//case//85 balansering//NN|UTR|SIN|IND|NOM//obl//83 av//PP//case//87 naturgassystemet//NN|NEU|SIN|DEF|NOM//nmod//85 .//MAD//punct//1
Naturgasmarknadsdirektivet;Anskaffande//NN|NEU|SIN|IND|NOM//ROOT//0 av//PP//case//2 energi//NN|UTR|SIN|IND|NOM//nmod//0 för//PP//case//4 drift//NN|UTR|SIN|IND|NOM//nmod//2 av//PP//case//6 naturgasledningar//NN|UTR|PLU|IND|NOM//nmod//4
Naturgasmarknadsdirektivet;Den//DT|UTR|SIN|DEF//det//1 energi//NN|UTR|SIN|IND|NOM//nsubj:pass//10 som//HP|-|-|-//nsubj:pass//3 behövs//VB|PRS|SFO//acl:relcl//1 för//PP//mark//6 att//IE//mark//6 bedriva//VB|INF|AKT//advcl//3 överföring//NN|UTR|SIN|IND|NOM//obj//6 av//PP//case//9 naturgas//NN|UTR|SIN|IND|NOM//nmod//7 föreslås//VB|PRS|SFO//ROOT//10 anskaffas//VB|INF|SFO//xcomp//10 på//PP//case//18 öppna//JJ|POS|UTR/NEU|PLU|IND/DEF|NOM//amod//18 ,//MID//punct//15 icke-diskriminerade//PC|PRF|UTR/NEU|PLU|IND/DEF|NOM//conj//13 och//KN//cc//17 marknadsorienterade//PC|PRF|UTR/NEU|PLU|IND/DEF|NOM//conj//13 villkor//NN|NEU|PLU|IND|NOM//obl//11 .//MAD//punct//10
Naturgasmarknadsdirektivet;Åtskillnad//NN|UTR|SIN|IND|NOM//ROOT//0 av//PP//case//2 systemansvariga//JJ|POS|UTR/NEU|PLU|IND/DEF|NOM//nmod//0 för//PP//case//4 överföring//NN|UTR|SIN|IND|NOM//nmod//2 och//KN//cc//6 distribution//NN|UTR|SIN|IND|NOM//conj//4 av//PP//case//8 naturgas//NN|UTR|SIN|IND|NOM//nmod//6
Naturgasmarknadsdirektivet;För//PP//mark//2 att//IE//mark//2 säkerställa//VB|INF|AKT//advcl//13 att//SN//mark//7 tillträde//NN|NEU|SIN|IND|NOM//nsubj//7 till//PP//case//6 naturgassystemet//NN|NEU|SIN|DEF|NOM//nmod//4 sker//VB|PRS|AKT//ccomp//2 på//PP//case//12 objektiva//JJ|POS|UTR/NEU|PLU|IND/DEF|NOM//amod//12 och//KN//cc//11 icke-diskriminerande//PC|PRS|UTR/NEU|SIN/PLU|IND/DEF|NOM//conj//9 grunder//NN|UTR|PLU|IND|NOM//obl//7 föreslår//VB|PRS|AKT//ROOT//13 vi//PN|UTR|PLU|DEF|SUB//nsubj//13 att//SN//mark//38 en//DT|UTR|SIN|IND//det//18 juridisk//JJ|POS|UTR|SIN|IND|NOM//amod//18 person//NN|UTR|SIN|IND|NOM//nsubj//38 som//HP|-|-|-//nsubj//20 bedriver//VB|PRS|AKT//acl:relcl//18 överföring//NN|UTR|SIN|IND|NOM//obj//20 eller//KN//cc//23 distribution//NN|UTR|SIN|IND|NOM//conj//21 av//PP//case//25 naturgas//NN|UTR|SIN|IND|NOM//nmod//23 eller//KN//cc//28 som//HP|-|-|-//nsubj//28 innehar//VB|PRS|AKT//conj//20 naturgaslager//NN|UTR|PLU|IND|NOM//obj//28 eller//KN//cc//32 en//DT|UTR|SIN|IND//det//32 anläggning//NN|UTR|SIN|IND|NOM//conj//29 för//PP//case//35 kondenserad//PC|PRF|UTR|SIN|IND|NOM//amod//35 naturgas//NN|UTR|SIN|IND|NOM//nmod//32 inte//AB//advmod//38 får//VB|PRS|AKT//aux//38 bedriva//VB|INF|AKT//ccomp//13 handel//NN|UTR|SIN|IND|NOM//obj//38 med//PP//case//41 naturgas//NN|UTR|SIN|IND|NOM//nmod//39 .//MAD//punct//13
Naturgasmarknadsdirektivet;För//PP//mark//3 att//IE//mark//3 ytterligare//AB|KOM//advmod//3 tydliggöra//VB|INF|AKT//advcl//12 åtskillnaden//NN|UTR|SIN|DEF|NOM//obj//3 mellan//PP//case//7 koncessionspliktig//JJ|POS|UTR|SIN|IND|NOM//amod//7 överföringsverksamhet//NN|UTR|SIN|IND|NOM//nmod//4 och//KN//cc//9 handel//NN|UTR|SIN|IND|NOM//conj//7 med//PP//case//11 naturgas//NN|UTR|SIN|IND|NOM//nmod//9 införs//VB|PRS|SFO//ROOT//12 en//DT|UTR|SIN|IND//det//14 regel//NN|UTR|SIN|IND|NOM//nsubj:pass//12 som//HP|-|-|-//case//16 stadgar//VB|PRS|AKT//xcomp//12 att//SN//mark//37 en//DT|UTR|SIN|IND//det//19 styrelseledamot//NN|UTR|SIN|IND|NOM//nsubj//37 ,//MID//punct//22 verkställande//JJ|POS|UTR/NEU|SIN/PLU|IND/DEF|NOM//amod//22 direktör//NN|UTR|SIN|IND|NOM//conj//19 eller//KN//cc//24 firmatecknare//NN|UTR|SIN|IND|NOM//conj//19 i//PP//case//27 ett//DT|NEU|SIN|IND//det//27 företag//NN|NEU|SIN|IND|NOM//nmod//19 som//HP|-|-|-//nsubj//29 innehar//VB|PRS|AKT//acl:relcl//27 koncession//NN|UTR|SIN|IND|NOM//obj//29 för//PP//case//32 naturgasledning//NN|UTR|SIN|IND|NOM//obl//29 inte//AB//advmod//37 samtidigt//AB//advmod//37 får//VB|PRS|AKT//aux//37 vara//VB|INF|AKT//cop//37 styrelseledamot//NN|UTR|SIN|IND|NOM//acl//16 ,//MID//punct//40 verkställande//JJ|POS|UTR/NEU|SIN/PLU|IND/DEF|NOM//amod//40 direktör//NN|UTR|SIN|IND|NOM//conj//37 eller//KN//cc//42 firmatecknare//NN|UTR|SIN|IND|NOM//conj//37 i//PP//case//46 en//DT|UTR|SIN|IND//det//46 juridisk//JJ|POS|UTR|SIN|IND|NOM//amod//46 person//NN|UTR|SIN|IND|NOM//obl//37 som//HP|-|-|-//nsubj//48 bedriver//VB|PRS|AKT//acl:relcl//46 handel//NN|UTR|SIN|IND|NOM//obj//48 med//PP//case//51 naturgas//NN|UTR|SIN|IND|NOM//nmod//49 .//MID//punct//12
Naturgasmarknadsdirektivet;Denna//DT|UTR|SIN|DEF//det//54 regel//NN|UTR|SIN|IND|NOM//nsubj//55 blir//VB|PRS|AKT//parataxis//12 inte//AB//advmod//55 tillämplig//JJ|POS|UTR|SIN|IND|NOM//xcomp//55 för//PP//case//59 distributionsföretag//NN|NEU|PLU|IND|NOM//obl//57 eftersom//SN//mark//64 deras//PS|UTR/NEU|SIN/PLU|DEF//nmod:poss//62 naturgasledningar//NN|UTR|PLU|IND|NOM//nsubj:pass//64 inte//AB//advmod//64 omfattas//VB|PRS|SFO//advcl//55 av//PP//case//66 krav//NN|NEU|PLU|IND|NOM//obl:agent//64 på//PP//case//68 koncession//NN|UTR|SIN|IND|NOM//nmod//66 .//MAD//punct//12
Naturgasmarknadsdirektivet;I//PP//case//1 syfte//NN|NEU|SIN|IND|NOM//obl//19 att//IE//mark//3 säkerställa//VB|INF|AKT//acl//1 att//SN//mark//10 de//DT|UTR/NEU|PLU|DEF//det//6 systemansvariga//JJ|POS|UTR/NEU|PLU|IND/DEF|NOM//nsubj//10 för//PP//case//9 överföringsrespektive//AB//amod//9 distributionssystemen//NN|UTR|SIN|DEF|NOM//nmod//6 inser//VB|PRS|AKT//ccomp//3 vikten//NN|UTR|SIN|DEF|NOM//obj//10 av//PP//mark//15 att//SN//mark//15 de//PN|UTR/NEU|PLU|DEF|SUB//nsubj//15 agerar//VB|PRS|AKT//acl//11 objektivt//AB|POS//advmod//15 och//KN//cc//18 icke-diskriminerande//PC|PRS|UTR/NEU|SIN/PLU|IND/DEF|NOM//conj//16 föreslår//VB|PRS|AKT//ROOT//19 vi//PN|UTR|PLU|DEF|SUB//nsubj//19 att//SN//mark//26 innehavarna//NN|UTR|PLU|DEF|NOM//nsubj//26 av//PP//case//24 naturgasledningar//NN|UTR|PLU|IND|NOM//nmod//22 skall//VB|PRS|AKT//aux//26 upprätta//VB|INF|AKT//ccomp//19 en//DT|UTR|SIN|IND//det//28 övervakningsplan//NN|UTR|SIN|IND|NOM//obj//26 där//HA//advmod//31 det//PN|NEU|SIN|DEF|SUB/OBJ//nsubj:pass//31 anges//VB|PRS|SFO//acl:relcl//28 vilka//HD|UTR/NEU|PLU|IND//det//33 åtgärder//NN|UTR|PLU|IND|NOM//nsubj:pass//31 som//HP|-|-|-//nsubj:pass//35 vidtagits//VB|SUP|SFO//acl:relcl//33 för//PP//mark//38 att//IE//mark//38 motverka//VB|INF|AKT//advcl//35 diskriminerande//PC|PRS|UTR/NEU|SIN/PLU|IND/DEF|NOM//amod//40 beteende//NN|NEU|SIN|IND|NOM//obj//38 .//MAD//punct//19
Naturgasmarknadsdirektivet;En//DT|UTR|SIN|IND//det//44 årlig//JJ|POS|UTR|SIN|IND|NOM//amod//44 rapport//NN|UTR|SIN|IND|NOM//appos//19 över//PP//case//47 de//DT|UTR/NEU|PLU|DEF//det//47 åtgärder//NN|UTR|PLU|IND|NOM//nmod//44 som//HP|-|-|-//nsubj:pass//49 vidtagits//VB|SUP|SFO//acl:relcl//47 i//PP//case//52 detta//DT|NEU|SIN|DEF//det//52 avseende//NN|NEU|SIN|IND|NOM//obl//49 skall//VB|PRS|AKT//aux//54 överlämnas//VB|INF|SFO//advcl//19 till//PP//case//57 den//DT|UTR|SIN|DEF//det//57 myndighet//NN|UTR|SIN|IND|NOM//obl//54 som//HP|-|-|-//obj//60 regeringen//NN|UTR|SIN|DEF|NOM//nsubj//60 bestämmer//VB|PRS|AKT//acl:relcl//57 .//MAD//punct//19
Naturgasmarknadsdirektivet;Den//DT|UTR|SIN|DEF//det//64 årliga//JJ|POS|UTR/NEU|SIN|DEF|NOM//amod//64 rapporten//NN|UTR|SIN|DEF|NOM//nsubj:pass//66 skall//VB|PRS|AKT//aux//66 offentliggöras//VB|INF|SFO//parataxis//19 .//MAD//punct//19
Naturgasmarknadsdirektivet;Redovisning//NN|UTR|SIN|IND|NOM//ROOT//0 och//KN//cc//2 revision//NN|UTR|SIN|IND|NOM//conj//0
Naturgasmarknadsdirektivet;Naturgaslagens//NN|UTR|SIN|DEF|GEN//nmod:poss//1 bestämmelser//NN|UTR|PLU|IND|NOM//nsubj:pass//4 om//PP//case//3 redovisning//NN|UTR|SIN|IND|NOM//nmod//1 föreslås//VB|PRS|SFO//ROOT//4 kompletteras//VB|INF|SFO//xcomp//4 så//AB//mark//10 att//SN//fixed//6 det//PN|NEU|SIN|DEF|SUB/OBJ//expl//10 klart//AB|POS//advmod//10 framgår//VB|PRS|AKT//advcl//5 att//SN//mark//32 verksamhet//NN|UTR|SIN|IND|NOM//nsubj:pass//32 som//HP|-|-|-//nsubj//14 avser//VB|PRS|AKT//acl:relcl//12 överföring-//PM|SMS//obj//14 ,//MID//punct//17 distribution-//NN|UTR|-|-|SMS//conj//15 och//KN//cc//19 lagring//NN|UTR|SIN|IND|NOM//conj//15 av//PP//case//21 naturgas//NN|UTR|SIN|IND|NOM//nmod//19 samt//KN//cc//23 verksamhet//NN|UTR|SIN|IND|NOM//conj//21 som//HP|-|-|-//nsubj:pass//25 bedrivs//VB|PRS|SFO//acl:relcl//23 i//PP//case//27 anläggning//NN|UTR|SIN|IND|NOM//obl//25 för//PP//case//30 kondenserad//PC|PRF|UTR|SIN|IND|NOM//amod//30 naturgas//NN|UTR|SIN|IND|NOM//nmod//27 skall//VB|PRS|AKT//aux//32 redovisas//VB|INF|SFO//ccomp//10 separat//AB|POS//xcomp//32 .//MAD//punct//4
Naturgasmarknadsdirektivet;Tillträde//NN|NEU|SIN|IND|NOM//ROOT//0 till//PP//case//2 naturgaslager//NN|UTR|PLU|IND|NOM//nmod//0 och//KN//cc//4 anläggning//NN|UTR|SIN|IND|NOM//conj//2 för//PP//case//7 kondenserad//PC|PRF|UTR|SIN|IND|NOM//amod//7 naturgas//NN|UTR|SIN|IND|NOM//nmod//4
Naturgasmarknadsdirektivet;För//PP//mark//5 att//SN//fixed//0 naturgasmarknaden//NN|UTR|SIN|DEF|NOM//nsubj//5 skall//VB|PRS|AKT//aux//5 vara//VB|INF|AKT//cop//5 öppen//JJ|POS|UTR|SIN|IND|NOM//advcl//11 på//PP//case//10 objektiva//JJ|POS|UTR/NEU|PLU|IND/DEF|NOM//amod//10 och//KN//cc//9 ickediskriminerande//PC|PRS|UTR/NEU|SIN/PLU|IND/DEF|NOM//conj//7 villkor//NN|NEU|PLU|IND|NOM//obl//5 föreslår//VB|PRS|AKT//ROOT//11 vi//PN|UTR|PLU|DEF|SUB//nsubj//11 att//SN//mark//27 även//AB//advmod//15 de//PN|UTR/NEU|PLU|DEF|SUB//nsubj//27 som//HP|-|-|-//nsubj//17 har//VB|PRS|AKT//acl:relcl//15 koncessionspliktiga//JJ|POS|UTR/NEU|PLU|IND/DEF|NOM//amod//19 naturgaslager//NN|UTR|PLU|IND|NOM//obj//17 eller//KN//cc//21 anläggningar//NN|UTR|PLU|IND|NOM//conj//19 för//PP//case//24 kondenserad//PC|PRF|UTR|SIN|IND|NOM//amod//24 naturgas//NN|UTR|SIN|IND|NOM//nmod//21 skall//VB|PRS|AKT//aux//27 vara//VB|INF|AKT//cop//27 skyldiga//JJ|POS|UTR/NEU|PLU|IND/DEF|NOM//ccomp//11 att//IE//mark//32 på//PP//case//31 skäliga//JJ|POS|UTR/NEU|PLU|IND/DEF|NOM//amod//31 villkor//NN|NEU|PLU|IND|NOM//obl//32 låta//VB|INF|AKT//csubj//27 berättigade//PC|PRF|UTR/NEU|PLU|IND/DEF|NOM//amod//34 kunder//NN|UTR|PLU|IND|NOM//obj//32 mata//VB|INF|AKT//xcomp//32 in//PL//compound:prt//35 och//KN//cc//38 ta//VB|INF|AKT//conj//32 ut//PL//compound:prt//38 naturgas//NN|UTR|SIN|IND|NOM//obj//38 i//PP//case//43 dessa//DT|UTR/NEU|PLU|DEF//det//43 anläggningar//NN|UTR|PLU|IND|NOM//obl//38 .//MAD//punct//11
Naturgasmarknadsdirektivet;Skyldigheten//NN|UTR|SIN|DEF|NOM//nsubj//48 skall//VB|PRS|AKT//aux//48 inte//AB//advmod//48 föreligga//VB|INF|AKT//parataxis//11 om//SN//case//51 en//DT|UTR|SIN|IND//det//51 anläggning//NN|UTR|SIN|IND|NOM//obl//48 saknar//VB|PRS|AKT//conj//48 kapacitet//NN|UTR|SIN|IND|NOM//obj//52 för//PP//case//57 den//DT|UTR|SIN|DEF//det//57 begärda//PC|PRF|UTR/NEU|SIN|DEF|NOM//amod//57 inmatningen//NN|UTR|SIN|DEF|NOM//obl//52 eller//KN//cc//62 om//SN//mark//62 det//PN|NEU|SIN|DEF|SUB/OBJ//expl//62 annars//AB//advmod//62 finns//VB|PRS|SFO//conj//48 särskilda//PC|PRF|UTR/NEU|PLU|IND/DEF|NOM//amod//64 skäl//NN|NEU|PLU|IND|NOM//nsubj//62 .//MAD//punct//48
Naturgasmarknadsdirektivet;Lagertariffer//NN|UTR|PLU|IND|NOM//nsubj:pass//12 och//KN//cc//2 tariffer//NN|UTR|PLU|IND|NOM//conj//0 för//PP//case//4 inmatning//NN|UTR|SIN|IND|NOM//obl//0 till//PP//case//7 en//DT|UTR|SIN|IND//det//7 anläggning//NN|UTR|SIN|IND|NOM//nmod//4 för//PP//case//10 kondenserad//PC|PRF|UTR|SIN|IND|NOM//amod//10 naturgas//NN|UTR|SIN|IND|NOM//nmod//7 skall//VB|PRS|AKT//aux//12 offentliggöras//VB|INF|SFO//ROOT//12 .//MAD//punct//12
Naturgasmarknadsdirektivet;Undantag//NN|NEU|PLU|IND|NOM//ROOT//0 för//PP//case//3 större//JJ|KOM|UTR/NEU|SIN/PLU|IND/DEF|NOM//amod//3 naturgasinfrastrukturprojekt//NN|NEU|PLU|IND|NOM//nmod//0
Naturgasmarknadsdirektivet;För//PP//mark//2 att//IE//mark//2 möjliggöra//VB|INF|AKT//advcl//15 investeringar//NN|UTR|PLU|IND|NOM//obj//2 i//PP//case//7 större//JJ|KOM|UTR/NEU|SIN/PLU|IND/DEF|NOM//amod//7 nya//JJ|POS|UTR/NEU|SIN|DEF|NOM//amod//7 naturgasinfrastrukturprojekt//NN|NEU|PLU|IND|NOM//obl//2 och//KN//cc//11 i//PP//case//11 väsentliga//JJ|POS|UTR/NEU|PLU|IND/DEF|NOM//amod//11 kapacitetsökningar//NN|UTR|PLU|IND|NOM//conj//7 i//PP//case//14 befintliga//JJ|POS|UTR/NEU|PLU|IND/DEF|NOM//amod//14 infrastrukturer//NN|UTR|PLU|IND|NOM//nmod//11 föreslår//VB|PRS|AKT//ROOT//15 vi//PN|UTR|PLU|DEF|SUB//nsubj//15 att//SN//mark//20 det//PN|NEU|SIN|DEF|SUB/OBJ//expl//20 skall//VB|PRS|AKT//aux//20 införas//VB|INF|SFO//ccomp//15 en//DT|UTR|SIN|IND//det//22 möjlighet//NN|UTR|SIN|IND|NOM//obj//20 att//IE//mark//24 ansöka//VB|INF|AKT//acl//22 om//PP//case//26 undantag//NN|NEU|PLU|IND|NOM//obl//24 från//PP//case//29 naturgaslagens//NN|UTR|SIN|DEF|GEN//nmod:poss//29 bestämmelser//NN|UTR|PLU|IND|NOM//nmod//26 om//PP//case//31 åtskillnad//NN|UTR|SIN|IND|NOM//obl//24 ,//MID//punct//33 skyldighet//NN|UTR|SIN|IND|NOM//conj//31 att//IE//mark//35 ansluta//VB|INF|AKT//acl//33 ledningar//NN|UTR|PLU|IND|NOM//obj//35 och//KN//cc//38 överföra//VB|INF|AKT//conj//35 naturgas//NN|UTR|SIN|IND|NOM//obj//38 ,//MID//punct//41 anskaffande//NN|NEU|SIN|IND|NOM//xcomp//38 av//PP//case//43 energi//NN|UTR|SIN|IND|NOM//nmod//41 för//PP//mark//46 att//IE//mark//46 driva//VB|INF|AKT//advcl//38 naturgasledning//NN|UTR|SIN|IND|NOM//obj//46 och//KN//cc//49 upprättande//NN|NEU|SIN|IND|NOM//conj//47 av//PP//case//51 övervakningsplan//NN|UTR|SIN|IND|NOM//nmod//49 ,//MID//punct//53 skyldighet//NN|UTR|SIN|IND|NOM//conj//51 att//IE//mark//55 lagra//VB|INF|AKT//acl//53 naturgas//NN|UTR|SIN|IND|NOM//obj//55 ,//MID//punct//58 skyldighet//NN|UTR|SIN|IND|NOM//conj//51 att//IE//mark//60 mata//VB|INF|AKT//xcomp//46 in//PL//compound:prt//60 naturgas//NN|UTR|SIN|IND|NOM//obj//60 i//PP//case//65 en//DT|UTR|SIN|IND//det//65 anläggning//NN|UTR|SIN|IND|NOM//obl//60 för//PP//case//68 kondenserad//PC|PRF|UTR|SIN|IND|NOM//amod//68 naturgas//NN|UTR|SIN|IND|NOM//nmod//65 samt//KN//cc//70 bestämmelserna//NN|UTR|PLU|DEF|NOM//conj//68 om//PP//case//72 tariffer//NN|UTR|PLU|IND|NOM//nmod//70 och//KN//cc//74 anslutningsavgifter//NN|UTR|PLU|IND|NOM//conj//72 och//KN//cc//76 systemansvar//NN|NEU|PLU|IND|NOM//conj//72 och//KN//cc//78 balansansvar//NN|NEU|SIN|IND|NOM//conj//72 .//MAD//punct//15
Naturgasmarknadsdirektivet;Ansökan//NN|UTR|SIN|IND|NOM//nsubj:pass//3 om//PP//case//2 undantag//NN|NEU|SIN|IND|NOM//nmod//0 prövas//VB|PRS|SFO//ROOT//3 av//PP//case//5 regeringen//NN|UTR|SIN|DEF|NOM//obl:agent//3 .//MID//punct//3
Naturgasmarknadsdirektivet;Ett//DT|NEU|SIN|IND//det//8 beslut//NN|NEU|SIN|IND|NOM//nsubj:pass//13 om//PP//case//10 undantag//NN|NEU|SIN|IND|NOM//nmod//8 skall//VB|PRS|AKT//aux//13 omedelbart//AB|POS//advmod//13 anmälas//VB|INF|SFO//parataxis//3 till//PP//case//17 Europeiska//JJ|POS|UTR/NEU|SIN|DEF|NOM//amod//16 gemenskapernas//NN|UTR|PLU|DEF|GEN//nmod:poss//17 kommission//NN|UTR|SIN|IND|NOM//obl//13 ,//MID//punct//17 som//HP|-|-|-//nsubj//20 har//VB|PRS|AKT//acl:relcl//17 befogenhet//NN|UTR|SIN|IND|NOM//obj//20 att//IE//mark//23 begära//VB|INF|AKT//acl//21 att//SN//mark//26 regeringen//NN|UTR|SIN|DEF|NOM//nsubj//26 ändrar//VB|PRS|AKT//ccomp//23 eller//KN//cc//28 återkallar//VB|PRS|AKT//conj//26 ett//DT|NEU|SIN|IND//det//31 beviljat//PC|PRF|NEU|SIN|IND|NOM//amod//31 undantag//NN|NEU|SIN|IND|NOM//obj//28 .//MAD//punct//3
Naturgasmarknadsdirektivet;Berättigade//PC|PRF|UTR/NEU|PLU|IND/DEF|NOM//amod//1 kunder//NN|UTR|PLU|IND|NOM//ROOT//1
Naturgasmarknadsdirektivet;Vi//PN|UTR|PLU|DEF|SUB//nsubj//1 föreslår//VB|PRS|AKT//ROOT//1 att//SN//mark//5 naturgasmarknaden//NN|UTR|SIN|DEF|NOM//nsubj:pass//5 skall//VB|PRS|AKT//aux//5 öppnas//VB|INF|SFO//ccomp//1 så//SN//advmod//5 att//SN//fixed//6 samtliga//JJ|POS|UTR/NEU|PLU|IND|NOM//amod//9 ickehushållskunder//NN|UTR|PLU|IND|NOM//nsubj//13 skall//VB|PRS|AKT//aux//13 vara//VB|INF|AKT//cop//13 berättigade//PC|PRF|UTR/NEU|PLU|IND/DEF|NOM//amod//13 kunder//NN|UTR|PLU|IND|NOM//obl//5 från//PP//case//19 och//KN//fixed//14 med//PP//fixed//14 den//DT|UTR|SIN|DEF//det//19 1//RO|NOM//nummod//19 juli//NN|UTR|SIN|IND|NOM//nmod//13 2004//RG|NOM//nummod//19 och//KN//cc//27 att//SN//mark//27 samtliga//JJ|POS|UTR/NEU|PLU|IND|NOM//amod//24 kunder//NN|UTR|PLU|IND|NOM//nsubj:pass//27 skall//VB|PRS|AKT//aux//27 vara//VB|INF|AKT//cop//27 berättigade//PC|PRF|UTR/NEU|PLU|IND/DEF|NOM//conj//5 från//PP//case//33 och//KN//cc//33 med//PP//case//33 den//DT|UTR|SIN|DEF//det//33 1//RO|NOM//nummod//33 juli//NN|UTR|SIN|IND|NOM//obl//27 2007//RG|NOM//nummod//33 .//MAD//punct//1
Naturgasmarknadsdirektivet;Tillsyn//NN|UTR|SIN|IND|NOM//ROOT//0
Naturgasmarknadsdirektivet;Vi//PN|UTR|PLU|DEF|SUB//nsubj//1 föreslår//VB|PRS|AKT//ROOT//1 att//SN//mark//5 det//PN|NEU|SIN|DEF|SUB/OBJ//nsubj:pass//5 skall//VB|PRS|AKT//aux//5 införas//VB|INF|SFO//ccomp//1 en//DT|UTR|SIN|IND//det//8 ny//JJ|POS|UTR|SIN|IND|NOM//amod//8 ordning//NN|UTR|SIN|IND|NOM//nsubj:pass//5 i//PP//case//10 naturgaslagen//NN|UTR|SIN|DEF|NOM//obl//5 som//HP|-|-|-//nsubj//12 innebär//VB|PRS|AKT//acl:relcl//10 att//SN//mark//16 tillsynsmyndigheten//NN|UTR|SIN|DEF|NOM//nsubj//16 skall//VB|PRS|AKT//aux//16 fatta//VB|INF|AKT//ccomp//12 beslut//NN|NEU|PLU|IND|NOM//obj//16 varigenom//HA//mark//26 företagens//NN|NEU|PLU|DEF|GEN//nmod:poss//20 metoder//NN|UTR|PLU|IND|NOM//nsubj:pass//26 för//PP//case//22 bestämmande//NN|NEU|SIN|IND|NOM//nmod//20 av//PP//case//24 överföringstariffer//NN|NEU|PLU|IND|NOM//nmod//22 skall//VB|PRS|AKT//aux//26 godkännas//VB|INF|SFO//ccomp//12 innan//SN//mark//30 tarifferna//NN|UTR|PLU|DEF|NOM//nsubj//30 får//VB|PRS|AKT//aux//30 träda//VB|INF|AKT//advcl//26 i//PP//compound:prt//30 kraft//NN|UTR|SIN|IND|NOM//obj//30 .//MAD//punct//1
Naturgasmarknadsdirektivet;Tillsynsmyndighetens//NN|UTR|SIN|DEF|GEN//nmod:poss//35 beslut//NN|NEU|SIN|IND|NOM//nsubj:pass//37 får//VB|PRS|AKT//aux//37 överklagas//VB|INF|SFO//parataxis//1 till//PP//case//40 allmän//JJ|POS|UTR|SIN|IND|NOM//amod//40 förvaltningsdomstol//NN|UTR|SIN|IND|NOM//obl//37 .//MAD//punct//1
Naturgasmarknadsdirektivet;Vi//PN|UTR|PLU|DEF|SUB//nsubj//43 föreslår//VB|PRS|AKT//parataxis//1 även//AB//advmod//43 att//SN//mark//49 samma//DT|UTR/NEU|SIN/PLU|IND//det//47 ordning//NN|UTR|SIN|IND|NOM//nsubj:pass//49 skall//VB|PRS|AKT//aux//49 införas//VB|INF|SFO//advcl//43 när//HA//case//53 det//PN|NEU|SIN|DEF|SUB/OBJ//fixed//50 gäller//VB|PRS|AKT//fixed//50 godkännande//NN|NEU|SIN|IND|NOM//obl//49 av//PP//case//55 villkor//NN|NEU|PLU|IND|NOM//nmod//53 för//PP//case//57 tillhandahållande//NN|NEU|SIN|IND|NOM//nmod//53 av//PP//case//59 balanstjänster//NN|UTR|PLU|IND|NOM//nmod//57 .//MAD//punct//43
Naturgasmarknadsdirektivet;För//PP//mark//2 att//IE//mark//2 undvika//VB|INF|AKT//advcl//15 att//SN//mark//7 ett//DT|NEU|SIN|IND//det//5 företag//NN|NEU|SIN|IND|NOM//nsubj//7 inte//AB//advmod//7 får//VB|PRS|AKT//ccomp//2 ett//DT|NEU|SIN|IND//det//9 beslut//NN|NEU|SIN|IND|NOM//obj//7 om//PP//case//11 villkor//NN|NEU|PLU|IND|NOM//nmod//9 inom//PP//case//14 rimlig//JJ|POS|UTR|SIN|IND|NOM//amod//14 tid//NN|UTR|SIN|IND|NOM//nmod//11 införs//VB|PRS|SFO//ROOT//15 en//DT|UTR|SIN|IND//det//17 tidsfrist//NN|UTR|SIN|IND|NOM//nsubj:pass//15 för//PP//case//19 tillsynsmyndigheten//NN|UTR|SIN|DEF|NOM//nmod//17 .//MAD//punct//15
Naturgasmarknadsdirektivet;Denna//DT|UTR|SIN|DEF//det//22 tidsfrist//NN|UTR|SIN|IND|NOM//nsubj//26 skall//VB|PRS|AKT//aux//26 vara//VB|INF|AKT//cop//26 tre//RG|NOM//nummod//26 månader//NN|UTR|PLU|IND|NOM//parataxis//15 från//PP//case//28 det//PN|NEU|SIN|DEF|SUB/OBJ//nmod//26 att//SN//mark//34 en//DT|UTR|SIN|IND//det//31 begäran//NN|UTR|SIN|IND|NOM//nsubj//34 om//PP//case//33 godkännande//NN|NEU|SIN|IND|NOM//nmod//31 kommer//VB|PRS|AKT//advcl//15 in//PL//compound:prt//34 till//PP//case//37 myndigheten//NN|UTR|SIN|DEF|NOM//obl//34 .//MID//punct//15
Naturgasmarknadsdirektivet;Ett//DT|NEU|SIN|IND//det//40 beslut//NN|NEU|SIN|IND|NOM//nsubj//46 om//PP//case//42 godkännande//NN|NEU|SIN|IND|NOM//nmod//40 av//PP//case//44 villkor//NN|NEU|PLU|IND|NOM//nmod//42 skall//VB|PRS|AKT//aux//46 gälla//VB|INF|AKT//parataxis//15 omedelbart//AB|POS//advmod//46 .//MAD//punct//15
Naturgasmarknadsdirektivet;Vi//PN|UTR|PLU|DEF|SUB//nsubj//1 föreslår//VB|PRS|AKT//ROOT//1 också//AB//advmod//1 att//SN//mark//6 det//PN|NEU|SIN|DEF|SUB/OBJ//expl//6 skall//VB|PRS|AKT//aux//6 införas//VB|INF|SFO//ccomp//1 en//DT|UTR|SIN|IND//det//8 bestämmelse//NN|UTR|SIN|IND|NOM//obj//6 som//HP|-|-|-//nsubj//10 anger//VB|PRS|AKT//acl:relcl//8 att//SN//mark//23 innehavarna//NN|UTR|PLU|DEF|NOM//nsubj//23 av//PP//case//14 naturgasledningar//NN|UTR|PLU|IND|NOM//nmod//12 ,//MID//punct//12 när//HA//mark//18 de//PN|UTR/NEU|PLU|DEF|SUB//nsubj//18 utformar//VB|PRS|AKT//advcl//23 överföringstarifferna//NN|UTR|PLU|DEF|NOM//obj//18 ,//MID//punct//23 särskilt//AB//advmod//23 skall//VB|PRS|AKT//aux//23 beakta//VB|INF|AKT//ccomp//10 antalet//NN|NEU|SIN|DEF|NOM//nmod//26 anslutna//PC|PRF|UTR/NEU|PLU|IND/DEF|NOM//amod//26 kunder//NN|UTR|PLU|IND|NOM//obj//23 ,//MID//punct//30 kundernas//NN|UTR|PLU|DEF|GEN//nmod:poss//30 geografiska//JJ|POS|UTR/NEU|SIN|DEF|NOM//amod//30 läge//NN|NEU|SIN|IND|NOM//conj//26 ,//MID//punct//34 mängden//NN|UTR|SIN|DEF|NOM//nmod//34 överförd//PC|PRF|UTR|SIN|IND|NOM//amod//34 energi//NN|UTR|SIN|IND|NOM//conj//26 och//KN//cc//37 abonnerad//PC|PRF|UTR|SIN|IND|NOM//amod//37 effekt//NN|UTR|SIN|IND|NOM//conj//34 ,//MID//punct//39 kostnaderna//NN|UTR|PLU|DEF|NOM//conj//26 för//PP//case//42 överliggande//PC|PRS|UTR/NEU|SIN/PLU|IND/DEF|NOM//amod//42 nät//NN|NEU|SIN|IND|NOM//nmod//39 ,//MID//punct//44 leveranssäkerhet//NN|UTR|SIN|IND|NOM//conj//42 och//KN//cc//46 trycket//NN|NEU|SIN|DEF|NOM//conj//42 i//PP//case//48 ledningarna//NN|UTR|PLU|DEF|NOM//nmod//46 .//MAD//punct//1
Naturgasmarknadsdirektivet;I//PP//case//1 syfte//NN|NEU|SIN|IND|NOM//ROOT//1 att//IE//mark//3 precisera//VB|INF|AKT//acl//1 hur//HA//advmod//7 anslutningsavgifterna//NN|UTR|PLU|DEF|NOM//nsubj:pass//7 skall//VB|PRS|AKT//aux//7 utformas//VB|INF|SFO//ccomp//3 föreslår//VB|PRS|AKT//xcomp//7 vi//PN|UTR|PLU|DEF|SUB//nsubj//8 att//SN//mark//12 det//PN|NEU|SIN|DEF|SUB/OBJ//expl//12 införs//VB|PRS|SFO//ccomp//8 en//DT|UTR|SIN|IND//det//15 ny//JJ|POS|UTR|SIN|IND|NOM//amod//15 bestämmelse//NN|UTR|SIN|IND|NOM//nsubj:pass//12 i//PP//case//17 naturgaslagen//NN|UTR|SIN|DEF|NOM//obl//12 som//HP|-|-|-//nsubj//19 innebär//VB|PRS|AKT//acl:relcl//17 att//SN//mark//21 innehavare//NN|UTR|PLU|IND|NOM//nsubj//26 av//PP//case//23 naturgasledning//NN|UTR|SIN|IND|NOM//nmod//21 särskilt//AB//advmod//21 skall//VB|PRS|AKT//aux//26 beakta//VB|INF|AKT//ccomp//19 var//HA//cop//31 en//DT|UTR|SIN|IND//det//29 anslutning//NN|UTR|SIN|IND|NOM//nsubj//31 är//VB|PRS|AKT//cop//31 belägen//JJ|POS|UTR|SIN|IND|NOM//ccomp//26 och//KN//cc//36 vilken//HD|UTR|SIN|IND//det//34 effekt//NN|UTR|SIN|IND|NOM//nsubj//36 anslutningen//NN|UTR|SIN|DEF|NOM//nsubj//36 avser//VB|PRS|AKT//conj//31 .//MAD//punct//1
Naturgasmarknadsdirektivet;Tidsfrister//NN|UTR|PLU|IND|NOM//ROOT//0
Naturgasmarknadsdirektivet;Vi//PN|UTR|PLU|DEF|SUB//nsubj//1 föreslår//VB|PRS|AKT//ROOT//1 att//SN//mark//4 det//PN|NEU|SIN|DEF|SUB/OBJ//expl//4 införs//VB|PRS|SFO//ccomp//1 regler//NN|UTR|PLU|IND|NOM//obj//4 om//PP//mark//11 när//HA//mark//11 tillsynsmyndigheten//NN|UTR|SIN|DEF|NOM//nsubj//11 bör//VB|PRS|AKT//aux//11 ha//VB|INF|AKT//aux//11 besvarat//VB|SUP|AKT//acl//5 ett//DT|NEU|SIN|IND//det//14 inkommet//PC|PRF|NEU|SIN|IND|NOM//amod//14 ärende//NN|NEU|SIN|IND|NOM//obj//11 .//MAD//punct//1
Naturgasmarknadsdirektivet;Ärenden//NN|NEU|PLU|IND|NOM//nsubj:pass//33 som//HP|-|-|-//nsubj//18 avser//VB|PRS|AKT//acl:relcl//16 prövning//NN|UTR|SIN|IND|NOM//obj//18 av//PP//mark//28 att//SN//mark//28 villkoren//NN|NEU|PLU|DEF|NOM//nsubj//28 för//PP//case//24 överföring//NN|UTR|SIN|IND|NOM//nmod//22 av//PP//case//26 naturgas//NN|UTR|SIN|IND|NOM//nmod//24 är//VB|PRS|AKT//cop//28 objektiva//JJ|POS|UTR/NEU|PLU|IND/DEF|NOM//acl//19 och//KN//cc//30 ickediskriminerande//PC|PRS|UTR/NEU|SIN/PLU|IND/DEF|NOM//conj//28 skall//VB|PRS|AKT//aux//33 normalt//AB|POS//advmod//33 prövas//VB|INF|SFO//parataxis//1 inom//PP//case//36 två//RG|NOM//nummod//36 månader//NN|UTR|PLU|IND|NOM//obl//33 .//MAD//punct//1
Naturgasmarknadsdirektivet;Myndigheten//NN|UTR|SIN|DEF|NOM//nsubj//40 får//VB|PRS|AKT//aux//40 förlänga//VB|INF|AKT//parataxis//1 denna//DT|UTR|SIN|DEF//det//42 tidsperiod//NN|UTR|SIN|IND|NOM//obj//40 med//PP//case//46 ytterligare//AB|KOM//advmod//45 två//RG|NOM//nummod//46 månader//NN|UTR|PLU|IND|NOM//obl//40 .//MAD//punct//56
Naturgasmarknadsdirektivet;Om//SN//mark//56 den//PN|UTR|SIN|DEF|SUB/OBJ//det//53 som//HP|-|-|-//nsubj//51 anhängiggjort//VB|SUP|AKT//acl:relcl//49 ärendet//NN|NEU|SIN|DEF|NOM//obj//51 samtycker//VB|PRS|AKT//nsubj:pass//56 får//VB|PRS|AKT//aux//56 tidsperioden//NN|UTR|SIN|DEF|NOM//nsubj:pass//56 förlängas//VB|INF|SFO//advcl//40 ytterligare//AB|KOM//advmod//56 .//MAD//punct//56
Naturgasmarknadsdirektivet;Detsamma//PN|NEU|SIN|DEF|SUB/OBJ//nsubj//61 skall//VB|PRS|AKT//aux//61 gälla//VB|INF|AKT//parataxis//56 ärenden//NN|NEU|PLU|IND|NOM//obj//61 som//HP|-|-|-//nsubj//64 avser//VB|PRS|AKT//acl:relcl//62 lagring//NN|UTR|SIN|IND|NOM//obj//64 av//PP//case//67 naturgas//NN|UTR|SIN|IND|NOM//nmod//65 och//KN//cc//69 drift//NN|UTR|SIN|IND|NOM//conj//67 av//PP//case//71 anläggning//NN|UTR|SIN|IND|NOM//nmod//69 för//PP//case//74 kondenserad//PC|PRF|UTR|SIN|IND|NOM//amod//74 naturgas//NN|UTR|SIN|IND|NOM//nmod//71 ,//MID//punct//76 anslutningsavgifter//NN|UTR|PLU|IND|NOM//conj//74 samt//KN//cc//78 systemansvar//NN|NEU|PLU|IND|NOM//conj//74 och//KN//cc//80 balansansvar//NN|NEU|SIN|IND|NOM//conj//74 .//MAD//punct//40
Naturgasmarknadsdirektivet;Tidsfristen//NN|UTR|SIN|DEF|NOM//nsubj//1 omfattar//VB|PRS|AKT//ROOT//1 inte//AB//advmod//1 naturgaslagens//NN|UTR|SIN|DEF|GEN//nmod:poss//4 bestämmelser//NN|UTR|PLU|IND|NOM//obj//1 som//HP|-|-|-//nsubj//6 reglerar//VB|PRS|AKT//acl:relcl//4 nivån//NN|UTR|SIN|DEF|NOM//obj//6 på//PP//case//9 tariffer//NN|UTR|PLU|IND|NOM//obl//6 för//PP//case//11 överföring//NN|UTR|SIN|IND|NOM//obl//6 ,//MID//punct//13 lager//NN|NEU|SIN|IND|NOM//conj//11 och//KN//cc//15 inmatning//NN|UTR|SIN|IND|NOM//conj//11 till//PP//case//18 en//DT|UTR|SIN|IND//det//18 anläggning//NN|UTR|SIN|IND|NOM//nmod//15 för//PP//case//21 kondenserad//PC|PRF|UTR|SIN|IND|NOM//amod//21 naturgas//NN|UTR|SIN|IND|NOM//nmod//18 samt//KN//cc//27 nivån//NN|UTR|SIN|DEF|NOM//nsubj//27 på//PP//case//25 avgifter//NN|UTR|PLU|IND|NOM//nmod//23 för//PP//case//27 tillhandahållande//NN|NEU|SIN|IND|NOM//conj//11 av//PP//case//29 balanstjänster//NN|UTR|PLU|IND|NOM//nmod//27 .//MAD//punct//1

