Sammanfattning;Bestämmelsen//NN|UTR|SIN|DEF|NOM//nsubj:pass//10 i//PP//case//3 11//RG|NOM//nummod//3 kap.//NN|AN//nmod//5 14//RG|NOM//nummod//5 §//NN|AN//nmod//0 om//PP//case//7 lagprövningsrätten//NN|UTR|SIN|DEF|NOM//nmod//5 (//PAD//punct//0 här//AB//advmod//10 innefattas//VB|PRS|SFO//ROOT//10 även//AB//advmod//10 prövningen//NN|UTR|SIN|DEF|NOM//nsubj:pass//10 av//PP//case//15 andra//JJ|POS|UTR/NEU|PLU|IND/DEF|NOM//amod//15 föreskrifter//NN|UTR|PLU|IND|NOM//nmod//12 så//AB//advmod//10 som//KN//fixed//16 t.ex.//AB|AN//advmod//19 förordningar//NN|UTR|PLU|IND|NOM//obl//10 )//PAD//punct//10 infördes//VB|PRT|SFO//parataxis//10 år//NN|NEU|SIN|IND|NOM//nmod//23 1980//RG|NOM//obl//21 .//MAD//punct//10
Sammanfattning;Lagprövningsrättens//NN|UTR|SIN|DEF|GEN//nmod:poss//26 existens//NN|UTR|SIN|IND|NOM//nsubj//30 och//KN//cc//29 huvudsakliga//JJ|POS|UTR/NEU|SIN|DEF|NOM//amod//29 innebörd//NN|UTR|SIN|IND|NOM//conj//26 hade//VB|PRT|AKT//aux//36 dessförinnan//AB//obj//30 vid//PP//case//35 ett//DT|NEU|SIN|IND//det//34 antal//NN|NEU|SIN|IND|NOM//nmod//35 tillfällen//NN|NEU|PLU|IND|NOM//nsubj:pass//36 bekräftats//VB|SUP|SFO//parataxis//10 av//PP//case//42 bland//PP//case//42 annat//PN|NEU|SIN|IND|SUB/OBJ//amod//42 olika//JJ|POS|UTR/NEU|PLU|IND/DEF|NOM//amod//42 statliga//JJ|POS|UTR/NEU|PLU|IND/DEF|NOM//amod//42 utredningar//NN|UTR|PLU|IND|NOM//obl:agent//36 och//KN//cc//47 de//DT|UTR/NEU|PLU|DEF//det//47 högsta//JJ|SUV|UTR/NEU|SIN/PLU|DEF|NOM//amod//47 dömande//PC|PRS|UTR/NEU|SIN/PLU|IND/DEF|NOM//amod//47 instanserna//NN|UTR|PLU|DEF|NOM//conj//42 .//MAD//punct//36
Sammanfattning;Bestämmelsen//NN|UTR|SIN|DEF|NOM//nsubj//55 i//PP//case//54 11//RG|NOM//nummod//52 kap.//NN|AN//nmod//53 14//RG|NOM//nummod//54 §//NN|AN//nmod//49 ansågs//VB|PRT|SFO//parataxis//36 därför//AB//advmod//55 i//PP//advmod//60 stort//AB//fixed//57 sett//PC|PRF|NEU|SIN|IND|NOM//fixed//57 kodifiera//VB|INF|AKT//xcomp//55 ett//DT|NEU|SIN|IND//det//62 rättsläge//NN|NEU|SIN|IND|NOM//obj//60 som//HP|-|-|-//mark//65 redan//AB//advmod//65 gällde//VB|PRT|AKT//acl:relcl//62 .//MAD//punct//10
Sammanfattning;Normprövning//NN|UTR|SIN|IND|NOM//nsubj//7 enligt//PP//case//5 11//RG|NOM//nummod//3 kap.//NN|AN//obl//4 14//RG|NOM//nummod//5 §//NN|AN//nmod//0 är//VB|PRS|AKT//cop//7 konkret//JJ|POS|NEU|SIN|IND|NOM//ROOT//7 .//MID//punct//7
Sammanfattning;Det//PN|NEU|SIN|DEF|SUB/OBJ//nsubj//10 innebär//VB|PRS|AKT//parataxis//7 att//SN//mark//19 prövningen//NN|UTR|SIN|DEF|NOM//nsubj:pass//19 –//RG|NOM//punct//19 i//PP//case//16 den//DT|UTR|SIN|DEF//det//16 mån//NN|UTR|SIN|IND|NOM//obl//19 prövningen//NN|UTR|SIN|DEF|NOM//nsubj:pass//19 exempelvis//AB//advmod//19 utövas//VB|PRS|SFO//ccomp//10 av//PP//case//21 domstol//NN|UTR|SIN|IND|NOM//obl:agent//19
Sammanfattning;–//RG|NOM//punct//1 sker//VB|PRS|AKT//ROOT//1 i//PP//case//4 vanlig//JJ|POS|UTR|SIN|IND|NOM//amod//4 domstol//NN|UTR|SIN|IND|NOM//obl//1 och//KN//cc//11 inom//PP//case//11 ramen//NN|UTR|SIN|DEF|NOM//fixed//6 för//PP//fixed//6 det//DT|NEU|SIN|DEF//det//11 vanliga//JJ|POS|UTR/NEU|SIN|DEF|NOM//amod//11 domstolsförfarandet//NN|NEU|SIN|DEF|NOM//conj//4 .//MAD//punct//1
Sammanfattning;Frågan//NN|UTR|SIN|DEF|NOM//nsubj//21 om//PP//case//18 t.ex.//AB|AN//advmod//18 en//DT|UTR|SIN|IND//det//17 lags//NN|UTR|SIN|IND|GEN//nmod:poss//18 förenlighet//NN|UTR|SIN|IND|NOM//nmod//13 med//PP//case//20 grundlagen//NN|UTR|SIN|DEF|NOM//nmod//18 uppkommer//VB|PRS|AKT//parataxis//1 därmed//AB//advmod//21 i//PP//mark//31 samband//NN|NEU|SIN|IND|NOM//fixed//23 med//PP//mark//31 att//SN//mark//31 ett//DT|NEU|SIN|IND//det//29 specifikt//JJ|POS|NEU|SIN|IND|NOM//amod//29 fall//NN|NEU|SIN|IND|NOM//nsubj:pass//31 ska//VB|PRS|AKT//aux//31 avgöras//VB|INF|SFO//advcl//21 .//MAD//punct//21
Sammanfattning;Normprövningen//NN|UTR|SIN|DEF|NOM//nsubj//34 sker//VB|PRS|AKT//parataxis//21 i//PP//case//36 efterhand//AB//advmod//34 ,//MID//punct//40 det//PN|NEU|SIN|DEF|SUB/OBJ//nsubj//40 vill//VB|PRS|AKT//aux//40 säga//VB|INF|AKT//conj//21 efter//PP//mark//45 att//SN//mark//45 normen//NN|UTR|SIN|DEF|NOM//nsubj:pass//45 har//VB|PRS|AKT//aux//45 antagits//VB|SUP|SFO//ccomp//40 och//KN//cc//47 trätt//VB|SUP|AKT//conj//45 i//PP//case//49 kraft//NN|UTR|SIN|IND|NOM//obl//47 .//MAD//punct//21
Sammanfattning;Det//PN|NEU|SIN|DEF|SUB/OBJ//expl//54 är//VB|PRS|AKT//cop//54 endast//AB//advmod//54 parterna//NN|UTR|PLU|DEF|NOM//parataxis//21 i//PP//case//56 målet//NN|NEU|SIN|DEF|NOM//nmod//54 som//HP|-|-|-//nsubj:pass//59 formellt//AB|POS//advmod//59 omfattas//VB|PRS|SFO//acl:cleft//54 av//PP//case//61 prövningsbeslutet//NN|NEU|SIN|DEF|NOM//obl:agent//59 .//MAD//punct//1
Sammanfattning;Inkorporeringen//NN|UTR|SIN|DEF|NOM//det//1 år//NN|NEU|SIN|IND|NOM//nmod//2 1995//RG|NOM//obl//9 av//PP//case//4 Europakonventionen//NN|UTR|SIN|DEF|NOM//nmod//2 i//PP//case//7 svensk//JJ|POS|UTR|SIN|IND|NOM//amod//7 rätt//NN|UTR|SIN|IND|NOM//nmod//4 har//VB|PRS|AKT//aux//9 inneburit//VB|SUP|AKT//ROOT//9 att//SN//mark//15 området//NN|NEU|SIN|DEF|NOM//nsubj:pass//15 för//PP//case//13 normprövning//NN|UTR|SIN|IND|NOM//nmod//11 har//VB|PRS|AKT//aux//15 vidgats//VB|SUP|SFO//ccomp//9 .//MAD//punct//9
Sammanfattning;Enligt//PP//case//18 bestämmelsen//NN|UTR|SIN|DEF|NOM//obl//25 i//PP//case//24 2//RG|NOM//nummod//21 kap.//NN|AN//nmod//22 23//RG|NOM//nummod//23 §//NN|AN//nmod//24 regeringsformen//NN|UTR|SIN|DEF|NOM//nmod//18 föreligger//VB|PRS|AKT//parataxis//9 nämligen//AB//advmod//25 ett//DT|NEU|SIN|IND//det//28 förbud//NN|NEU|SIN|IND|NOM//obj//25 mot//PP//case//30 meddelandet//NN|NEU|SIN|DEF|NOM//nmod//28 av//PP//case//33 konventionsstridiga//JJ|POS|UTR/NEU|PLU|IND/DEF|NOM//amod//33 föreskrifter//NN|UTR|PLU|IND|NOM//nmod//30 .//MAD//punct//25
Sammanfattning;En//DT|UTR|SIN|IND//det//36 domstol//NN|UTR|SIN|IND|NOM//nsubj//47 eller//KN//cc//40 annat//JJ|POS|NEU|SIN|IND|NOM//amod//40 offentligt//JJ|POS|NEU|SIN|IND|NOM//amod//40 organ//NN|NEU|SIN|IND|NOM//conj//36 kan//VB|PRS|AKT//cop//36 enligt//PP//case//44 11//RG|NOM//nummod//44 kap.//NN|AN//obl//45 14//RG|NOM//nummod//46 §//NN|AN//nmod//36 åsidosätta//VB|INF|AKT//parataxis//25 t.ex.//AB|AN//advmod//47 lagar//NN|UTR|PLU|IND|NOM//obj//47 eller//KN//cc//51 förordningar//NN|UTR|PLU|IND|NOM//conj//49 som//HP|-|-|-//nsubj//53 står//VB|PRS|AKT//acl:relcl//51 i//PP//case//56 uppenbar//JJ|POS|UTR|SIN|IND|NOM//amod//56 strid//NN|UTR|SIN|IND|NOM//obl//53 med//PP//case//59 Sveriges//PM|GEN//nmod:poss//59 åtaganden//NN|NEU|PLU|IND|NOM//nmod//56 enligt//PP//case//61 Europakonventionen//NN|UTR|SIN|DEF|NOM//nmod//59 .//MAD//punct//47
Sammanfattning;Enligt//PP//case//64 förarbetsuttalanden//NN|UTR|SIN|DEF|NOM//obl//69 i//PP//case//68 samband//NN|NEU|SIN|IND|NOM//fixed//65 med//PP//fixed//65 inkorporeringen//NN|UTR|SIN|DEF|NOM//nmod//64 blir//VB|PRS|AKT//conj//25 dock//AB//advmod//69 lagprövning//NN|UTR|SIN|IND|NOM//nsubj//69 mot//PP//case//76 2//RG|NOM//nummod//74 kap.//NN|AN//nmod//75 23//RG|NOM//nummod//76 §//NN|AN//nmod//71 endast//AB//advmod//78 aktuell//JJ|POS|UTR|SIN|IND|NOM//xcomp//69 om//PP//case//80 tolknings-//NN|UTR|-|-|SMS//obl//69 och//KN//cc//82 rättstillämpningsmetoder//NN|UTR|PLU|IND|NOM//conj//80 inte//AB//advmod//84 leder//VB|PRS|AKT//conj//25 till//PP//mark//89 att//SN//mark//89 konventionsbestämmelserna//NN|UTR|PLU|DEF|NOM//nsubj:pass//89 ska//VB|PRS|AKT//aux//89 tillämpas//VB|INF|SFO//advcl//84 .//MAD//punct//9
Sammanfattning;Sveriges//PM|GEN//nmod:poss//1 anslutning//NN|UTR|SIN|IND|NOM//nsubj//12 till//PP//case//3 EU//PM|NOM//nmod//1 och//KN//cc//8 den//DT|UTR|SIN|DEF//nsubj//8 därmed//AB//advmod//8 sammanhängande//PC|PRS|UTR/NEU|SIN/PLU|IND/DEF|NOM//amod//8 bundenheten//NN|UTR|SIN|DEF|NOM//conj//1 av//PP//case//10 EG-rätten//NN|UTR|SIN|DEF|NOM//nmod//8 har//VB|PRS|AKT//aux//12 inneburit//VB|SUP|AKT//ROOT//12 att//SN//mark//26 en//DT|UTR|SIN|IND//det//16 stor//JJ|POS|UTR|SIN|IND|NOM//amod//16 del//NN|UTR|SIN|IND|NOM//nsubj:pass//26 av//PP//case//19 de//DT|UTR/NEU|PLU|DEF//det//19 bestämmelser//NN|UTR|PLU|IND|NOM//nmod//16 som//HP|-|-|-//nsubj//21 faller//VB|PRS|AKT//acl:relcl//19 inom//PP//case//24 detta//DT|NEU|SIN|DEF//det//24 rättsområde//NN|NEU|SIN|IND|NOM//obl//21 inte//AB//advmod//26 omfattas//VB|PRS|SFO//ccomp//12 av//PP//case//28 regleringen//NN|UTR|SIN|DEF|NOM//obl:agent//26 i//PP//case//33 11//RG|NOM//nummod//31 kap.//NN|AN//nmod//32 14//RG|NOM//nummod//33 §//NN|AN//obl//26 och//KN//cc//35 därmed//AB//advmod//40 inte//AB//advmod//35 heller//AB//advmod//35 det//DT|NEU|SIN|DEF//det//40 s.k.//AB|AN//amod//40 uppenbarhetskravet//NN|NEU|SIN|DEF|NOM//conj//26 .//MID//punct//12
Sammanfattning;Det//PN|NEU|SIN|DEF|SUB/OBJ//nsubj//43 följer//VB|PRS|AKT//parataxis//12 av//PP//case//45 principen//NN|UTR|SIN|DEF|NOM//obl//43 om//PP//case//48 EG-rättens//NN|UTR|SIN|DEF|GEN//nmod:poss//48 företräde//NN|NEU|SIN|IND|NOM//nmod//45 framför//PP//case//52 den//DT|UTR|SIN|DEF//det//52 nationella//JJ|POS|UTR/NEU|SIN|DEF|NOM//amod//52 rätten//NN|UTR|SIN|DEF|NOM//obl//43 .//MAD//punct//43
Sammanfattning;I//PP//case//55 sammanhanget//NN|NEU|SIN|DEF|NOM//obl//58 kan//VB|PRS|AKT//aux//58 även//AB//advmod//58 noteras//VB|INF|SFO//conj//43 att//SN//mark//67 EGdomstolens//PM|GEN//nmod:poss//61 praxis//NN|UTR|SIN|IND|NOM//nsubj//67 på//PP//case//63 fri-//JJ|POS|UTR|-|-|SMS//nmod//61 och//KN//cc//65 rättighetsområdet//NN|NEU|SIN|DEF|NOM//conj//63 har//VB|PRS|AKT//aux//67 medfört//VB|SUP|AKT//ccomp//58 att//SN//mark//79 Europakonventionens//NN|UTR|SIN|DEF|GEN//nmod:poss//70 bestämmelser//NN|UTR|PLU|IND|NOM//nsubj:pass//79 ,//MID//punct//70 tillsammans//AB//advmod//77 med//PP//case//77 medlemsstaternas//NN|UTR|PLU|DEF|GEN//nmod:poss//77 gemensamma//JJ|POS|UTR/NEU|PLU|IND/DEF|NOM//amod//77 konstitutionella//JJ|POS|UTR/NEU|PLU|IND/DEF|NOM//amod//77 traditioner//NN|UTR|PLU|IND|NOM//appos//70 ,//MID//punct//70 betraktas//VB|PRS|SFO//ccomp//67 som//KN//case//82 allmänna//JJ|POS|UTR/NEU|PLU|IND/DEF|NOM//amod//82 principer//NN|UTR|PLU|IND|NOM//obl//79 inom//PP//case//84 EG-rätten//NN|UTR|SIN|DEF|NOM//nmod//82 .//MAD//punct//43
Sammanfattning;De//DT|UTR/NEU|PLU|DEF//det//1 rättsfallsöversikter//NN|UTR|PLU|IND|NOM//nsubj:pass//18 som//HP|-|-|-//nsubj:pass//4 har//VB|PRS|AKT//aux//4 gjorts//VB|SUP|SFO//acl:relcl//1 av//PP//case//7 domstolarnas//NN|UTR|PLU|DEF|GEN//nmod:poss//7 normprövning//NN|UTR|SIN|IND|NOM//obl//4 före//PP//advmod//4 och//KN//cc//11 efter//PP//case//11 införandet//NN|NEU|SIN|DEF|NOM//conj//1 av//PP//case//16 11//RG|NOM//nummod//14 kap.//NN|AN//nmod//15 14//RG|NOM//nummod//16 §//NN|AN//nmod//11 får//VB|PRS|AKT//aux//18 sägas//VB|INF|SFO//ROOT//18 visa//VB|INF|AKT//xcomp//18 att//SN//mark//29 den//DT|UTR|SIN|DEF//det//23 direkta//JJ|POS|UTR/NEU|SIN|DEF|NOM//amod//23 betydelsen//NN|UTR|SIN|DEF|NOM//nsubj//29 av//PP//case//25 normprövningsinstitutet//NN|NEU|SIN|DEF|NOM//nmod//23 har//VB|PRS|AKT//aux//29 varit//VB|SUP|AKT//cop//29 relativt//AB|POS//advmod//29 marginell//JJ|POS|UTR|SIN|IND|NOM//ccomp//19 ,//MID//punct//33 om//SN//mark//33 man//PN|UTR|SIN|IND|SUB//nsubj//33 ser//VB|PRS|AKT//advcl//29 till//PP//case//35 antalet//NN|NEU|SIN|DEF|NOM//nmod//36 fall//NN|NEU|PLU|IND|NOM//obl//33 där//HA//advmod//39 föreskrifter//NN|UTR|PLU|IND|NOM//nsubj:pass//39 underkänts//VB|SUP|SFO//acl:relcl//36 med//PP//case//41 stöd//NN|NEU|SIN|IND|NOM//obl//39 av//PP//case//43 paragrafen//NN|UTR|SIN|DEF|NOM//nmod//41 .//MAD//punct//33
Sammanfattning;Motivuttalanden//NN|UTR|SIN|DEF|NOM//obj//33 av//PP//case//47 innebörden//NN|UTR|SIN|DEF|NOM//nmod//45 att//IE//punct//18
Sammanfattning;Grundlagsutredningens//NN|UTR|SIN|DEF|GEN//nmod:poss//1 expertgrupp//NN|UTR|SIN|IND|NOM//ROOT//1
Sammanfattning;lagprövningen//NN|UTR|SIN|DEF|NOM//nsubj//6 inte//AB//advmod//6 skulle//VB|PRT|AKT//aux//6 vara//VB|INF|AKT//cop//6 ett//DT|NEU|SIN|IND//det//6 normalt//JJ|POS|NEU|SIN|IND|NOM//amod//6 inslag//NN|NEU|SIN|IND|NOM//ROOT//6 i//PP//case//8 rättssystemet//NN|NEU|SIN|DEF|NOM//nmod//6 utan//KN//cc//12 endast//AB//advmod//12 ett//DT|NEU|SIN|IND//det//12 skydd//NN|NEU|SIN|IND|NOM//conj//6 för//PP//case//14 medborgarna//NN|UTR|PLU|DEF|NOM//nmod//12 i//PP//case//17 exceptionella//JJ|POS|UTR/NEU|PLU|IND/DEF|NOM//amod//17 situationer//NN|UTR|PLU|IND|NOM//nmod//14 återspeglas//VB|PRS|SFO//amod//6 i//PP//case//20 praxis//NN|UTR|SIN|IND|NOM//obl//18 .//MAD//punct//6
Sammanfattning;Det//PN|NEU|SIN|DEF|SUB/OBJ//expl//25 torde//VB|PRT|AKT//aux//25 inte//AB//advmod//25 råda//VB|INF|AKT//parataxis//6 någon//DT|UTR|SIN|IND//det//27 tvekan//NN|UTR|SIN|IND|NOM//obj//25 om//PP//mark//47 att//SN//mark//47 den//DT|UTR|SIN|DEF//det//31 återhållsamhet//NN|UTR|SIN|IND|NOM//nsubj//47 som//HP|-|-|-//obj//35 grundlagstiftaren//NN|UTR|SIN|DEF|NOM//nsubj//35 har//VB|PRS|AKT//aux//35 avsett//VB|SUP|AKT//acl:relcl//31 ,//MID//punct//31 och//KN//cc//39 som//HP|-|-|-//nsubj//39 framgår//VB|PRS|AKT//conj//31 av//PP//case//41 uppenbarhetskravet//NN|NEU|SIN|DEF|NOM//obl//39 i//PP//case//43 bestämmelsen//NN|UTR|SIN|DEF|NOM//nmod//41 ,//MID//punct//31 här//AB//advmod//47 har//VB|PRS|AKT//aux//47 haft//VB|SUP|AKT//acl//27 inverkan//NN|UTR|SIN|IND|NOM//obj//47 .//MAD//punct//25
Sammanfattning;Det//PN|NEU|SIN|DEF|SUB/OBJ//expl//54 är//VB|PRS|AKT//cop//54 dock//AB//advmod//54 inte//AB//advmod//54 uteslutet//PC|PRF|NEU|SIN|IND|NOM//conj//25 att//SN//mark//59 andra//JJ|POS|UTR/NEU|PLU|IND/DEF|NOM//amod//57 faktorer//NN|UTR|PLU|IND|NOM//nsubj//59 har//VB|PRS|AKT//aux//59 haft//VB|SUP|AKT//acl//54 betydelse//NN|UTR|SIN|IND|NOM//obj//59 ,//MID//punct//60 t.ex.//AB|AN//advmod//65 lagprövningsinstitutets//NN|NEU|SIN|DEF|GEN//nmod:poss//65 preventiva//JJ|POS|UTR/NEU|SIN|DEF|NOM//amod//65 verkan//NN|UTR|SIN|IND|NOM//appos//60 och//KN//cc//67 lagrådsgranskningen//NN|UTR|SIN|DEF|NOM//conj//65 .//MAD//punct//25
Sammanfattning;Det//PN|NEU|SIN|DEF|SUB/OBJ//expl//3 är//VB|PRS|AKT//cop//3 samtidigt//AB//advmod//3 tydligt//JJ|POS|NEU|SIN|IND|NOM//ROOT//3 att//SN//mark//14 en//DT|UTR|SIN|IND//det//6 effekt//NN|UTR|SIN|IND|NOM//nsubj//14 av//PP//case//9 europarättens//NN|UTR|SIN|DEF|GEN//nmod:poss//9 inverkan//NN|UTR|SIN|IND|NOM//nmod//6 på//PP//case//13 det//DT|NEU|SIN|DEF//det//13 svenska//JJ|POS|UTR/NEU|SIN|DEF|NOM//amod//13 rättssystemet//NN|NEU|SIN|DEF|NOM//nmod//9 är//VB|PRS|AKT//csubj//3 att//SN//mark//17 normprövningsfrågorna//NN|UTR|PLU|DEF|NOM//nsubj//17 ökar//VB|PRS|AKT//ccomp//14 i//PP//case//19 betydelse//NN|UTR|SIN|IND|NOM//obl//17 .//MAD//punct//3
Sammanfattning;Det//PN|NEU|SIN|DEF|SUB/OBJ//expl//22 gäller//VB|PRS|AKT//parataxis//3 särskilt//AB//advmod//22 efter//PP//case//25 tillträdet//NN|NEU|SIN|DEF|NOM//obl//22 till//PP//case//27 EU//PM|NOM//obl//22 och//KN//cc//29 inkorporeringen//NN|UTR|SIN|DEF|NOM//conj//27 av//PP//case//31 Europakonventionen//NN|UTR|SIN|DEF|NOM//nmod//29 .//MAD//punct//22
Sammanfattning;Normprövning//NN|UTR|SIN|IND|NOM//nsubj//39 i//PP//case//36 vidsträckt//JJ|POS|UTR|SIN|IND|NOM//amod//36 mening//NN|UTR|SIN|IND|NOM//nmod//33 har//VB|PRS|AKT//aux//39 härigenom//AB//advmod//39 blivit//VB|SUP|AKT//parataxis//22 ett//DT|NEU|SIN|IND//det//43 mer//AB|KOM//advmod//42 vanligt//JJ|POS|NEU|SIN|IND|NOM//amod//43 inslag//NN|NEU|SIN|IND|NOM//xcomp//39 i//PP//case//46 domstolarnas//NN|UTR|PLU|DEF|GEN//nmod:poss//46 verksamhet//NN|UTR|SIN|IND|NOM//obl//39 .//MAD//punct//3
Sammanfattning;Gruppen//NN|UTR|SIN|DEF|NOM//nsubj//1 redovisar//VB|PRS|AKT//ROOT//1 vad//HP|NEU|SIN|IND//dislocated//5 som//HP|-|-|-//nsubj:pass//5 kan//VB|PRS|AKT//aux//5 sägas//VB|INF|SFO//ccomp//1 vara//VB|INF|AKT//cop//8 tre//RG|NOM//nummod//8 grundmodeller//NN|UTR|PLU|IND|NOM//xcomp//5 med//PP//case//10 syfte//NN|NEU|SIN|IND|NOM//nmod//8 att//IE//mark//12 effektivisera//VB|INF|AKT//acl//8 normprövningen//NN|UTR|SIN|DEF|NOM//obj//12 .//MAD//punct//1
Sammanfattning;Gruppens//NN|UTR|SIN|DEF|GEN//nmod:poss//2 första//RO|NOM//amod//2 grundmodell//NN|UTR|SIN|IND|NOM//nsubj//7 för//PP//case//6 en//DT|UTR|SIN|IND//det//6 förändrad//PC|PRF|UTR|SIN|IND|NOM//amod//6 normkontroll//NN|UTR|SIN|IND|NOM//nmod//2 avser//VB|PRS|AKT//ROOT//7 Lagrådet//NN|NEU|SIN|DEF|NOM//nsubj//7 och//KN//cc//11 annan//JJ|POS|UTR|SIN|IND|NOM//amod//11 förhandskontroll//NN|UTR|SIN|IND|NOM//conj//8 .//MID//punct//7
Sammanfattning;Det//PN|NEU|SIN|DEF|SUB/OBJ//expl//15 kan//VB|PRS|AKT//aux//15 konstateras//VB|INF|SFO//parataxis//7 att//SN//mark//24 systemet//NN|NEU|SIN|DEF|NOM//nsubj//24 med//PP//case//19 förhandskontroll//NN|UTR|SIN|IND|NOM//nmod//17 av//PP//case//21 lagstiftning//NN|UTR|SIN|IND|NOM//nmod//19 är//VB|PRS|AKT//cop//24 väl//AB|POS//advmod//24 inarbetat//PC|PRF|NEU|SIN|IND|NOM//ccomp//15 i//PP//case//26 Sverige//PM|NOM//obl//24 och//KN//cc//31 har//VB|PRS|AKT//aux//31 genom//PP//case//30 Lagrådet//NN|NEU|SIN|DEF|NOM//obl//31 fått//VB|SUP|AKT//conj//15 en//DT|UTR|SIN|IND//det//34 institutionell//JJ|POS|UTR|SIN|IND|NOM//amod//34 form//NN|UTR|SIN|IND|NOM//obj//31 som//HP|-|-|-//nsubj:pass//37 kan//VB|PRS|AKT//aux//37 utvecklas//VB|INF|SFO//acl:relcl//34 vidare//AB|KOM//advmod//37 .//MAD//punct//15
Sammanfattning;Förhandskontrollen//NN|UTR|SIN|DEF|NOM//nsubj:pass//44 i//PP//case//42 lagstiftningsprocessen//NN|UTR|SIN|DEF|NOM//nmod//40 kan//VB|PRS|AKT//aux//44 förstärkas//VB|INF|SFO//parataxis//15 genom//PP//mark//53 att//SN//mark//53 de//DT|UTR/NEU|PLU|DEF//det//49 praktiska//JJ|POS|UTR/NEU|PLU|IND/DEF|NOM//amod//49 förutsättningarna//NN|UTR|PLU|DEF|NOM//nsubj:pass//53 för//PP//case//52 Lagrådets//NN|NEU|SIN|DEF|GEN//nmod:poss//52 granskning//NN|UTR|SIN|IND|NOM//nmod//49 förbättras//VB|INF|SFO//advcl//44 ,//MID//punct//53 t.ex.//AB|AN//advmod//58 genom//PP//mark//58 att//IE//mark//58 inrätta//VB|INF|AKT//advcl//53 en//DT|UTR|SIN|IND//det//61 juridisk//JJ|POS|UTR|SIN|IND|NOM//amod//61 kanslifunktion//NN|UTR|SIN|IND|NOM//obj//58 hos//PP//case//63 Lagrådet//NN|NEU|SIN|DEF|NOM//obl//58 .//MAD//punct//15
Sammanfattning;Ett//DT|NEU|SIN|IND//det//67 annat//JJ|POS|NEU|SIN|IND|NOM//amod//67 sätt//NN|NEU|SIN|IND|NOM//appos//15 att//IE//mark//69 förstärka//VB|INF|AKT//acl//67 Lagrådets//NN|NEU|SIN|DEF|GEN//nmod:poss//72 normkontrollerande//PC|PRS|UTR/NEU|SIN/PLU|IND/DEF|NOM//amod//72 funktion//NN|UTR|SIN|IND|NOM//obj//69 är//VB|PRS|AKT//cop//67 att//IE//mark//75 föreskriva//VB|INF|AKT//acl//67 att//SN//mark//79 Lagrådet//NN|NEU|SIN|DEF|NOM//nsubj:pass//79 ska//VB|PRS|AKT//aux//79 höras//VB|INF|SFO//ccomp//75 i//PP//case//82 fler//JJ|POS|UTR/NEU|PLU|IND|NOM//amod//82 fall//NN|NEU|PLU|IND|NOM//obl//79 än//KN//mark//84 i//PP//advcl//79 dag//NN|UTR|SIN|IND|NOM//fixed//84 .//MAD//punct//67
Sammanfattning;En//DT|UTR|SIN|IND//det//89 ytterligare//JJ|KOM|UTR/NEU|SIN/PLU|IND/DEF|NOM//amod//89 metod//NN|UTR|SIN|IND|NOM//appos//67 att//IE//mark//91 stärka//VB|INF|AKT//acl//89 förhandskontrollen//NN|UTR|SIN|DEF|NOM//obj//91 är//VB|PRS|AKT//cop//89 att//SN//mark//98 efter//PP//case//97 finsk//JJ|POS|UTR|SIN|IND|NOM//amod//97 modell//NN|UTR|SIN|IND|NOM//obl//98 införa//VB|INF|AKT//csubj//89 ett//DT|NEU|SIN|IND//det//101 svenskt//JJ|POS|NEU|SIN|IND|NOM//amod//101 grundlagsutskott//NN|NEU|SIN|IND|NOM//obj//98 i//PP//case//103 riksdagen//NN|UTR|SIN|DEF|NOM//obl//98 .//MAD//punct//67
Sammanfattning;En//DT|UTR|SIN|IND//det//106 huvudtanke//NN|UTR|SIN|IND|NOM//appos//67 med//PP//case//110 en//DT|UTR|SIN|IND//det//110 sådan//JJ|POS|UTR|SIN|IND|NOM//amod//110 åtgärd//NN|UTR|SIN|IND|NOM//nmod//106 vore//VB|KON|PRT|AKT//cop//106 att//SN//mark//116 utskottets//NN|NEU|SIN|DEF|GEN//nmod:poss//114 granskning//NN|UTR|SIN|IND|NOM//nsubj:pass//116 skulle//VB|PRT|AKT//aux//116 ges//VB|INF|SFO//csubj//106 en//DT|UTR|SIN|IND//det//120 mera//AB|KOM//advmod//119 juridisk//JJ|POS|UTR|SIN|IND|NOM//amod//120 tyngdpunkt//NN|UTR|SIN|IND|NOM//obj//116 än//KN//mark//124 som//HP|-|-|-//nsubj//124 är//VB|PRS|AKT//cop//124 fallet//NN|NEU|SIN|DEF|NOM//acl//120 vid//PP//case//128 en//DT|UTR|SIN|IND//det//128 politisk//JJ|POS|UTR|SIN|IND|NOM//amod//128 beredning//NN|UTR|SIN|IND|NOM//nmod//124 av//PP//case//130 ärendet//NN|NEU|SIN|DEF|NOM//nmod//128 .//MAD//punct//7
Sammanfattning;I//PP//case//3 den//DT|UTR|SIN|DEF//det//3 andra//RO|NOM//amod//3 grundmodellen//NN|UTR|SIN|DEF|NOM//obl//4 behandlas//VB|PRS|SFO//ROOT//4 möjligheten//NN|UTR|SIN|DEF|NOM//nsubj:pass//4 att//IE//mark//7 öka//VB|INF|AKT//advcl//4 främst//AB|SUV//advmod//7 domstolarnas//NN|UTR|PLU|DEF|GEN//nmod:poss//10 normprövningsrätt//NN|UTR|SIN|IND|NOM//obj//7 genom//PP//mark//13 att//IE//mark//13 ändra//VB|INF|AKT//advcl//7 i//PP//case//15 bestämmelsen//NN|UTR|SIN|DEF|NOM//obl//13 i//PP//case//20 11//RG|NOM//nummod//18 kap.//NN|AN//nmod//19 14//RG|NOM//nummod//20 §//NN|AN//obl//13 .//MAD//punct//4
Sammanfattning;En//DT|UTR|SIN|IND//det//24 tänkbar//JJ|POS|UTR|SIN|IND|NOM//amod//24 ändring//NN|UTR|SIN|IND|NOM//nsubj:pass//4 är//VB|PRS|AKT//cop//28 att//IE//mark//28 helt//AB|POS//advmod//28 ta//VB|INF|AKT//advcl//4 bort//PL//compound:prt//28 uppenbarhetskravet//NN|NEU|SIN|DEF|NOM//obj//28 i//PP//case//32 bestämmelsen//NN|UTR|SIN|DEF|NOM//obl//28 ,//MID//punct//32 således//AB//advmod//37 både//KN//cc//36 avseende//PC|PRS|UTR/NEU|SIN/PLU|IND/DEF|NOM//amod//37 lagar//NN|UTR|PLU|IND|NOM//conj//32 och//KN//cc//39 förordningar//NN|UTR|PLU|IND|NOM//conj//37 .//MAD//punct//28
Sammanfattning;I//PP//case//42 rapporten//NN|UTR|SIN|DEF|NOM//obl//43 görs//VB|PRS|SFO//conj//4 här//AB//advmod//43 bland//PP//case//47 annat//PN|NEU|SIN|IND|SUB/OBJ//amod//47 jämförelser//NN|UTR|PLU|IND|NOM//obl//43 med//PP//case//49 normkontrollsystemet//NN|NEU|SIN|DEF|NOM//nmod//47 i//PP//case//51 Norge//PM|NOM//nmod//49 där//HA//advmod//60 något//DT|NEU|SIN|IND//det//56 motsvarande//PC|PRS|UTR/NEU|SIN/PLU|IND/DEF|NOM//amod//56 generellt//JJ|POS|NEU|SIN|IND|NOM//amod//56 krav//NN|NEU|SIN|IND|NOM//nsubj:pass//60 på//PP//case//58 uppenbarhet//NN|UTR|SIN|IND|NOM//nmod//56 inte//AB//advmod//60 tillämpas//VB|PRS|SFO//acl:relcl//51 vid//PP//case//63 domstolarnas//NN|UTR|PLU|DEF|GEN//nmod:poss//63 normprövning//NN|UTR|SIN|IND|NOM//obl//60 .//MID//punct//43
Sammanfattning;Ett//DT|NEU|SIN|IND//det//67 annat//JJ|POS|NEU|SIN|IND|NOM//amod//67 alternativ//NN|NEU|SIN|IND|NOM//appos//43 är//VB|PRS|AKT//cop//67 att//IE//mark//70 avskaffa//VB|INF|AKT//csubj//67 uppenbarhetskravet//NN|NEU|SIN|DEF|NOM//nsubj//70 bara//AB//advmod//70 avseende//PC|PRS|UTR/NEU|SIN/PLU|IND/DEF|NOM//amod//74 föreskrifter//NN|UTR|PLU|IND|NOM//obj//70 som//HP|-|-|-//nsubj:pass//77 har//VB|PRS|AKT//aux//77 meddelats//VB|SUP|SFO//acl:relcl//74 av//PP//case//79 regeringen//NN|UTR|SIN|DEF|NOM//obl:agent//77 .//MAD//punct//67
Sammanfattning;Kravet//NN|NEU|SIN|DEF|NOM//nsubj:pass//87 på//PP//case//83 uppenbarhet//NN|UTR|SIN|IND|NOM//nmod//81 skulle//VB|PRT|AKT//aux//87 då//AB//advmod//87 alltjämt//AB//advmod//87 tillämpas//VB|INF|SFO//parataxis//4 beträffande//PP//case//89 lagar//NN|UTR|PLU|IND|NOM//obl//87 .//MAD//punct//87
Sammanfattning;En//DT|UTR|SIN|IND//det//93 sådan//JJ|POS|UTR|SIN|IND|NOM//amod//93 lösning//NN|UTR|SIN|IND|NOM//nsubj:pass//95 har//VB|PRS|AKT//aux//95 valts//VB|SUP|SFO//conj//87 i//PP//case//97 Finland//PM|NOM//obl//95 .//MAD//punct//4
Sammanfattning;Det//PN|NEU|SIN|DEF|SUB/OBJ//expl//100 övervägs//VB|PRS|SFO//parataxis//4 vidare//AB|KOM//advmod//100 om//SN//mark//104 det//PN|NEU|SIN|DEF|SUB/OBJ//expl//104 finns//VB|PRS|SFO//advcl//100 anledning//NN|UTR|SIN|IND|NOM//nsubj//104 att//IE//mark//110 i//PP//case//109 större//JJ|KOM|UTR/NEU|SIN/PLU|IND/DEF|NOM//amod//109 utsträckning//NN|UTR|SIN|IND|NOM//obl//110 reservera//VB|INF|AKT//acl//105 normprövningsrätten//NN|UTR|SIN|DEF|NOM//obj//110 för//PP//case//110
Sammanfattning;domstolarna//NN|UTR|PLU|DEF|NOM//ROOT//0 ,//MID//punct//0 särskilt//AB//advmod//5 om//SN//mark//5 uppenbarhetskravet//NN|NEU|SIN|DEF|NOM//nsubj:pass//5 tas//VB|PRS|SFO//acl//0 bort//PL//compound:prt//5 helt//AB|POS//advmod//5 eller//KN//cc//9 delvis//AB//conj//7 .//MAD//punct//0
Sammanfattning;Den//DT|UTR|SIN|DEF//det//2 tredje//RO|NOM//amod//2 grundmodellen//NN|UTR|SIN|DEF|NOM//nsubj//6 för//PP//case//5 förändrad//PC|PRF|UTR|SIN|IND|NOM//amod//5 normkontroll//NN|UTR|SIN|IND|NOM//nmod//2 rör//VB|PRS|AKT//ROOT//6 införandet//NN|NEU|SIN|DEF|NOM//obj//6 av//PP//case//10 någon//DT|UTR|SIN|IND//det//10 form//NN|UTR|SIN|IND|NOM//nmod//7 av//PP//case//12 författningsdomstol//NN|UTR|SIN|IND|NOM//nmod//10 .//MID//punct//6
Sammanfattning;Det//PN|NEU|SIN|DEF|SUB/OBJ//expl//15 konstateras//VB|PRS|SFO//parataxis//6 att//SN//mark//22 tanken//NN|UTR|SIN|DEF|NOM//nsubj:pass//22 på//PP//case//19 författningsdomstol//NN|UTR|SIN|IND|NOM//nmod//17 hittills//AB//fixed//19 har//VB|PRS|AKT//aux//22 avfärdats//VB|SUP|SFO//ccomp//15 i//PP//case//24 Sverige//PM|NOM//obl//22 ,//MID//punct//22 bland//PP//mark//34 annat//PN|NEU|SIN|IND|SUB/OBJ//fixed//26 för//PP//fixed//26 att//SN//fixed//28 ett//DT|NEU|SIN|IND//det//32 sådant//JJ|POS|NEU|SIN|IND|NOM//amod//32 system//NN|NEU|SIN|IND|NOM//nsubj//34 har//VB|PRS|AKT//aux//34 ansetts//VB|SUP|SFO//conj//6 föra//VB|INF|AKT//xcomp//34 över//PL//case//38 politisk//JJ|POS|UTR|SIN|IND|NOM//amod//38 makt//NN|UTR|SIN|IND|NOM//obj//35 till//PP//case//43 ett//DT|NEU|SIN|IND//det//43 icke//AB//advmod//42 politiskt//JJ|POS|NEU|SIN|IND|NOM//amod//43 organ//NN|NEU|SIN|IND|NOM//obl//35 .//MAD//punct//6
Sammanfattning;I//PP//case//46 avsnittet//NN|NEU|SIN|DEF|NOM//obl//47 diskuteras//VB|PRS|SFO//parataxis//6 vilka//HD|UTR/NEU|PLU|IND//det//49 argument//NN|NEU|PLU|IND|NOM//nsubj:pass//47 som//HP|-|-|-//nsubj:pass//53 skulle//VB|PRT|AKT//aux//53 kunna//VB|INF|AKT//aux//53 anföras//VB|INF|SFO//acl:relcl//49 för//PP//mark//56 att//IE//mark//56 centralisera//VB|INF|AKT//advcl//53 normprövningen//NN|UTR|SIN|DEF|NOM//obj//56 till//PP//case//61 en//DT|UTR|SIN|IND//det//61 särskild//PC|PRF|UTR|SIN|IND|NOM//amod//61 domstol//NN|UTR|SIN|IND|NOM//obl//56 .//MAD//punct//47
Sammanfattning;Här//AB//advmod//64 nämns//VB|PRS|SFO//parataxis//47 t.ex.//AB|AN//advmod//64 att//SN//mark//70 normprövningen//NN|UTR|SIN|DEF|NOM//nsubj//70 därigenom//AB//advmod//70 skulle//VB|PRT|AKT//aux//70 få//VB|INF|AKT//advcl//64 en//DT|UTR|SIN|IND//det//74 mer//AB|KOM//advmod//73 framträdande//PC|PRS|UTR/NEU|SIN/PLU|IND/DEF|NOM//amod//74 roll//NN|UTR|SIN|IND|NOM//obj//70 ,//MID//punct//70 att//SN//mark//81 de//DT|UTR/NEU|PLU|DEF//det//79 aktuella//JJ|POS|UTR/NEU|PLU|IND/DEF|NOM//amod//79 målen//NN|NEU|PLU|DEF|NOM//nsubj//81 kan//VB|PRS|AKT//aux//81 kräva//VB|INF|AKT//ccomp//70 en//DT|UTR|SIN|IND//det//84 särskild//PC|PRF|UTR|SIN|IND|NOM//amod//84 kompetens//NN|UTR|SIN|IND|NOM//obj//81 hos//PP//case//86 domarna//NN|UTR|PLU|DEF|NOM//nmod//84 och//KN//cc//93 att//SN//mark//93 det//DT|NEU|SIN|DEF//det//91 ordinarie//JJ|POS|UTR/NEU|SIN/PLU|IND/DEF|NOM//amod//91 domstolsväsendet//NN|NEU|SIN|DEF|NOM//nsubj//93 kan//VB|PRS|AKT//aux//93 ta//VB|INF|AKT//conj//81 skada//NN|UTR|SIN|IND|NOM//obj//93 av//PP//mark//97 att//IE//mark//97 dras//VB|INF|SFO//acl//94 in//PL//compound:prt//97 i//PP//case//100 frågor//NN|UTR|PLU|IND|NOM//obl//97 av//PP//case//104 mer//AB|KOM//advmod//103 politisk//JJ|POS|UTR|SIN|IND|NOM//amod//104 natur//NN|UTR|SIN|IND|NOM//nmod//100 .//MAD//punct//47
Sammanfattning;I//PP//case//107 syfte//NN|NEU|SIN|IND|NOM//advmod//47 att//IE//mark//109 illustrera//VB|INF|AKT//acl//107 olika//JJ|POS|UTR/NEU|PLU|IND/DEF|NOM//amod//111 typer//NN|UTR|PLU|IND|NOM//obj//109 av//PP//case//113 författningsdomstolskontroll//NN|UTR|SIN|IND|NOM//nmod//111 skisseras//VB|PRS|SFO//conj//6 tre//RG|NOM//nummod//116 principmodeller//NN|UTR|PLU|IND|NOM//nsubj:pass//114 för//PP//mark//123 hur//HA//advmod//123 ett//DT|NEU|SIN|IND//det//121 sådant//JJ|POS|NEU|SIN|IND|NOM//amod//121 kontrollsystem//NN|NEU|SIN|IND|NOM//nsubj:pass//123 kan//VB|PRS|AKT//aux//123 utformas//VB|INF|SFO//acl//116 .//MAD//punct//6
Sammanfattning;Modellerna//NN|UTR|PLU|DEF|NOM//nsubj:pass//126 kallas//VB|PRS|SFO//parataxis//6 den//DT|UTR|SIN|DEF//det//128 politiska//JJ|POS|UTR/NEU|SIN|DEF|NOM//xcomp//126 ,//MID//punct//131 den//DT|UTR|SIN|DEF//det//131 juridiska//JJ|POS|UTR/NEU|SIN|DEF|NOM//conj//128 och//KN//cc//134 den//DT|UTR|SIN|DEF//det//134 medborgerliga//JJ|POS|UTR/NEU|SIN|DEF|NOM//conj//131 .//MAD//punct//126
Sammanfattning;Beteckningarna//NN|UTR|PLU|DEF|NOM//nsubj//137 refererar//VB|PRS|AKT//parataxis//126 till//PP//case//140 den//DT|UTR|SIN|DEF//det//140 verksamhetssfär//NN|UTR|SIN|IND|NOM//obl//137 som//HP|-|-|-//obj//144 modellerna//NN|UTR|PLU|DEF|NOM//nsubj//144 huvudsakligen//AB//advmod//144 opererar//VB|PRS|AKT//acl:relcl//140 inom//PP//compound:prt//144 och//KN//cc//153 den//DT|UTR|SIN|DEF//det//148 kategori//NN|UTR|SIN|IND|NOM//obj//153 de//DT|UTR/NEU|PLU|DEF//det//150 klagande//PC|PRS|UTR/NEU|SIN/PLU|IND/DEF|NOM//nsubj//153 formellt//AB|POS//advmod//152 sett//PC|PRF|NEU|SIN|IND|NOM//advmod//153 tillhör//VB|PRS|AKT//conj//144 .//MAD//punct//137
Sammanfattning;Inom//PP//case//159 ramen//NN|UTR|SIN|DEF|NOM//fixed//155 för//PP//case//159 varje//DT|UTR/NEU|SIN|IND//det//159 modell//NN|UTR|SIN|IND|NOM//obl//160 aktualiseras//VB|PRS|SFO//conj//137 bland//PP//case//163 annat//PN|NEU|SIN|IND|SUB/OBJ//amod//163 frågor//NN|UTR|PLU|IND|NOM//obl//160 om//PP//case//165 tale-//NN|UTR|-|-|SMS//nmod//163 eller//KN//cc//167 initiativrätt//NN|UTR|SIN|IND|NOM//conj//165 ,//MID//punct//170 institutionell//JJ|POS|UTR|SIN|IND|NOM//amod//170 form//NN|UTR|SIN|IND|NOM//conj//165 ,//MID//punct//173 domarnas//NN|UTR|PLU|DEF|GEN//nmod:poss//173 tillsättning//NN|UTR|SIN|IND|NOM//conj//165 och//KN//cc//175 kvalifikationer//NN|UTR|PLU|IND|NOM//conj//173 samt//KN//cc//177 typ//NN|UTR|SIN|IND|NOM//conj//165 av//PP//case//179 prövning//NN|UTR|SIN|IND|NOM//nmod//177 .//MAD//punct//126
Sammanfattning;I//PP//case//1 rapporten//NN|UTR|SIN|DEF|NOM//obl//2 diskuteras//VB|PRS|SFO//ROOT//2 därefter//AB//advmod//2 allmänt//AB|POS//advmod//2 om//PP//case//6 möjligheter//NN|UTR|PLU|IND|NOM//obl//2 och//KN//cc//8 konsekvenser//NN|UTR|PLU|IND|NOM//conj//6 av//PP//mark//11 att//IE//mark//11 kombinera//VB|INF|AKT//acl//8 de//DT|UTR/NEU|PLU|DEF//det//14 tre//RG|NOM//nummod//14 grundmodellerna//NN|UTR|PLU|DEF|NOM//obj//11 .//MID//punct//2
Sammanfattning;Det//PN|NEU|SIN|DEF|SUB/OBJ//expl//17 konstateras//VB|PRS|SFO//parataxis//2 att//SN//mark//20 mycket//PN|NEU|SIN|IND|SUB/OBJ//advmod//20 talar//VB|PRS|AKT//csubj//17 för//PP//mark//29 att//SN//mark//29 även//AB//advmod//27 ett//DT|NEU|SIN|IND//det//27 förändrat//PC|PRF|NEU|SIN|IND|NOM//amod//27 svenskt//JJ|POS|NEU|SIN|IND|NOM//amod//27 normkontrollsystem//NN|NEU|SIN|IND|NOM//nsubj//29 bör//VB|PRS|AKT//aux//29 ha//VB|INF|AKT//advcl//20 inslag//NN|NEU|SIN|IND|NOM//obj//29 av//PP//case//33 både//KN//cc//33 förhandskontroll//NN|UTR|SIN|IND|NOM//nmod//30 (//PAD//punct//37 som//HP|-|-|-//case//37 hos//PP//case//37 Lagrådet//NN|NEU|SIN|DEF|NOM//appos//33 )//PAD//punct//37 och//KN//cc//40 efterhandskontroll//NN|UTR|SIN|IND|NOM//conj//33 (//PAD//punct//44 som//HP|-|-|-//case//44 genom//PP//case//44 normprövning//NN|UTR|SIN|IND|NOM//nmod//40 enligt//PP//case//47 11//RG|NOM//nummod//47 kap.//NN|AN//nmod//44 14//RG|NOM//nummod//49 §//NN|AN//nmod//44 )//PAD//punct//44 .//MAD//punct//2
Sammanfattning;Lagrådets//NN|NEU|SIN|DEF|GEN//nmod:poss//54 nuvarande//PC|PRS|UTR/NEU|SIN/PLU|IND/DEF|NOM//amod//54 roll//NN|UTR|SIN|IND|NOM//nsubj:pass//2 ,//MID//punct//54 med//PP//case//59 endast//AB//advmod//58 rådgivande//JJ|POS|UTR/NEU|SIN/PLU|IND/DEF|NOM//amod//59 yttranden//NN|NEU|PLU|IND|NOM//appos//54 över//PP//case//61 lagförslag//NN|NEU|PLU|IND|NOM//nmod//59 ,//MID//punct//63 framstår//VB|PRS|AKT//conj//2 som//KN//mark//66 väl//AB|POS//advmod//66 förenlig//JJ|POS|UTR|SIN|IND|NOM//xcomp//63 med//PP//case//70 en//DT|UTR|SIN|IND//det//70 ökad//PC|PRF|UTR|SIN|IND|NOM//amod//70 efterhandskontroll//NN|UTR|SIN|IND|NOM//obl//66 ,//MID//punct//63 t.ex.//AB|AN//advmod//76 genom//PP//case//76 ett//DT|NEU|SIN|IND//det//76 helt//JJ|POS|NEU|SIN|IND|NOM//amod//76 borttagande//NN|NEU|SIN|IND|NOM//advcl//63 av//PP//case//78 uppenbarhetskravet//NN|NEU|SIN|DEF|NOM//nmod//76 .//MAD//punct//2
Sammanfattning;Granskningen//NN|UTR|SIN|DEF|NOM//nsubj//88 i//PP//case//82 Lagrådet//NN|NEU|SIN|DEF|NOM//nmod//80 skulle//VB|PRT|AKT//aux//88 med//PP//case//87 en//DT|UTR|SIN|IND//det//87 förstärkt//PC|PRF|UTR|SIN|IND|NOM//amod//87 efterhandskontroll//NN|UTR|SIN|IND|NOM//obl//88 bli//VB|INF|AKT//parataxis//2 en//DT|UTR|SIN|IND//det//92 ännu//AB//advmod//91 viktigare//JJ|KOM|UTR/NEU|SIN/PLU|IND/DEF|NOM//amod//92 metod//NN|UTR|SIN|IND|NOM//xcomp//88 för//PP//case//94 regeringen//NN|UTR|SIN|DEF|NOM//nmod//92 och//KN//cc//96 riksdagen//NN|UTR|SIN|DEF|NOM//conj//94 att//IE//mark//98 förvissa//VB|INF|AKT//advcl//88 sig//PN|UTR/NEU|SIN/PLU|DEF|OBJ//obj//98 om//PP//mark//105 att//SN//mark//105 ett//DT|NEU|SIN|IND//det//103 lagförslag//NN|NEU|SIN|IND|NOM//nsubj//105 är//VB|PRS|AKT//cop//105 grundlagsenligt//JJ|POS|NEU|SIN|IND|NOM//ccomp//98 och//KN//cc//108 inte//AB//advmod//108 riskerar//VB|PRS|AKT//conj//105 att//IE//mark//110 åsidosättas//VB|INF|SFO//xcomp//108 under//PP//case//112 tillämpningen//NN|UTR|SIN|DEF|NOM//obl//110 .//MAD//punct//2
Sammanfattning;Det//PN|NEU|SIN|DEF|SUB/OBJ//expl//119 är//VB|PRS|AKT//cop//119 enligt//PP//case//117 gruppen//NN|UTR|SIN|DEF|NOM//obl//119 inte//AB//advmod//119 motiverat//PC|PRF|NEU|SIN|IND|NOM//parataxis//2 att//IE//mark//121 inrätta//VB|INF|AKT//acl//119 en//DT|UTR|SIN|IND//det//124 svensk//JJ|POS|UTR|SIN|IND|NOM//amod//124 författningsdomstol//NN|UTR|SIN|IND|NOM//obj//121 om//SN//mark//129 inte//AB//advmod//129 uppenbarhetskravet//NN|NEU|SIN|DEF|NOM//nsubj//129 samtidigt//AB//advmod//129 avskaffas//VB|INF|SFO//advcl//121 helt//AB|POS//advmod//129 .//MAD//punct//2
Sammanfattning;Tre//RG|NOM//nummod//2 alternativa//JJ|POS|UTR/NEU|PLU|IND/DEF|NOM//amod//2 exempel//NN|NEU|PLU|IND|NOM//nsubj//7 på//PP//case//6 ett//DT|NEU|SIN|IND//det//6 förändrat//PC|PRF|NEU|SIN|IND|NOM//amod//6 normkontrollsystem//NN|NEU|SIN|IND|NOM//nmod//2 utgör//VB|PRS|AKT//ROOT//7 resultatet//NN|NEU|SIN|DEF|NOM//obj//7 av//PP//case//11 gruppens//NN|UTR|SIN|DEF|GEN//nmod:poss//11 arbete//NN|NEU|SIN|IND|NOM//nmod//8 .//MAD//punct//7
Sammanfattning;De//PN|UTR/NEU|PLU|DEF|SUB//nsubj//14 bygger//VB|PRS|AKT//parataxis//7 på//PP//case//17 en//DT|UTR|SIN|IND//det//17 kombination//NN|UTR|SIN|IND|NOM//obl//14 av//PP//case//19 grundmodellerna//NN|UTR|PLU|DEF|NOM//nmod//17 och//KN//cc//23 är//VB|PRS|AKT//cop//23 olika//JJ|POS|UTR/NEU|PLU|IND/DEF|NOM//advmod//23 långtgående//JJ|POS|UTR/NEU|SIN/PLU|IND/DEF|NOM//conj//14 vad//HP|NEU|SIN|IND//nsubj//25 gäller//VB|PRS|AKT//advcl//23 regleringen//NN|UTR|SIN|DEF|NOM//obj//25 av//PP//case//28 normprövningen//NN|UTR|SIN|DEF|NOM//nmod//26 och//KN//cc//32 de//DT|UTR/NEU|PLU|DEF//det//32 organisatoriska//JJ|POS|UTR/NEU|PLU|IND/DEF|NOM//amod//32 formerna//NN|UTR|PLU|DEF|NOM//conj//26 för//PP//case//34 prövningen//NN|UTR|SIN|DEF|NOM//nmod//32 .//MAD//punct//23
Sammanfattning;I//PP//case//38 stor//JJ|POS|UTR|SIN|IND|NOM//amod//38 utsträckning//NN|UTR|SIN|IND|NOM//obl//40 är//VB|PRS|AKT//cop//40 alternativen//NN|NEU|PLU|DEF|NOM//parataxis//23 en//DT|UTR|SIN|IND//det//42 vidareutveckling//NN|UTR|SIN|IND|NOM//obj//23 av//PP//case//44 inslag//NN|NEU|PLU|IND|NOM//nmod//42 som//HP|-|-|-//nsubj//47 redan//AB//advmod//47 förekommer//VB|PRS|AKT//acl:relcl//44 i//PP//case//51 det//DT|NEU|SIN|DEF//det//51 svenska//JJ|POS|UTR/NEU|SIN|DEF|NOM//amod//51 rättssystemet//NN|NEU|SIN|DEF|NOM//obl//47 .//MAD//punct//7
Sammanfattning;Grundlagsutredningens//NN|UTR|SIN|DEF|GEN//nmod:poss//1 expertgrupp//NN|UTR|SIN|IND|NOM//ROOT//1
Sammanfattning;Minimialternativet//NN|NEU|SIN|DEF|NOM//nsubj//1 innebär//VB|PRS|AKT//ROOT//1 följande//PC|PRS|UTR/NEU|SIN/PLU|IND/DEF|NOM//obj//1 .//MAD//punct//1
Sammanfattning;1//RG|NOM//discourse//2 .//MAD//punct//0
Sammanfattning;Bestämmelsen//NN|UTR|SIN|DEF|NOM//nsubj:pass//12 i//PP//case//8 8//RG|NOM//nummod//5 kap.//NN|AN//nmod//6 18//RG|NOM//nummod//7 §//NN|AN//nmod//8 regeringsformen//NN|UTR|SIN|DEF|NOM//nmod//2 om//PP//case//11 Lagrådets//NN|NEU|SIN|DEF|GEN//nmod:poss//11 granskning//NN|UTR|SIN|IND|NOM//nmod//8 ändras//VB|PRS|SFO//ROOT//12 så//AB//mark//17 att//SN//fixed//13  //_SP////14 bör-regeln//NN|UTR|SIN|DEF|NOM//nsubj:pass//17 ersätts//VB|PRS|SFO//advcl//12 av//PP//case//20 en//DT|UTR|SIN|IND//det//20 ska-regel//NN|UTR|SIN|IND|NOM//obl//17 .//MAD//punct//12
Sammanfattning;Möjligheterna//NN|UTR|PLU|DEF|NOM//nsubj:pass//31 att//IE//mark//24 göra//VB|INF|AKT//acl//22 undantag//NN|NEU|PLU|IND|NOM//obj//24 från//PP//case//27 skyldigheten//NN|UTR|SIN|DEF|NOM//obl//24 att//IE//mark//29 höra//VB|INF|AKT//acl//22 Lagrådet//NN|NEU|SIN|DEF|NOM//obj//29 minskas//VB|INF|SFO//parataxis//12 genom//PP//mark//42 att//SN//mark//42 ”//PAD//punct//35 viktighetskriteriet//NN|NEU|SIN|DEF|NOM//nsubj:pass//42 ”//PAD//punct//35 i//PP//case//39 andra//RO|NOM//amod//39 stycket//NN|NEU|SIN|DEF|NOM//nmod//41 första//RO|NOM//amod//41 meningen//NN|UTR|SIN|DEF|NOM//nsubj:pass//42 tas//VB|PRS|SFO//advcl//31 bort//PL//compound:prt//42 .//MAD//punct//12
Sammanfattning;Konsekvensen//NN|UTR|SIN|DEF|NOM//nsubj//46 blir//VB|PRS|AKT//parataxis//12 främst//AB|SUV//advmod//46 att//SN//mark//62 bedömningen//NN|UTR|SIN|DEF|NOM//nsubj:pass//62 av//PP//case//51 frågan//NN|UTR|SIN|DEF|NOM//nmod//49 om//PP//mark//57 vilka//HD|UTR/NEU|PLU|IND//det//54 ärenden//NN|NEU|PLU|IND|NOM//dislocated//57 som//HP|-|-|-//nsubj:pass//57 ska//VB|PRS|AKT//aux//57 granskas//VB|INF|SFO//acl//49 närmare//AB|KOM//advmod//57 i//PP//case//61 vissa//JJ|POS|UTR/NEU|PLU|IND/DEF|NOM//amod//61 fall//NN|NEU|PLU|IND|NOM//obl//57 förs//VB|PRS|SFO//advcl//46 över//PL//compound:prt//62 från//PP//case//65 regeringen//NN|UTR|SIN|DEF|NOM//obl//62 till//PP//case//67 Lagrådet//NN|NEU|SIN|DEF|NOM//obl//62 .//MID//punct//12
Sammanfattning;Det//PN|NEU|SIN|DEF|SUB/OBJ//expl//73 är//VB|PRS|AKT//cop//73 dock//AB//advmod//73 inte//AB//advmod//73 säkert//JJ|POS|NEU|SIN|IND|NOM//parataxis//12 att//SN//mark//80 fler//JJ|POS|UTR/NEU|PLU|IND|NOM//amod//76 ärenden//NN|NEU|PLU|IND|NOM//nsubj//80 än//KN//mark//80 i//PP//advmod//80 dag//NN|UTR|SIN|IND|NOM//fixed//78 blir//VB|PRS|AKT//csubj//73 föremål//NN|NEU|SIN|IND|NOM//xcomp//80 för//PP//case//85 en//DT|UTR|SIN|IND//det//85 närmare//JJ|KOM|UTR/NEU|SIN/PLU|IND/DEF|NOM//amod//85 granskning//NN|UTR|SIN|IND|NOM//obl//80 .//MAD//punct//12
Sammanfattning;2//RG|NOM//discourse//2 .//MAD//punct//0
Sammanfattning;Uppenbarhetskravet//NN|NEU|SIN|DEF|NOM//nsubj:pass//8 i//PP//case//7 11//RG|NOM//nummod//5 kap.//NN|AN//nmod//6 14//RG|NOM//nummod//7 §//NN|AN//nmod//2 tas//VB|PRS|SFO//ROOT//8 bort//PL//compound:prt//8 beträffande//PP//case//11 föreskrifter//NN|UTR|PLU|IND|NOM//obl//8 som//HP|-|-|-//nsubj:pass//14 har//VB|PRS|AKT//aux//14 utfärdats//VB|SUP|SFO//acl:relcl//11 av//PP//case//16 regeringen//NN|UTR|SIN|DEF|NOM//obl:agent//14 .//MAD//punct//8
Sammanfattning;Sannolikt//AB|POS//advmod//21 skulle//VB|PRT|AKT//aux//21 detta//PN|NEU|SIN|DEF|SUB/OBJ//nsubj//21 leda//VB|INF|AKT//parataxis//8 till//PP//case//25 en//DT|UTR|SIN|IND//det//25 ökad//PC|PRF|UTR|SIN|IND|NOM//amod//25 noggrannhet//NN|UTR|SIN|IND|NOM//obl//21 vid//PP//case//28 regeringens//NN|UTR|SIN|DEF|GEN//nmod:poss//28 normgivning//NN|UTR|SIN|IND|NOM//nmod//25 .//MAD//punct//8
Sammanfattning;Noteras//VB|INF|SFO//conj//8 kan//VB|PRS|AKT//aux//37 att//SN//mark//37 förordningar//NN|UTR|PLU|IND|NOM//nsubj:pass//37 i//PP//advmod//37 dag//NN|UTR|SIN|IND|NOM//fixed//34 inte//AB//fixed//34 prövas//VB|INF|SFO//conj//8 av//PP//case//39 Lagrådet//NN|NEU|SIN|DEF|NOM//obl:agent//37 .//MID//punct//8
Sammanfattning;Det//PN|NEU|SIN|DEF|SUB/OBJ//expl//44 kan//VB|PRS|AKT//aux//44 också//AB//advmod//44 konstateras//VB|INF|SFO//parataxis//8 att//SN//dep//44 exemplet//NN|NEU|SIN|DEF|NOM//dep//45 –//RG|NOM//punct//49 som//HP|-|-|-//nsubj//49 innebär//VB|PRS|AKT//acl:relcl//46 att//SN//mark//54 lagar//NN|UTR|PLU|IND|NOM//nsubj:pass//54 alltjämt//AB//advmod//54 skulle//VB|PRT|AKT//aux//54 omfattas//VB|INF|SFO//ccomp//49 av//PP//case//56 uppenbarhetskravet//NN|NEU|SIN|DEF|NOM//obl:agent//54 –//RG|NOM//punct//63 endast//AB//advmod//63 i//PP//case//61 begränsad//PC|PRF|UTR|SIN|IND|NOM//amod//61 mån//NN|UTR|SIN|IND|NOM//obl//63 skulle//VB|PRT|AKT//aux//63 undanröja//VB|INF|AKT//acl:relcl//46 de//DT|UTR/NEU|PLU|DEF//det//65 skillnader//NN|UTR|PLU|IND|NOM//obj//63 som//HP|-|-|-//nsubj//67 finns//VB|PRS|SFO//acl:relcl//65 mellan//PP//case//71 den//DT|UTR|SIN|DEF//det//71 inhemska//JJ|POS|UTR/NEU|SIN|DEF|NOM//amod//71 normprövningen//NN|UTR|SIN|DEF|NOM//obl//67 och//KN//cc//73 normprövningen//NN|UTR|SIN|DEF|NOM//conj//71 inom//PP//case//78 ramen//NN|UTR|SIN|DEF|NOM//fixed//74 för//PP//fixed//74  //_SP////76 EG-rätten//NN|UTR|SIN|DEF|NOM//nmod//73 och//KN//cc//83 i//PP//case//83 förhållande//NN|NEU|SIN|IND|NOM//fixed//80 till//PP//fixed//80 Europakonventionen//NN|UTR|SIN|DEF|NOM//conj//78 .//MAD//punct//46
Sammanfattning;3//RG|NOM//discourse//3 .//MID//punct//0
Sammanfattning;Det//PN|NEU|SIN|DEF|SUB/OBJ//expl//3 skapas//VB|PRS|SFO//ROOT//3 en//DT|UTR|SIN|IND//det//5 möjlighet//NN|UTR|SIN|IND|NOM//nsubj:pass//3 för//PP//case//7 domstolar//NN|UTR|PLU|IND|NOM//nmod//5 att//IE//mark//10 ”//PAD//punct//10 hissa//VB|INF|AKT//acl//5 ”//PAD//punct//12 lagprövningsfrågor//NN|UTR|PLU|IND|NOM//obj//10 direkt//AB|POS//advmod//12 till//PP//case//16 Högsta//JJ|SUV|UTR/NEU|SIN/PLU|DEF|NOM//amod//16 domstolen//NN|UTR|SIN|DEF|NOM//obl//12 respektive//AB//cc//18 Regeringsrätten//NN|UTR|SIN|DEF|NOM//conj//16 .//MAD//punct//12
Sammanfattning;Systemet//NN|NEU|SIN|DEF|NOM//nsubj:pass//22 kan//VB|PRS|AKT//aux//22 utformas//VB|INF|SFO//conj//10 så//AB//mark//26 att//SN//mark//26 det//PN|NEU|SIN|DEF|SUB/OBJ//expl//26 liknar//VB|PRS|AKT//advcl//22 vad//HP|NEU|SIN|IND//dislocated//29 som//HP|-|-|-//nsubj//29 gäller//VB|PRS|AKT//ccomp//26 vid//PP//case//31 inhämtande//PC|PRS|UTR/NEU|SIN/PLU|IND/DEF|NOM//obl//29 av//PP//case//33 förhandsbesked//NN|NEU|PLU|IND|NOM//nmod//31 från//PP//case//36  //_SP////34 EG-domstolen//NN|UTR|SIN|DEF|NOM//nmod//31 .//MAD//punct//22
Sammanfattning;Därmed//AB//advmod//59 skulle//VB|PRT|AKT//aux//59 svårare//JJ|KOM|UTR/NEU|SIN/PLU|IND/DEF|NOM//amod//41 lagprövningsfrågor//NN|UTR|PLU|IND|NOM//nsubj//59 ,//MID//punct//41 som//HP|-|-|-//nsubj:pass//48 redan//AB//advmod//48 från//PP//case//46 början//NN|UTR|SIN|DEF|NOM//obl//48 kan//VB|PRS|AKT//aux//48 antas//VB|INF|SFO//acl:relcl//41 bli//VB|INF|AKT//xcomp//48 föremål//NN|NEU|SIN|IND|NOM//xcomp//49 för//PP//case//52 prövning//NN|UTR|SIN|IND|NOM//nmod//50 i//PP//case//55 högsta//JJ|SUV|UTR/NEU|SIN/PLU|DEF|NOM//amod//55 instans//NN|UTR|SIN|IND|NOM//nmod//52 ,//MID//punct//50 snabbare//AB|KOM//advmod//59 kunna//VB|INF|AKT//aux//59 få//VB|INF|AKT//parataxis//22 ett//DT|NEU|SIN|IND//det//61 avgörande//NN|NEU|SIN|IND|NOM//obj//59 än//KN//mark//66 om//SN//fixed//62 frågan//NN|UTR|SIN|DEF|NOM//nsubj:pass//66 först//AB//advmod//66 prövas//VB|PRS|SFO//acl//61 i//PP//case//68 underinstanserna//NN|UTR|PLU|DEF|NOM//obl//66 .//MAD//punct//3
Sammanfattning;Mellanalternativet//NN|NEU|SIN|DEF|NOM//nsubj//1 innebär//VB|PRS|AKT//ROOT//1 följande//PC|PRS|UTR/NEU|SIN/PLU|IND/DEF|NOM//obj//1 .//MAD//punct//1
Sammanfattning;1//RG|NOM//discourse//4 .//MID//punct//4
Sammanfattning;Lagrådets//NN|NEU|SIN|DEF|GEN//nmod:poss//3 granskning//NN|UTR|SIN|IND|NOM//nsubj:pass//4 ändras//VB|PRS|SFO//ROOT//4 på//PP//case//7 samma//DT|UTR/NEU|SIN/PLU|IND//det//7 sätt//NN|NEU|SIN|IND|NOM//obl//4 som//KN//mark//10 i//PP//case//10 minimialternativet//NN|NEU|SIN|DEF|NOM//acl//7 .//MID//punct//4
Sammanfattning;Dessutom//AB//advmod//13 förstärks//VB|PRS|SFO//parataxis//4 Lagrådets//NN|NEU|SIN|DEF|GEN//nmod:poss//15 kansli//NN|NEU|SIN|IND|NOM//obj//13 med//PP//case//18 juridiskt//JJ|POS|NEU|SIN|IND|NOM//amod//18 biträde//NN|NEU|SIN|IND|NOM//obl//13 ,//MID//punct//18 t.ex.//AB|AN//advmod//26 med//PP//case//26 en//RG|UTR|SIN|IND|NOM//det//26 eller//KN//cc//24 flera//JJ|POS|UTR/NEU|PLU|IND|NOM//conj//22 egna//JJ|POS|UTR/NEU|PLU|IND/DEF|NOM//amod//26 föredragande//NN|UTR|PLU|IND|NOM//appos//18 .//MAD//punct//4
Sammanfattning;2//RG|NOM//discourse//2 .//MAD//punct//0
Sammanfattning;Uppenbarhetskravet//NN|NEU|SIN|DEF|NOM//nsubj//8 i//PP//case//7 11//RG|NOM//nummod//5 kap.//NN|AN//nmod//6 14//RG|NOM//nummod//7 §//NN|AN//nmod//2 avskaffas//VB|PRS|SFO//ROOT//8 helt//AB|POS//advmod//8 ,//MID//punct//8 således//AB//advmod//14 både//KN//cc//14 för//PP//case//14 lagar//NN|UTR|PLU|IND|NOM//obl//8 och//KN//cc//16 föreskrifter//NN|UTR|PLU|IND|NOM//conj//14 som//HP|-|-|-//nsubj:pass//19 har//VB|PRS|AKT//aux//19 utfärdats//VB|SUP|SFO//acl:relcl//16 av//PP//case//21 regeringen//NN|UTR|SIN|DEF|NOM//obl:agent//19 .//MAD//punct//8
Sammanfattning;Prövningsrätten//NN|UTR|SIN|DEF|NOM//nmod//25 avseende//PC|PRS|UTR/NEU|SIN/PLU|IND/DEF|NOM//amod//25 lagar//NN|UTR|PLU|IND|NOM//appos//8 och//KN//cc//27 regeringsföreskrifter//NN|UTR|PLU|IND|NOM//conj//25 skulle//VB|PRT|AKT//aux//30 uteslutande//AB//advmod//30 tillkomma//VB|INF|AKT//conj//8 domstolarna//NN|UTR|PLU|DEF|NOM//obj//30 och//KN//cc//37 således//AB//advmod//37 inte//AB//advmod//35 längre//AB|KOM//advmod//37 kunna//VB|INF|AKT//aux//37 utövas//VB|INF|SFO//conj//8 av//PP//case//41 andra//JJ|POS|UTR/NEU|PLU|IND/DEF|NOM//amod//41 offentliga//JJ|POS|UTR/NEU|PLU|IND/DEF|NOM//amod//41 organ//NN|NEU|PLU|IND|NOM//obl:agent//37 .//MAD//punct//8
Sammanfattning;Här//AB//advmod//50 och//KN//cc//47 i//PP//case//47 andra//JJ|POS|UTR/NEU|PLU|IND/DEF|NOM//amod//47 sammanhang//NN|NEU|PLU|IND|NOM//conj//43 i//PP//case//49 rapporten//NN|UTR|SIN|DEF|NOM//nmod//47 betonas//VB|PRS|SFO//conj//8 att//SN//mark//59 den//DT|UTR|SIN|DEF//det//54 närmare//JJ|KOM|UTR/NEU|SIN/PLU|IND/DEF|NOM//amod//54 effekten//NN|UTR|SIN|DEF|NOM//nsubj//59 av//PP//case//57 denna//DT|UTR|SIN|DEF//det//57 åtgärd//NN|UTR|SIN|IND|NOM//nmod//54 är//VB|PRS|AKT//cop//59 svår//JJ|POS|UTR|SIN|IND|NOM//ccomp//50 att//IE//mark//61 förutsäga//VB|INF|AKT//advcl//59 och//KN//cc//68 att//SN//mark//68 uttalanden//NN|NEU|PLU|IND|NOM//nsubj//68 i//PP//case//66 förarbetena//NN|NEU|PLU|DEF|NOM//nmod//64 torde//VB|PRT|AKT//aux//68 få//VB|INF|AKT//conj//59 stor//JJ|POS|UTR|SIN|IND|NOM//amod//70 betydelse//NN|UTR|SIN|IND|NOM//obj//68 för//PP//mark//75 hur//HA//advmod//75 domstolarnas//NN|UTR|PLU|DEF|GEN//nmod:poss//74 praxis//NN|UTR|SIN|IND|NOM//nsubj:pass//75 utvecklas//VB|PRS|SFO//advcl//68 .//MAD//punct//8
Sammanfattning;Det//PN|NEU|SIN|DEF|SUB/OBJ//dep//8 kan//VB|PRS|AKT//aux//79 dock//AB//advmod//8
Sammanfattning;antas//VB|PRS|SFO//ROOT//0 att//SN//mark//6 domstolarnas//NN|UTR|PLU|DEF|GEN//nmod:poss//3 betydelse//NN|UTR|SIN|IND|NOM//nsubj//6 på//PP//case//5 området//NN|NEU|SIN|DEF|NOM//nmod//3 ökar//VB|PRS|AKT//ccomp//0 eftersom//SN//mark//16 rättsläget//NN|NEU|SIN|DEF|NOM//nsubj:pass//16 i//PP//case//11 högre//JJ|KOM|UTR/NEU|SIN/PLU|IND/DEF|NOM//amod//11 utsträckning//NN|UTR|SIN|IND|NOM//obl//16 än//KN//mark//16 i//PP//advmod//16 dag//NN|UTR|SIN|IND|NOM//fixed//13 skulle//VB|PRT|AKT//aux//16 bestämmas//VB|INF|SFO//advcl//6 genom//PP//case//18 praxis//NN|UTR|SIN|IND|NOM//obl//16 .//MAD//punct//0
Sammanfattning;Den//DT|UTR|SIN|DEF//det//21 inkonsekvens//NN|UTR|SIN|IND|NOM//nsubj:pass//33 i//PP//case//23 rättsordningen//NN|UTR|SIN|DEF|NOM//nmod//21 på//PP//case//25 normprövningsområdet//NN|NEU|SIN|DEF|NOM//nmod//21 som//HP|-|-|-//nsubj//27 föreligger//VB|PRS|AKT//acl:relcl//25 i//PP//case//31 förhållande//NN|NEU|SIN|IND|NOM//fixed//28 till//PP//fixed//28 EG-rätten//NN|UTR|SIN|DEF|NOM//obl//27 skulle//VB|PRT|AKT//aux//33 undanröjas//VB|INF|SFO//parataxis//0 .//MAD//punct//0
Sammanfattning;Det//PN|NEU|SIN|DEF|SUB/OBJ//expl//38 är//VB|PRS|AKT//cop//38 vidare//AB|KOM//advmod//38 tänkbart//JJ|POS|NEU|SIN|IND|NOM//parataxis//0 att//SN//mark//45 Europakonventionens//NN|UTR|SIN|DEF|GEN//nmod:poss//41 betydelse//NN|UTR|SIN|IND|NOM//nsubj//45 i//PP//case//44 svensk//JJ|POS|UTR|SIN|IND|NOM//amod//44 rätt//NN|UTR|SIN|IND|NOM//obl//45 ökar//VB|PRS|AKT//csubj//38 och//KN//cc//54 att//SN//mark//54 dess//PS|UTR/NEU|SIN/PLU|DEF//nmod:poss//49 relation//NN|UTR|SIN|IND|NOM//nsubj:pass//54 till//PP//case//54 2//RG|NOM//nummod//52 kap.//NN|AN//nmod//53 regeringsformen//NN|UTR|SIN|DEF|NOM//amod//54 tydliggörs//VB|PRS|SFO//conj//45 .//MAD//punct//38
Sammanfattning;(//PAD//punct//60 Andra//JJ|POS|UTR/NEU|PLU|IND/DEF|NOM//amod//59 tänkbara//JJ|POS|UTR/NEU|PLU|IND/DEF|NOM//amod//59 konsekvenser//NN|UTR|PLU|IND|NOM//nsubj:pass//60 berörs//VB|PRS|SFO//parataxis//38 ovan//AB//advmod//60 i//PP//case//64 avsnitten//NN|NEU|PLU|DEF|NOM//nmod//64 5.2//RG|NOM//obl//60 och//KN//cc//66 7.4//RG|NOM//conj//64 .//MAD//punct//38 )//PAD//punct//38
Sammanfattning;3//RG|NOM//discourse//4 .//MID//punct//0
Sammanfattning;En//DT|UTR|SIN|IND//det//4 begränsad//PC|PRF|UTR|SIN|IND|NOM//amod//4 möjlighet//NN|UTR|SIN|IND|NOM//nsubj:pass//8 till//PP//case//7 abstrakt//JJ|POS|UTR|SIN|IND|NOM//amod//7 normprövning//NN|UTR|SIN|IND|NOM//nmod//4 införs//VB|PRS|SFO//ROOT//8 för//PP//case//10 enskilda//JJ|POS|UTR/NEU|PLU|IND/DEF|NOM//xcomp//8 .//MAD//punct//8
Sammanfattning;Någon//PN|UTR|SIN|IND|SUB/OBJ//parataxis//8 som//HP|-|-|-//nsubj//14 anser//VB|PRS|AKT//acl:relcl//12 sig//PN|UTR/NEU|SIN/PLU|DEF|OBJ//obj//14 särskild//PC|PRF|UTR|SIN|IND|NOM//amod//17 drabbad//PC|PRF|UTR|SIN|IND|NOM//obj//14 av//PP//case//21 t.ex.//AB|AN//advmod//21 en//DT|UTR|SIN|IND//det//21 lag//NN|UTR|SIN|IND|NOM//nmod//17 ges//VB|PRS|SFO//conj//8 möjlighet//NN|UTR|SIN|IND|NOM//nsubj:pass//22 att//IE//mark//25 föra//VB|INF|AKT//acl//23 en//DT|UTR|SIN|IND//det//28 fristående//PC|PRS|UTR/NEU|SIN/PLU|IND/DEF|NOM//amod//28 talan//NN|UTR|SIN|IND|NOM//obj//25 i//PP//case//30 domstol//NN|UTR|SIN|IND|NOM//obl//25 för//PP//mark//33 att//IE//mark//33 slippa//VB|INF|AKT//advcl//25 bli//VB|INF|AKT//aux:pass//35 drabbad//PC|PRF|UTR|SIN|IND|NOM//xcomp//33 av//PP//case//38 ett//DT|NEU|SIN|IND//det//38 ingripande//NN|NEU|SIN|IND|NOM//obl:agent//35 enligt//PP//case//40 lagen//NN|UTR|SIN|DEF|NOM//nmod//38 .//MAD//punct//8
Sammanfattning;4//RG|NOM//discourse//3 .//MAD//punct//0
Sammanfattning;Högsta//JJ|SUV|UTR/NEU|SIN/PLU|DEF|NOM//amod//3 domstolen//NN|UTR|SIN|DEF|NOM//nsubj:pass//6 och//KN//cc//5 Regeringsrätten//NN|UTR|SIN|DEF|NOM//conj//3 slås//VB|PRS|SFO//ROOT//6 samman//PL//compound:prt//6 och//KN//cc//9 bildar//VB|PRS|AKT//conj//6 en//DT|UTR|SIN|IND//det//12 högsta//JJ|SUV|UTR/NEU|SIN/PLU|DEF|NOM//amod//12 domstol//NN|UTR|SIN|IND|NOM//obj//9 som//HP|-|-|-//nsubj//14 prövar//VB|PRS|AKT//acl:relcl//12 alla//DT|UTR/NEU|PLU|IND/DEF//det//16 mål//NN|NEU|PLU|IND|NOM//obj//14 som//HP|-|-|-//nsubj:pass//18 släpps//VB|PRS|SFO//acl:relcl//16 upp//PL//compound:prt//18 från//PP//case//22 allmänna//JJ|POS|UTR/NEU|PLU|IND/DEF|NOM//amod//22 domstolar//NN|UTR|PLU|IND|NOM//obl//18 och//KN//cc//24 förvaltningsdomstolar//NN|UTR|PLU|IND|NOM//conj//22 .//MAD//punct//6
Sammanfattning;I//PP//case//29 den//DT|UTR|SIN|DEF//det//29 sammanslagna//PC|PRF|UTR/NEU|SIN|DEF|NOM//amod//29 domstolen//NN|UTR|SIN|DEF|NOM//obl//30 inrättas//VB|INF|SFO//parataxis//6 en//DT|UTR|SIN|IND//det//33 särskild//PC|PRF|UTR|SIN|IND|NOM//amod//33 kammare//NN|UTR|SIN|IND|NOM//nsubj:pass//30 med//PP//case//35 uppgiften//NN|UTR|SIN|DEF|NOM//nmod//33 att//IE//mark//37 pröva//VB|INF|AKT//advcl//30 främst//AB|SUV//advmod//37 lagprövningsfrågor//NN|UTR|PLU|IND|NOM//obj//37 .//MID//punct//30
Sammanfattning;När//HA//mark//43 det//PN|NEU|SIN|DEF|SUB/OBJ//expl//43 gäller//VB|PRS|AKT//advcl//49 lagprövning//NN|UTR|SIN|IND|NOM//obj//43 skulle//VB|PRT|AKT//aux//49 syftet//NN|NEU|SIN|DEF|NOM//nsubj//49 med//PP//case//48 reformen//NN|UTR|SIN|DEF|NOM//obl//49 vara//VB|INF|AKT//parataxis//30 att//IE//mark//51 skapa//VB|INF|AKT//acl//49 förutsättningar//NN|UTR|PLU|IND|NOM//obj//51 för//PP//mark//61 att//SN//mark//61 en//DT|UTR|SIN|IND//det//59 enhetlig//JJ|POS|UTR|SIN|IND|NOM//amod//59 och//KN//cc//58 överskådlig//JJ|POS|UTR|SIN|IND|NOM//conj//56 praxis//NN|UTR|SIN|IND|NOM//nsubj:pass//61 kan//VB|PRS|AKT//aux//61 utarbetas//VB|INF|SFO//advcl//51 .//MAD//punct//6
Sammanfattning;Maximialternativet//NN|NEU|SIN|DEF|NOM//nsubj//1 innebär//VB|PRS|AKT//ROOT//1 följande//PC|PRS|UTR/NEU|SIN/PLU|IND/DEF|NOM//obj//1 .//MAD//punct//1
Sammanfattning;1//RG|NOM//discourse//3 .//MAD//punct//0
Sammanfattning;I//PP//case//3 tillägg//NN|NEU|SIN|IND|NOM//obl//22 till//PP//case//5 vad//HP|NEU|SIN|IND//nmod//3 som//HP|-|-|-//nsubj//8 har//VB|PRS|AKT//aux//8 anförts//VB|SUP|SFO//acl:relcl//5 om//PP//case//10 Lagrådet//NN|NEU|SIN|DEF|NOM//obl//8 i//PP//case//12 minimi-//NN|UTR|-|-|SMS//obl//8 och//KN//cc//14 mellanalternativen//NN|NEU|PLU|DEF|NOM//conj//12 skulle//VB|PRT|AKT//aux//22 bestämmelsen//NN|UTR|SIN|DEF|NOM//nsubj:pass//22 i//PP//case//21 8//RG|NOM//nummod//19 kap.//NN|AN//nmod//20 18//RG|NOM//nummod//21 §//NN|AN//nmod//16 tas//VB|PRS|SFO//ROOT//22 bort//PL//compound:prt//22 om//PP//mark//31 att//IE//mark//31 underlåtenhet//NN|UTR|SIN|IND|NOM//nsubj//31 att//IE//mark//28 höra//VB|INF|AKT//acl//26 Lagrådet//NN|NEU|SIN|DEF|NOM//obj//28 aldrig//AB//advmod//28 utgör//VB|PRS|AKT//advcl//22 hinder//NN|NEU|PLU|IND|NOM//obj//31 mot//PP//case//35 lagens//NN|UTR|SIN|DEF|GEN//nmod:poss//35 tillämpning//NN|UTR|SIN|IND|NOM//nmod//32 .//MAD//punct//22
Sammanfattning;Hanteringen//NN|UTR|SIN|DEF|NOM//nsubj//43 av//PP//case//39 lagrådsfrågan//NN|UTR|SIN|DEF|NOM//nmod//37 skulle//VB|PRT|AKT//aux//43 därmed//AB//advmod//43 kunna//VB|INF|AKT//aux//43 bli//VB|INF|AKT//parataxis//22 föremål//NN|NEU|SIN|IND|NOM//xcomp//43 för//PP//case//46 lagprövning//NN|UTR|SIN|IND|NOM//nmod//44 ,//MID//punct//48 något//PN|NEU|SIN|IND|SUB/OBJ//parataxis//22 som//HP|-|-|-//nsubj//53 sannolikt//AB|POS//advmod//53 skulle//VB|PRT|AKT//aux//53 ytterligare//AB|KOM//advmod//53 avhålla//VB|INF|AKT//acl:relcl//48 regeringen//NN|UTR|SIN|DEF|NOM//obj//53 och//KN//cc//56 riksdagen//NN|UTR|SIN|DEF|NOM//conj//54 från//PP//mark//59 att//IE//mark//59 utnyttja//VB|INF|AKT//advcl//53 möjligheterna//NN|UTR|PLU|DEF|NOM//obj//59 att//IE//mark//62 göra//VB|INF|AKT//acl//60 undantag//NN|NEU|PLU|IND|NOM//obj//62 från//PP//case//65 skyldigheten//NN|UTR|SIN|DEF|NOM//obl//62 att//IE//mark//67 höra//VB|INF|AKT//advcl//62 Lagrådet//NN|NEU|SIN|DEF|NOM//obj//67 .//MAD//punct//22
Sammanfattning;2//RG|NOM//discourse//2 .//MAD//punct//0
Sammanfattning;Uppenbarhetskravet//NN|NEU|SIN|DEF|NOM//nsubj//8 i//PP//case//7 11//RG|NOM//nummod//5 kap.//NN|AN//nmod//6 14//RG|NOM//nummod//7 §//NN|AN//nmod//2 avskaffas//VB|PRS|SFO//ROOT//8 helt//AB|POS//advmod//8 .//MAD//punct//8
Sammanfattning;3//RG|NOM//discourse//4 .//MAD//punct//0
Sammanfattning;En//DT|UTR|SIN|IND//det//3 författningsdomstol//NN|UTR|SIN|IND|NOM//nsubj:pass//4 inrättas//VB|PRS|SFO//ROOT//4 .//MAD//punct//4
Sammanfattning;Den//PN|UTR|SIN|DEF|SUB/OBJ//nsubj//8 är//VB|PRS|AKT//cop//8 sammansatt//PC|PRF|UTR|SIN|IND|NOM//parataxis//4 av//PP//case//11 3//RG|NOM//nummod//11 justitieråd//NN|NEU|PLU|IND|NOM//obl:agent//8 ,//MID//punct//14 3//RG|NOM//nummod//14 regeringsråd//NN|NEU|PLU|IND|NOM//conj//8 och//KN//cc//18 3//RG|NOM//nummod//18 övriga//JJ|POS|UTR/NEU|PLU|IND/DEF|NOM//amod//18 ledamöter//NN|UTR|PLU|IND|NOM//conj//14 .//MAD//punct//21
Sammanfattning;Författningsdomstolen//NN|NEU|PLU|DEF|NOM//nsubj:pass//21 sammankallas//VB|PRS|SFO//conj//8 ad//UO//advmod//21 hoc//UO//fixed//22 för//PP//case//25 prövning//NN|UTR|SIN|IND|NOM//obl//21 .//MAD//punct//8
Sammanfattning;Ledamöterna//NN|UTR|PLU|DEF|NOM//nsubj//28 har//VB|PRS|AKT//parataxis//8 kvar//PL//compound:prt//28 sina//PS|UTR/NEU|PLU|DEF//nmod:poss//32 ordinarie//JJ|POS|UTR/NEU|SIN/PLU|IND/DEF|NOM//amod//32 uppdrag//NN|NEU|PLU|IND|NOM//obj//28 vid//PP//case//34 sidan//NN|UTR|SIN|DEF|NOM//nmod//32 av//PP//case//36 tjänstgöringen//NN|UTR|SIN|DEF|NOM//nmod//34 i//PP//case//38 författningsdomstolen//NN|UTR|SIN|DEF|NOM//nmod//36 .//MAD//punct//28
Sammanfattning;Domarna//NN|UTR|PLU|DEF|NOM//nsubj:pass//46 från//PP//case//43 Högsta//JJ|SUV|UTR/NEU|SIN/PLU|DEF|NOM//amod//43 domstolen//NN|UTR|SIN|DEF|NOM//nmod//40 och//KN//cc//45 Regeringsrätten//NN|UTR|SIN|DEF|NOM//conj//43 utnämns//VB|PRS|SFO//conj//28 av//PP//case//49 respektive//AB//amod//49 domstol//NN|UTR|SIN|IND|NOM//obl:agent//46 enligt//PP//case//52 ”//PAD//punct//52 lagrådsprincipen//NN|UTR|SIN|DEF|NOM//nmod//49 ”//PM|NOM//punct//8 .//MAD//punct//4
Sammanfattning;Övriga//JJ|POS|UTR/NEU|PLU|IND/DEF|NOM//amod//56 ledamöter//NN|UTR|PLU|IND|NOM//nsubj:pass//57 utses//VB|PRS|SFO//parataxis//4 av//PP//case//59 riksdagen//NN|UTR|SIN|DEF|NOM//obl:agent//57 .//MAD//punct//4
Sammanfattning;Tjänstgöringstiden//NN|UTR|SIN|DEF|NOM//nsubj//64 är//VB|PRS|AKT//cop//64 sex//RG|NOM//nummod//64 år//NN|NEU|PLU|IND|NOM//parataxis//4 ,//MID//punct//64 eventuellt//AB|POS//advmod//64 utan//PP//case//68 möjlighet//NN|UTR|SIN|IND|NOM//conj//64 till//PP//case//70 omval//NN|NEU|SIN|IND|NOM//nmod//68 av//PP//case//72 de//DT|UTR/NEU|PLU|DEF//nmod//70 av//PP//case//74 riksdagen//NN|UTR|SIN|DEF|NOM//nmod//72 utsedda//PC|PRF|UTR/NEU|PLU|IND/DEF|NOM//parataxis//4 ledamöterna//NN|UTR|PLU|DEF|NOM//obj//75 .//MAD//punct//4
Sammanfattning;Grundlagsutredningens//NN|UTR|SIN|DEF|GEN//nmod:poss//1 expertgrupp//NN|UTR|SIN|IND|NOM//ROOT//1
Sammanfattning;Normprövningen//NN|UTR|SIN|DEF|NOM//nsubj//4 är//VB|PRS|AKT//cop//4 i//PP//advmod//4 huvudsak//NN|UTR|SIN|IND|NOM//fixed//2 konkret//AB|POS//ROOT//4 och//KN//cc//6 kommer//VB|PRS|AKT//conj//4 till//PP//compound:prt//6 stånd//NN|NEU|SIN|IND|NOM//fixed//7 genom//PP//mark//13 att//SN//mark//13 en//DT|UTR|SIN|IND//det//12 domstol//NN|UTR|SIN|IND|NOM//nsubj//13 hänskjuter//VB|PRS|AKT//advcl//6 lagprövningsfrågan//NN|UTR|SIN|DEF|NOM//obj//13 till//PP//case//16 författningsdomstolen//NN|UTR|SIN|DEF|NOM//obl//13 .//MAD//punct//4
Sammanfattning;Regleringen//NN|UTR|SIN|DEF|NOM//nsubj//24 skulle//VB|PRT|AKT//aux//24 i//PP//case//23 det//DT|NEU|SIN|DEF//det//23 här//AB//fixed//21 avseendet//NN|NEU|SIN|DEF|NOM//obl//24 knyta//VB|INF|AKT//conj//4 an//PL//compound:prt//24 till//PP//case//28 den//DT|UTR|SIN|DEF//det//28 ordning//NN|UTR|SIN|IND|NOM//obl//24 som//HP|-|-|-//nsubj//30 gäller//VB|PRS|AKT//acl:relcl//28 vid//PP//case//32 inhämtande//PC|PRS|UTR/NEU|SIN/PLU|IND/DEF|NOM//obl//30 av//PP//case//34 förhandsbesked//NN|NEU|PLU|IND|NOM//nmod//32 från//PP//case//36 EG-domstolen//NN|UTR|SIN|DEF|NOM//nmod//32 .//MAD//punct//24
Sammanfattning;Abstrakt//JJ|POS|UTR|SIN|IND|NOM//amod//39 normprövning//NN|UTR|SIN|IND|NOM//nsubj:pass//40 tillåts//VB|PRS|SFO//parataxis//24 i//PP//case//43 begränsad//PC|PRF|UTR|SIN|IND|NOM//amod//43 utsträckning//NN|UTR|SIN|IND|NOM//obl//40 ,//MID//punct//45 se//VB|IMP|AKT//conj//24 p.//NN|UTR|SIN|IND|NOM//nmod//47 3//RG|NOM//obj//45 i//PP//case//49 mellanalternativet//NN|NEU|SIN|DEF|NOM//obl//45 .//MAD//punct//45
Sammanfattning;Som//KN//case//52 huvudregel//NN|UTR|SIN|IND|NOM//xcomp//53 tillåts//VB|PRS|SFO//conj//24 inte//AB//advmod//53 s.k.//AB|AN//amod//56 författningsbesvär//NN|NEU|PLU|IND|NOM//xcomp//53 över//PP//case//59 enskilda//JJ|POS|UTR/NEU|PLU|IND/DEF|NOM//amod//59 myndighetsbeslut//NN|NEU|PLU|IND|NOM//obl//56 .//MAD//punct//24
Sammanfattning;Författningsdomstolens//NN|UTR|SIN|DEF|GEN//nmod:poss//62 prövning//NN|UTR|SIN|IND|NOM//nsubj//64 kan//VB|PRS|AKT//aux//64 utmynna//VB|INF|AKT//conj//24 i//PP//case//67 ett//DT|NEU|SIN|IND//det//67 uttalande//NN|NEU|SIN|IND|NOM//obl//64 om//PP//mark//74 att//SN//mark//74 en//DT|UTR|SIN|IND//det//71 bestämmelse//NN|UTR|SIN|IND|NOM//nsubj:pass//74 inte//AB//advmod//74 ska//VB|PRS|AKT//aux//74 tillämpas//VB|INF|SFO//acl//67 i//PP//case//78 det//DT|NEU|SIN|DEF//det//78 konkreta//JJ|POS|UTR/NEU|SIN|DEF|NOM//amod//78 fallet//NN|NEU|SIN|DEF|NOM//obl//74 eller//KN//cc//83 ,//MID//punct//83 vid//PP//case//83 abstrakt//JJ|POS|UTR|SIN|IND|NOM//amod//83 prövning//NN|UTR|SIN|IND|NOM//conj//78 ,//MID//punct//83 ett//DT|NEU|SIN|IND//det//86 uttalande//NN|NEU|SIN|IND|NOM//conj//74 om//PP//case//90 en//DT|UTR|SIN|IND//det//89 bestämmelses//NN|UTR|SIN|IND|GEN//nmod:poss//90 grundlagsenlighet//NN|UTR|SIN|IND|NOM//nmod//86 .//MAD//punct//24
Sammanfattning;Däremot//AB//advmod//93 ges//VB|PRS|SFO//parataxis//24 författningsdomstolen//NN|UTR|SIN|DEF|NOM//nsubj:pass//93 inte//AB//advmod//93 behörighet//NN|UTR|SIN|IND|NOM//nsubj:pass//93 att//IE//mark//98 upphäva//VB|INF|AKT//acl//96 bestämmelsen//NN|UTR|SIN|DEF|NOM//obj//98 .//MAD//punct//24
Sammanfattning;Bilaga//NN|UTR|SIN|IND|NOM//ROOT//0 1//RG|NOM//nummod//0

