Sammanfattning;Försvarsforskningsutredningen//NN|UTR|SIN|DEF|NOM//nsubj//2 har//VB|PRS|AKT//aux//2 haft//VB|SUP|AKT//ROOT//2 som//KN//mark//4 uppdrag//NN|NEU|SIN|IND|NOM//xcomp//2 att//IE//mark//6 lämna//VB|INF|AKT//acl//4 förslag//NN|NEU|SIN|IND|NOM//obj//6 till//PP//case//12 hur//HA//advmod//12  //_SP////9 en//DT|UTR|SIN|IND//det//12 sammanslagning//NN|UTR|SIN|IND|NOM//obl//6 av//PP//case//18 de//DT|UTR/NEU|PLU|DEF//det//16 nuvarande//PC|PRS|UTR/NEU|SIN/PLU|IND/DEF|NOM//amod//16 myndigheterna//NN|UTR|PLU|DEF|NOM//nmod//18 Flygtekniska//JJ|POS|UTR/NEU|SIN|DEF|NOM//amod//18 försöksanstalten//NN|UTR|SIN|DEF|NOM//nmod//12 och//KN//cc//22 Försvarets//PM|GEN//nmod:poss//21 forsknings//NN|UTR|SIN|IND|GEN//nmod:poss//22 anstalt//NN|UTR|SIN|IND|NOM//conj//18 skulle//VB|PRT|AKT//aux//25 kunna//VB|INF|AKT//aux//25 genomföras//VB|INF|SFO//conj//2 .//MAD//punct//2
Sammanfattning;I//PP//case//28 uppdraget//NN|NEU|SIN|DEF|NOM//obl//29 ingår//VB|PRS|AKT//parataxis//2 också//AB//advmod//29 att//IE//mark//32 lämna//VB|INF|AKT//xcomp//29 förslag//NN|NEU|SIN|IND|NOM//obj//32 till//PP//case//35 mål//NN|NEU|SIN|IND|NOM//nmod//33 ,//MID//punct//37 lednings-//NN|UTR|-|-|SMS//conj//35 ,//MID//punct//39 styrnings-//NN|UTR|-|-|SMS//conj//35 och//KN//cc//41 finansieringsformer//NN|UTR|PLU|IND|NOM//conj//35 för//PP//case//45 en//DT|UTR|SIN|IND//det//45 ny//JJ|POS|UTR|SIN|IND|NOM//amod//45 myndighet//NN|UTR|SIN|IND|NOM//nmod//41 samt//KN//cc//48 en//DT|UTR|SIN|IND//det//48 plan//NN|UTR|SIN|IND|NOM//conj//29 för//PP//case//50 genomförande//PC|PRS|UTR/NEU|SIN/PLU|IND/DEF|NOM//nmod//48 av//PP//case//54 organisa//JJ|POS|UTR/NEU|PLU|IND/DEF|NOM//amod//54 toriska//JJ|POS|UTR/NEU|PLU|IND/DEF|NOM//amod//54 förändringar//NN|UTR|PLU|IND|NOM//nmod//50 .//MAD//punct//2
Sammanfattning;Vidare//AB|KOM//punct//2 omfattar//VB|PRS|AKT//conj//2 uppdraget//NN|NEU|SIN|DEF|NOM//obj//57 att//SN//mark//60 avseende//PC|PRS|UTR/NEU|SIN/PLU|IND/DEF|NOM//advcl//57 NBCverksamhet//NN|UTR|SIN|IND|NOM//obj//60 dels//KN//advmod//63 analysera//VB|INF|AKT//conj//2 gränsytorna//NN|UTR|PLU|DEF|NOM//obj//63 mellan//PP//case//67 Totalförsvarets//NN|NEU|SIN|DEF|GEN//nmod:poss//67 skyddsskola//NN|UTR|SIN|IND|NOM//nmod//64 ,//MID//punct//69 Försvarshögskolan//NN|UTR|SIN|DEF|NOM//conj//67 ,//MID//punct//69 Försvarets//NN|NEU|SIN|DEF|GEN//nmod:poss//72 forsknings//NN|UTR|SIN|IND|GEN//nmod:poss//73 anstalt//NN|UTR|SIN|IND|NOM//conj//67 ,//MID//punct//76 Statens//NN|UTR|SIN|DEF|GEN//nmod:poss//76 räddningsverk//NN|NEU|SIN|IND|NOM//conj//67 och//KN//cc//78 Socialstyrelsen//NN|UTR|SIN|DEF|NOM//conj//67 ,//MID//punct//81 dels//KN//advmod//81 lämna//VB|INF|AKT//conj//2 förslag//NN|NEU|SIN|IND|NOM//obj//81 till//PP//case//85 organisatorisk//JJ|POS|UTR|SIN|IND|NOM//amod//85 integrering//NN|UTR|SIN|IND|NOM//nmod//82 av//PP//case//88 denna//DT|UTR|SIN|DEF//det//88 verksamhet//NN|UTR|SIN|IND|NOM//nmod//85 .//MAD//punct//2
Sammanfattning;I//PP//case//91 uppdraget//NN|NEU|SIN|DEF|NOM//obl//92 ingår//VB|PRS|AKT//parataxis//2 även//AB//advmod//92 att//IE//mark//95 analysera//VB|INF|AKT//xcomp//92 gränsytorna//NN|UTR|PLU|DEF|NOM//obj//95 och//KN//cc//98 möjligheterna//NN|UTR|PLU|DEF|NOM//conj//96 till//PP//case//101 en//DT|UTR|SIN|IND//det//101 integrering//NN|UTR|SIN|IND|NOM//nmod//98 av//PP//case//105 den//DT|UTR|SIN|DEF//det//105 säkerhetspolitiska//JJ|POS|UTR/NEU|SIN|DEF|NOM//amod//105 forskning//NN|UTR|SIN|IND|NOM//nmod//101 som//HP|-|-|-//nsubj:pass//107 bedrivs//VB|PRS|SFO//acl:relcl//105 vid//PP//case//109 Försvarshögskolan//PM|NOM//obl//107 och//KN//cc//112 Försvarets//NN|NEU|SIN|DEF|GEN//nmod:poss//112 forskningsanstalt//NN|UTR|SIN|IND|NOM//conj//109 .//MAD//punct//2
Sammanfattning;Slutligen//AB//advmod//117 skall//VB|PRS|AKT//aux//117 utredningen//NN|UTR|SIN|DEF|NOM//nsubj//117 samråda//VB|INF|AKT//parataxis//2 med//PP//case//120 Försvarets//NN|NEU|SIN|DEF|GEN//nmod:poss//120 materielverk//NN|NEU|SIN|IND|NOM//obl//117 avseende//PC|PRS|UTR/NEU|SIN/PLU|IND/DEF|NOM//case//123 Försvarsmaktens//NN|UTR|SIN|DEF|GEN//nmod:poss//123 behov//NN|NEU|SIN|IND|NOM//obl//117 av//PP//case//125 provningsresurser//NN|UTR|PLU|IND|NOM//nmod//123 och//KN//cc//129 med//PP//case//129 Utbildningsdepartementets//NN|NEU|SIN|DEF|GEN//nmod:poss//129 arbetsgrupp//NN|UTR|SIN|IND|NOM//conj//125 som//HP|-|-|-//nsubj//131 utreder//VB|PRS|AKT//acl:relcl//129 en//DT|UTR|SIN|IND//det//134 ny//JJ|POS|UTR|SIN|IND|NOM//amod//134 myndighetsstruktur//NN|UTR|SIN|IND|NOM//obj//131 för//PP//case//136 forskningen//NN|UTR|SIN|DEF|NOM//obl//131 .//MAD//punct//2
Sammanfattning;Utredningen//NN|UTR|SIN|DEF|NOM//nsubj//2 har//VB|PRS|AKT//aux//2 lagt//VB|SUP|AKT//ROOT//2 det//DT|NEU|SIN|DEF//det//6 vidgade//PC|PRF|UTR/NEU|SIN|DEF|NOM//amod//6 säkerhetspolitiska//JJ|POS|UTR/NEU|SIN|DEF|NOM//amod//6 begreppet//NN|NEU|SIN|DEF|NOM//obj//2 och//KN//cc//9 statsmakternas//NN|UTR|PLU|DEF|GEN//nmod:poss//9 inriktning//NN|UTR|SIN|IND|NOM//conj//6 mot//PP//mark//12 att//IE//mark//12 använda//VB|INF|AKT//advcl//2 totalförsvarsresurser//NN|UTR|PLU|IND|NOM//obj//12 också//AB//advmod//12 i//PP//case//17 andra//JJ|POS|UTR/NEU|PLU|IND/DEF|NOM//amod//17 situationer//NN|UTR|PLU|IND|NOM//obl//12 än//KN//case//19 krigsfara//NN|UTR|SIN|IND|NOM//nmod//17 och//KN//cc//21 krig//NN|NEU|SIN|IND|NOM//conj//19 till//PP//case//26 grund//NN|UTR|SIN|IND|NOM//fixed//22 för//PP//fixed//22 sina//PS|UTR/NEU|PLU|DEF//nmod:poss//26 bedömningar//NN|UTR|PLU|IND|NOM//obl//12 .//MAD//punct//2
Sammanfattning;Enligt//PP//case//29 utredningen//NN|UTR|SIN|DEF|NOM//obl//30 leder//VB|PRS|AKT//conj//2 dessa//DT|UTR/NEU|PLU|DEF//det//32 beslut//NN|NEU|PLU|IND|NOM//obj//30 av//PP//case//34 statsmakterna//NN|UTR|PLU|DEF|NOM//nmod//32 till//PP//mark//37 att//SN//mark//37 forskning//NN|UTR|SIN|IND|NOM//obl//30 för//PP//case//40 totalförsvarets//NN|NEU|SIN|DEF|GEN//nmod:poss//40 behov//NN|NEU|SIN|IND|NOM//nmod//37 behöver//VB|PRS|AKT//aux//42 ses//VB|INF|SFO//conj//2 i//PP//case//46 ett//DT|NEU|SIN|IND//det//46 vidare//JJ|KOM|UTR/NEU|SIN/PLU|IND/DEF|NOM//amod//46 perspektiv//NN|NEU|SIN|IND|NOM//obl//42 .//MAD//punct//2
Sammanfattning;Den//DT|UTR|SIN|DEF//det//49 utveckling//NN|UTR|SIN|IND|NOM//nsubj//55 som//HP|-|-|-//nsubj//51 sker//VB|PRS|AKT//acl:relcl//49 avseende//PC|PRS|UTR/NEU|SIN/PLU|IND/DEF|NOM//case//54 internationellt//JJ|POS|NEU|SIN|IND|NOM//amod//54 samarbete//NN|NEU|SIN|IND|NOM//obl//51 leder//VB|PRS|AKT//parataxis//2 till//PP//case//58 samma//DT|UTR/NEU|SIN/PLU|IND//amod//58 slutsats//NN|UTR|SIN|IND|NOM//obl//55 .//MAD//punct//2
Sammanfattning;Utredningen//NN|UTR|SIN|DEF|NOM//nsubj//2 har//VB|PRS|AKT//aux//2 ansett//VB|SUP|AKT//ROOT//2 det//PN|NEU|SIN|DEF|SUB/OBJ//expl//5 vara//VB|INF|AKT//cop//5 angeläget//JJ|POS|NEU|SIN|IND|NOM//xcomp//2 att//SN//mark//16 de//DT|UTR/NEU|PLU|DEF//det//8 förslag//NN|NEU|PLU|IND|NOM//nsubj:pass//16 som//HP|-|-|-//nsubj:pass//10 lämnas//VB|PRS|SFO//acl:relcl//8 på//PP//case//14 ett//DT|NEU|SIN|IND//det//14 enkelt//JJ|POS|NEU|SIN|IND|NOM//amod//14 sätt//NN|NEU|SIN|IND|NOM//obl//10 kan//VB|PRS|AKT//aux//16 passas//VB|INF|SFO//csubj//5 in//PL//compound:prt//16 i//PP//case//22 den//DT|UTR|SIN|DEF//det//22 framtida//JJ|POS|UTR/NEU|SIN/PLU|IND/DEF|NOM//amod//22 nationella//JJ|POS|UTR/NEU|SIN|DEF|NOM//amod//22 forskningspolitiken//NN|UTR|SIN|DEF|NOM//obl//16 och//KN//cc//27 i//PP//case//27 de//DT|UTR/NEU|PLU|DEF//det//27 internationella//JJ|POS|UTR/NEU|PLU|IND/DEF|NOM//amod//27 samarbetsstrukturer//NN|UTR|PLU|IND|NOM//conj//22 där//AB//advmod//27
Sammanfattning;Sverige//PM|NOM//nsubj//1 deltar//VB|PRS|AKT//ROOT//1 .//MAD//punct//1
Sammanfattning;Av//PP//case//5 det//DT|NEU|SIN|DEF//det//5 skälet//NN|NEU|SIN|DEF|NOM//obl//8 har//VB|PRS|AKT//aux//8 utredningen//NN|UTR|SIN|DEF|NOM//nsubj//8 inhämtat//VB|SUP|AKT//parataxis//1 underlag//NN|NEU|SIN|IND|NOM//obj//8 från//PP//case//12 andra//JJ|POS|UTR/NEU|PLU|IND/DEF|NOM//amod//12 utredningar//NN|UTR|PLU|IND|NOM//nmod//9 ,//MID//punct//14 myndigheter//NN|UTR|PLU|IND|NOM//conj//12 ,//MID//punct//16 organisationer//NN|UTR|PLU|IND|NOM//conj//12 och//KN//cc//18 företag//NN|NEU|PLU|IND|NOM//conj//12 som//HP|-|-|-//nsubj//21 har//VB|PRS|AKT//aux//21 bedömts//VB|SUP|SFO//acl:relcl//18 ha//VB|INF|AKT//xcomp//21 eller//KN//cc//26 komma//VB|INF|AKT//aux//26 att//IE//mark//26 få//VB|INF|AKT//conj//1 betydelsefulla//JJ|POS|UTR/NEU|PLU|IND/DEF|NOM//amod//28 roller//NN|UTR|PLU|IND|NOM//obj//26 för//PP//case//31 totalförsvarets//NN|NEU|SIN|DEF|GEN//nmod:poss//31 forskning//NN|UTR|SIN|IND|NOM//obl//26 och//KN//cc//33 utveckling//NN|UTR|SIN|IND|NOM//conj//31 .//MID//punct//1
Sammanfattning;Styrelserna//NN|UTR|PLU|DEF|NOM//nsubj:pass//46 för//PP//case//37 FFA//PM|NOM//nmod//35 ,//MID//punct//35 FOA//PM|NOM//conj//35 och//KN//cc//41 FHS//PM|NOM//conj//39 liksom//PP//mark//44 berörda//PC|PRF|UTR/NEU|PLU|IND/DEF|NOM//amod//44 arbetstagarorganisationer//NN|UTR|PLU|IND|NOM//nmod//41 har//VB|PRS|AKT//aux//46 orienterats//VB|SUP|SFO//parataxis//1 fortlöpande//JJ|POS|UTR/NEU|SIN/PLU|IND/DEF|NOM//xcomp//46 under//PP//case//49 utredningsarbetet//NN|NEU|SIN|DEF|NOM//obl//46 .//MAD//punct//1
Sammanfattning;Försvarsforskningsutredningen//NN|UTR|SIN|DEF|NOM//nsubj//1 konstaterar//VB|PRS|AKT//ROOT//1 att//SN//mark//5 det//PN|NEU|SIN|DEF|SUB/OBJ//expl//5 är//VB|PRS|AKT//cop//5 angeläget//JJ|POS|NEU|SIN|IND|NOM//ccomp//1 att//IE//mark//7 åstadkomma//VB|INF|AKT//csubj//5 en//DT|UTR|SIN|IND//det//10 bättre//JJ|KOM|UTR/NEU|SIN/PLU|IND/DEF|NOM//amod//10 överblick//NN|UTR|SIN|IND|NOM//obj//7 och//KN//cc//12 koordinering//NN|UTR|SIN|IND|NOM//conj//10 av//PP//case//15 det//DT|NEU|SIN|DEF//det//15 forsknings-//NN|UTR|-|-|SMS//nmod//12 och//KN//cc//17 utvecklingsarbete//NN|NEU|SIN|IND|NOM//conj//15 som//HP|-|-|-//nsubj:pass//19 bedrivs//VB|PRS|SFO//acl:relcl//10 för//PP//case//22 totalförsvarets//NN|NEU|SIN|DEF|GEN//nmod:poss//22 räkning//NN|UTR|SIN|IND|NOM//obl//19 .//MAD//punct//1
Sammanfattning;Av//PP//case//26 det//DT|NEU|SIN|DEF//det//26 skälet//NN|NEU|SIN|DEF|NOM//obl//27 föreslår//VB|PRS|AKT//parataxis//1 utredningen//NN|UTR|SIN|DEF|NOM//obj//27 att//SN//mark//34 aktiva//JJ|POS|UTR/NEU|PLU|IND/DEF|NOM//amod//33 och//KN//cc//32 kompetenta//JJ|POS|UTR/NEU|PLU|IND/DEF|NOM//conj//30 nätverk//NN|NEU|PLU|IND|NOM//nsubj:pass//34 organiseras//VB|PRS|SFO//advcl//27 särskilt//AB//advmod//34 inom//PP//case//38 sådana//JJ|POS|UTR/NEU|PLU|IND|NOM//amod//38 områden//NN|NEU|PLU|IND|NOM//obl//34 som//HP|-|-|-//nsubj:pass//41 kan//VB|PRS|AKT//aux//41 bedömas//VB|INF|SFO//acl:relcl//38 vara//VB|INF|AKT//xcomp//41 av//PP//case//45 strategisk//JJ|POS|UTR|SIN|IND|NOM//amod//45 betydelse//NN|UTR|SIN|IND|NOM//nmod//42 eller//KN//cc//50 där//HA//advmod//50 det//PN|NEU|SIN|DEF|SUB/OBJ//expl//50 är//VB|PRS|AKT//cop//50 viktigt//JJ|POS|NEU|SIN|IND|NOM//conj//42 att//IE//mark//52 bevara//VB|INF|AKT//csubj//50 och//KN//cc//54 utveckla//VB|INF|AKT//conj//52 en//DT|UTR|SIN|IND//det//58 egen//JJ|POS|UTR|SIN|IND/DEF|NOM//amod//58 nationell//JJ|POS|UTR|SIN|IND|NOM//amod//58 kompetens//NN|UTR|SIN|IND|NOM//obj//54 .//MAD//punct//1
Sammanfattning;För//PP//mark//62 att//IE//mark//62 stärka//VB|INF|AKT//advcl//72 rege//SN//iobj//62 ringens//NN|UTR|SIN|DEF|GEN//nmod:poss//65 möjligheter//NN|UTR|PLU|IND|NOM//obj//62 till//PP//case//67 styrning//NN|UTR|SIN|IND|NOM//nmod//65 och//KN//cc//69 kontroll//NN|UTR|SIN|IND|NOM//conj//67 av//PP//case//71 verksamheten//NN|UTR|SIN|DEF|NOM//nmod//69 föreslår//VB|PRS|AKT//parataxis//1 utredningen//NN|UTR|SIN|DEF|NOM//obj//72 att//SN//mark//84 en//DT|UTR|SIN|IND//det//77 särskild//PC|PRF|UTR|SIN|IND|NOM//amod//77 samordnare//NN|UTR|SIN|IND|NOM//nsubj:pass//84 –//RG|NOM//punct//81 totalförsvarets//NN|NEU|SIN|DEF|GEN//nmod:poss//81 chief//UO//amod//81 scientist//UO//appos//77  //_SP////81 –//PAD//punct//77 placeras//VB|PRS|SFO//advcl//72 i//PP//case//86 Försvarsdepartementet//NN|NEU|SIN|DEF|NOM//obl//84 med//PP//case//88 uppgift//NN|UTR|SIN|IND|NOM//obl//84 att//IE//mark//91 vara//VB|INF|AKT//cop//91 rådgivare//NN|UTR|SIN|IND|NOM//acl//88 åt//PP//case//93 regeringen//NN|UTR|SIN|DEF|NOM//obl//91 i//PP//case//95 frågor//NN|UTR|PLU|IND|NOM//obl//91 som//HP|-|-|-//nsubj//98 är//VB|PRS|AKT//cop//98 relaterade//PC|PRF|UTR/NEU|PLU|IND/DEF|NOM//acl:relcl//95 till//PP//case//102 totalför//PP//case//102 svarets//NN|NEU|SIN|DEF|GEN//nmod:poss//102 forskningsverksamhet//NN|UTR|SIN|IND|NOM//obl//98 .//MAD//punct//1
Sammanfattning;Innehavaren//NN|UTR|SIN|DEF|NOM//nsubj:pass//107 av//PP//case//106 befattningen//NN|UTR|SIN|DEF|NOM//nmod//104 föreslås//VB|PRS|SFO//parataxis//1 också//AB//advmod//107 bli//VB|INF|AKT//xcomp//107 ordförande//NN|UTR|SIN|IND|NOM//xcomp//109 i//PP//case//113 det//DT|NEU|SIN|DEF//det//113 Forum//NN|NEU|SIN|IND|NOM//obl//109 för//PP//case//115 totalförsvarsforskning//NN|UTR|SIN|IND|NOM//nmod//113 ,//MID//punct//107 (//PAD//punct//118 FFTF//NN|NEU|PLU|IND|NOM//appos//107 )//PAD//punct//118  //_SP////119 ,//MID//punct//125 som//HP|-|-|-//nsubj:pass//125 också//AB//advmod//125 bör//VB|PRS|AKT//aux//125 inrättas//VB|INF|SFO//acl:relcl//118 för//PP//mark//128 att//IE//mark//128 koordinera//VB|INF|AKT//advcl//125 och//KN//cc//130 öka//VB|INF|AKT//conj//128 utbytet//NN|NEU|SIN|DEF|NOM//obj//130 mellan//PP//case//135 de//DT|UTR/NEU|PLU|DEF//det//135 olika//JJ|POS|UTR/NEU|PLU|IND/DEF|NOM//amod//135 nätverken//NN|NEU|PLU|DEF|NOM//nmod//131 .//MAD//punct//1
Sammanfattning;Verksamheten//NN|UTR|SIN|DEF|NOM//nsubj:pass//3 inom//PP//case//2 nätverken//NN|NEU|PLU|DEF|NOM//nmod//0 finansieras//VB|PRS|SFO//ROOT//3 främst//AB|SUV//advmod//3 av//PP//case//8 de//DT|UTR/NEU|PLU|DEF//det//8 deltagande//PC|PRS|UTR/NEU|SIN/PLU|IND/DEF|NOM//amod//8 parterna//NN|UTR|PLU|DEF|NOM//obl:agent//3 .//MAD//punct//3
Sammanfattning;Drivkraften//NN|UTR|SIN|DEF|NOM//parataxis//3 för//PP//case//12 dem//PN|UTR/NEU|PLU|DEF|OBJ//nmod//10 är//VB|PRS|AKT//cop//10 att//SN//mark//16 samarbetet//NN|NEU|SIN|DEF|NOM//nsubj//16 ger//VB|PRS|AKT//csubj//10 ett//DT|NEU|SIN|IND//det//20 så//AB//advmod//19 stort//JJ|POS|NEU|SIN|IND|NOM//amod//20 bidrag//NN|NEU|SIN|IND|NOM//obj//16 till//PP//case//24 den//DT|UTR|SIN|DEF//det//24 övriga//JJ|POS|UTR/NEU|SIN|DEF|NOM//amod//24 verksamheten//NN|UTR|SIN|DEF|NOM//nmod//20 att//SN//mark//28 det//PN|NEU|SIN|DEF|SUB/OBJ//nsubj//28 är//VB|PRS|AKT//cop//28 intressant//JJ|POS|NEU|SIN|IND|NOM//ccomp//16 och//KN//cc//30 lönsamt//JJ|POS|NEU|SIN|IND|NOM//conj//28 att//IE//mark//34 vara//VB|INF|AKT//cop//34 en//DT|UTR|SIN|IND//det//34 delfinansiär//NN|UTR|SIN|IND|NOM//advcl//28 .//MAD//punct//16
Sammanfattning;I//PP//case//38 vissa//JJ|POS|UTR/NEU|PLU|IND/DEF|NOM//amod//38 fall//NN|NEU|PLU|IND|NOM//obl//16 –//RG|NOM//punct//38 särskilt//AB//advmod//43 i//PP//case//43 sådana//JJ|POS|UTR/NEU|PLU|IND|NOM//amod//43 nätverk//NN|NEU|PLU|IND|NOM//obl//16 där//HA//advmod//46 det//PN|NEU|SIN|DEF|SUB/OBJ//expl//46 finns//VB|PRS|SFO//acl:relcl//43 ett//DT|NEU|SIN|IND//det//51 svagt//JJ|POS|NEU|SIN|IND|NOM//amod//51 eller//KN//cc//50 vikande//PC|PRS|UTR/NEU|SIN/PLU|IND/DEF|NOM//conj//48 intresse//NN|NEU|SIN|IND|NOM//nsubj//46 att//IE//mark//53 medverka//VB|INF|AKT//acl//51 –//RG|NOM//punct//10 kan//VB|PRS|AKT//aux//65 staten//NN|UTR|SIN|DEF|NOM//nsubj//65 via//PP//case//59 totalförsvarets//NN|NEU|SIN|DEF|GEN//nmod:poss//59 myndigheter//NN|UTR|PLU|IND|NOM//nmod//56 eller//KN//cc//64 genom//PP//case//64 särskilt//AB//advmod//63 riktade//PC|PRF|UTR/NEU|PLU|IND/DEF|NOM//amod//64 anslagsmedel//NN|NEU|PLU|IND|NOM//conj//59 understödja//VB|INF|AKT//conj//3 verksamheten//NN|UTR|SIN|DEF|NOM//obj//65 .//MAD//punct//3
Sammanfattning;Försvarsforskningsutredningen//NN|UTR|SIN|DEF|NOM//nsubj//1 bedömer//VB|PRS|AKT//ROOT//1 att//SN//mark//6 dessa//DT|UTR/NEU|PLU|DEF//det//4 åtgärder//NN|UTR|PLU|IND|NOM//nsubj//6 bör//VB|PRS|AKT//aux//6 ge//VB|INF|AKT//ccomp//1 påtagliga//JJ|POS|UTR/NEU|PLU|IND/DEF|NOM//amod//8 synergieffekter//NN|UTR|PLU|IND|NOM//obj//6 och//KN//cc//10 effektivitetsvinster//NN|UTR|PLU|IND|NOM//conj//8 och//KN//cc//14 de//PN|UTR/NEU|PLU|DEF|SUB//nsubj:pass//14 bör//VB|PRS|AKT//aux//14 genomföras//VB|INF|SFO//conj//6 oberoende//PC|PRS|UTR/NEU|SIN/PLU|IND/DEF|NOM//case//18 av//PP//fixed//15 vilken//HD|UTR|SIN|IND//det//18 organisationsstruktur//NN|UTR|SIN|IND|NOM//obl//14 som//HP|-|-|-//nsubj:pass//22 i//PP//advmod//22 övrigt//JJ|POS|NEU|SIN|IND|NOM//fixed//20 beslutas//VB|PRS|SFO//acl:relcl//18 för//PP//case//24 försvarsforskningsområdet//NN|NEU|SIN|DEF|NOM//obl//22 .//MAD//punct//1
Sammanfattning;Åtgärderna//NN|UTR|PLU|DEF|NOM//nsubj//30 bör//VB|PRS|AKT//aux//30 också//AB//advmod//30 kunna//VB|INF|AKT//aux//30 ge//VB|INF|AKT//parataxis//1 ett//DT|NEU|SIN|IND//det//33 gott//JJ|POS|NEU|SIN|IND|NOM//amod//33 utgångsläge//NN|NEU|SIN|IND|NOM//obj//30 för//PP//mark//36 att//IE//mark//36 länka//VB|INF|AKT//advcl//30 in//PL//compound:prt//36 totalförsvarsforskningen//NN|UTR|SIN|DEF|NOM//obj//36 i//PP//case//43 en//DT|UTR|SIN|IND//det//43 framtida//JJ|POS|UTR/NEU|SIN/PLU|IND/DEF|NOM//amod//43 nationell//JJ|POS|UTR|SIN|IND|NOM//amod//43 forskningspolitik//NN|UTR|SIN|IND|NOM//obl//36 .//MAD//punct//30
Sammanfattning;Beträffande//PP//case//1 frågan//NN|UTR|SIN|DEF|NOM//nmod//12 om//PP//case//5 en//DT|UTR|SIN|IND//det//5 organisatorisk//JJ|POS|UTR|SIN|IND|NOM//amod//5 sammanslagning//NN|UTR|SIN|IND|NOM//nmod//1 av//PP//case//10 de//DT|UTR/NEU|PLU|DEF//det//10 båda//JJ|POS|UTR/NEU|PLU|IND/DEF|NOM//det//10 nuvarande//PC|PRS|UTR/NEU|SIN/PLU|IND/DEF|NOM//amod//10 myndigheterna//NN|UTR|PLU|DEF|NOM//nmod//5 Försvarets//NN|NEU|SIN|DEF|GEN//nmod:poss//12 forskningsanstalt//NN|UTR|SIN|IND|NOM//ROOT//12 och//KN//cc//12
Sammanfattning;Flygtekniska//JJ|POS|UTR/NEU|SIN|DEF|NOM//amod//1 försöksanstalten//NN|UTR|SIN|DEF|NOM//nsubj//2 konstaterar//VB|PRS|AKT//ROOT//2 utredningen//NN|UTR|SIN|DEF|NOM//obj//2 att//SN//mark//10 de//DT|UTR/NEU|PLU|DEF//det//7 båda//JJ|POS|UTR/NEU|PLU|IND/DEF|NOM//amod//7 myndigheterna//NN|UTR|PLU|DEF|NOM//nsubj//10 visserligen//AB//advmod//10 båda//PN|UTR/NEU|PLU|DEF|SUB/OBJ//nsubj//10 bedriver//VB|PRS|AKT//ccomp//2 försvarsforskning//NN|UTR|SIN|IND|NOM//obj//10 men//KN//cc//16 med//PP//case//16 helt//AB|POS//advmod//15 olika//JJ|POS|UTR/NEU|PLU|IND/DEF|NOM//amod//16 tyngdpunkter//NN|UTR|PLU|IND|NOM//conj//11 .//MAD//punct//2
Sammanfattning;FFA//PM|NOM//nsubj//21 är//VB|PRS|AKT//cop//21 huvudsakligen//AB//advmod//21 inriktad//PC|PRF|UTR|SIN|IND|NOM//parataxis//2 mot//PP//case//23 flyg-//NN|NEU|-|-|SMS//obl//21 och//KN//cc//25 rymdområdet//NN|NEU|SIN|DEF|NOM//conj//23 och//KN//cc//28 dess//PS|UTR/NEU|SIN/PLU|DEF//nmod:poss//28 tillämpningar//NN|UTR|PLU|IND|NOM//conj//23 för//PP//case//34 civilt//JJ|POS|NEU|SIN|IND|NOM//amod//34 och//KN//cc//32 mili//NN|UTR|SIN|IND|NOM//conj//30 tärt//JJ|POS|NEU|SIN|IND|NOM//amod//34 bruk//NN|NEU|SIN|IND|NOM//nmod//28 .//MAD//punct//21
Sammanfattning;FOA//PM|NOM//nsubj//40 i//PP//case//39 sin//PS|UTR|SIN|DEF//nmod:poss//39 tur//NN|UTR|SIN|IND|NOM//nmod//36 har//VB|PRS|AKT//conj//21 en//DT|UTR|SIN|IND//det//44 mycket//AB|POS//advmod//43 bred//JJ|POS|UTR|SIN|IND|NOM//amod//44 kompetens//NN|UTR|SIN|IND|NOM//obj//40 inom//PP//case//46 flertalet//NN|NEU|SIN|DEF|NOM//nmod//44 av//PP//case//49 de//DT|UTR/NEU|PLU|DEF//det//49 områden//NN|NEU|PLU|IND|NOM//nmod//46 som//HP|-|-|-//nsubj//51 har//VB|PRS|AKT//acl:relcl//49 militära//JJ|POS|UTR/NEU|PLU|IND/DEF|NOM//amod//53 tillämpningar//NN|UTR|PLU|IND|NOM//obj//51 men//KN//cc//56 också//AB//advmod//56 verksamhet//NN|UTR|SIN|IND|NOM//conj//53 som//HP|-|-|-//nsubj//58 riktar//VB|PRS|AKT//acl:relcl//56 sig//PN|UTR/NEU|SIN/PLU|DEF|OBJ//obj//58 till//PP//case//63 de//DT|UTR/NEU|PLU|DEF//det//63 civila//JJ|POS|UTR/NEU|PLU|IND/DEF|NOM//amod//63 delarna//NN|UTR|PLU|DEF|NOM//obl//58 av//PP//case//65 totalförsvaret//NN|NEU|SIN|DEF|NOM//nmod//63 .//MID//punct//40
Sammanfattning;Båda//JJ|POS|UTR/NEU|PLU|IND/DEF|NOM//amod//68 myndigheterna//NN|UTR|PLU|DEF|NOM//nsubj//69 har//VB|PRS|AKT//conj//40 en//DT|UTR|SIN|IND//det//72 bred//JJ|POS|UTR|SIN|IND|NOM//amod//72 kontaktyta//NN|UTR|SIN|IND|NOM//obj//69 mot//PP//case//78 både//KN//cc//75 nationella//JJ|POS|UTR/NEU|PLU|IND/DEF|NOM//amod//78 och//KN//cc//77 internationella//JJ|POS|UTR/NEU|PLU|IND/DEF|NOM//conj//75 forskningsorgan//NN|NEU|PLU|IND|NOM//obl//69 och//KN//cc//81 utländska//JJ|POS|UTR/NEU|PLU|IND/DEF|NOM//amod//81 kunder//NN|UTR|PLU|IND|NOM//conj//78 i//PP//case//86 form//NN|UTR|SIN|IND|NOM//fixed//82 av//PP//fixed//82 statliga//JJ|POS|UTR/NEU|PLU|IND/DEF|NOM//amod//86 organisationer//NN|UTR|PLU|IND|NOM//nmod//81 men//KN//cc//90 också//AB//advmod//90 kommersiella//JJ|POS|UTR/NEU|PLU|IND/DEF|NOM//amod//90 aktörer//NN|UTR|PLU|IND|NOM//conj//78 .//MAD//punct//40
Sammanfattning;Inom//PP//case//4 några//DT|UTR/NEU|PLU|IND//det//4 förhållandevis//AB//advmod//3 begränsade//PC|PRF|UTR/NEU|PLU|IND/DEF|NOM//amod//4 områden//NN|NEU|PLU|IND|NOM//obl//5 har//VB|PRS|AKT//ROOT//5 myndigheterna//NN|UTR|PLU|DEF|NOM//nsubj//5 likartade//JJ|POS|UTR/NEU|PLU|IND/DEF|NOM//amod//8 kompetenser//NN|UTR|PLU|IND|NOM//obj//5 .//MAD//punct//5
Sammanfattning;Inom//PP//case//11 andra//PN|UTR/NEU|PLU|IND|SUB/OBJ//obl//12 ligger//VB|PRS|AKT//parataxis//5 kompetensgrupperna//NN|UTR|PLU|DEF|NOM//nsubj//12 nära//PP//case//16 den//DT|UTR|SIN|DEF//det//16 gräns//NN|UTR|SIN|IND|NOM//obl//12 där//HA//advmod//20 det//PN|NEU|SIN|DEF|SUB/OBJ//expl//20 kan//VB|PRS|AKT//aux//20 bli//VB|INF|AKT//acl:relcl//16 svårt//JJ|POS|NEU|SIN|IND|NOM//xcomp//20 att//IE//mark//23 bevara//VB|INF|AKT//acl//21 dem//PN|UTR/NEU|PLU|DEF|OBJ//obj//23 .//MAD//punct//12
Sammanfattning;I//PP//advmod//12 den//DT|UTR|SIN|DEF//det//28 mån//NN|UTR|SIN|IND|NOM//fixed//26 dessa//DT|UTR/NEU|PLU|DEF//det//30 kompetenser//NN|UTR|PLU|IND|NOM//nsubj//31 är//VB|PRS|AKT//fixed//26 av//PP//case//34 strategisk//JJ|POS|UTR|SIN|IND|NOM//amod//34 betydelse//NN|UTR|SIN|IND|NOM//obl//31 eller//KN//cc//37 en//DT|UTR|SIN|IND//det//37 grund//NN|UTR|SIN|IND|NOM//conj//34 för//PP//mark//43 att//SN//mark//43 Sverige//PM|NOM//nsubj//43 skall//VB|PRS|AKT//aux//43 kunna//VB|INF|AKT//aux//43 bygga//VB|INF|AKT//advcl//31 upp//PL//compound:prt//43 kunskap//NN|UTR|SIN|IND|NOM//obj//43 och//KN//cc//47 forskningskapacitet//NN|UTR|SIN|IND|NOM//conj//45 ,//MID//punct//43 som//HP|-|-|-//nsubj//51 är//VB|PRS|AKT//cop//51 efterfrågad//PC|PRF|UTR|SIN|IND|NOM//acl:relcl//43 och//KN//cc//53 erkänd//PC|PRF|UTR|SIN|IND|NOM//conj//51 internationellt//AB|POS//advmod//51 ,//MID//punct//58 måste//VB|PRS|AKT//aux//58 åtgärder//NN|UTR|PLU|IND|NOM//nsubj:pass//58 vidtas//VB|INF|SFO//parataxis//12 för//PP//mark//61 att//IE//mark//61 säkra//VB|INF|AKT//advcl//58 dem//PN|UTR/NEU|PLU|DEF|OBJ//obj//61 .//MAD//punct//12
Sammanfattning;Detta//PN|NEU|SIN|DEF|SUB/OBJ//nsubj//71 är//VB|PRS|AKT//cop//71 i//PP//advmod//71 huvudsak//NN|UTR|SIN|IND|NOM//fixed//66 ett//DT|NEU|SIN|IND//det//71 vitalt//AB|POS//amod//71 nationellt//JJ|POS|NEU|SIN|IND|NOM//amod//71 intresse//NN|NEU|SIN|IND|NOM//parataxis//12 och//KN//cc//73 därmed//AB//conj//71 har//VB|PRS|AKT//advcl//5 staten//NN|UTR|SIN|DEF|NOM//nsubj//74 ett//DT|NEU|SIN|IND//det//78 tydligt//JJ|POS|NEU|SIN|IND|NOM//amod//78 ansvar//NN|NEU|SIN|IND|NOM//obj//74 för//PP//case//80 utvecklingen//NN|UTR|SIN|DEF|NOM//nmod//78 .//MAD//punct//5
Sammanfattning;Staten//NN|UTR|SIN|DEF|NOM//nsubj//87 bör//VB|PRS|AKT//aux//87 åtminstone//AB//advmod//87 till//PP//case//86 del//NN|UTR|SIN|IND|NOM//obl//87 finansiera//VB|INF|AKT//parataxis//5 kompetensutveckling//NN|UTR|SIN|IND|NOM//obj//87 och//KN//cc//90 forskning//NN|UTR|SIN|IND|NOM//conj//88 inom//PP//case//93 sådana//JJ|POS|UTR/NEU|PLU|IND|NOM//amod//93 områden//NN|NEU|PLU|IND|NOM//obl//87 som//HP|-|-|-//nsubj:pass//95 betecknas//VB|PRS|SFO//acl:relcl//93 som//KN//mark//97 strategiska//JJ|POS|UTR/NEU|PLU|IND/DEF|NOM//xcomp//95 eller//KN//cc//103 där//HA//advmod//103 det//PN|NEU|SIN|DEF|SUB/OBJ//expl//103 i//PP//advmod//103 övrigt//JJ|POS|NEU|SIN|IND|NOM//fixed//101 finns//VB|PRS|SFO//conj//95 ett//DT|NEU|SIN|IND//det//105 behov//NN|NEU|SIN|IND|NOM//nsubj//103 av//PP//mark//109 att//IE//mark//109 upprätt//VB|INF|AKT//advmod//109 hålla//VB|INF|AKT//acl//105 eller//KN//cc//111 utveckla//VB|INF|AKT//conj//109 kunskap//NN|UTR|SIN|IND|NOM//obj//109 .//MAD//punct//87
Sammanfattning;Försvarsforskningsutredningen//NN|UTR|SIN|DEF|NOM//nsubj//3 har//VB|PRS|AKT//aux//3 inte//AB//advmod//3 funnit//VB|SUP|AKT//ROOT//3 att//SN//mark//8 några//DT|UTR/NEU|PLU|IND//det//7 påtagliga//JJ|POS|UTR/NEU|PLU|IND/DEF|NOM//amod//7 rationaliseringsvinster//NN|UTR|PLU|IND|NOM//nsubj//8 uppstår//VB|PRS|AKT//ccomp//3 på//PP//case//11 kort//JJ|POS|UTR|SIN|IND|NOM//amod//11 sikt//NN|UTR|SIN|IND|NOM//obl//8 vid//PP//case//14 en//DT|UTR|SIN|IND//det//14 sammanläggning//NN|UTR|SIN|IND|NOM//obl//8 av//PP//case//16 FFA//PM|NOM//nmod//14 och//KN//cc//18 FOA//PM|NOM//conj//16 .//MAD//punct//3
Sammanfattning;På//PP//case//22 längre//JJ|KOM|UTR/NEU|SIN/PLU|IND/DEF|NOM//amod//22 sikt//NN|UTR|SIN|IND|NOM//obl//26 kan//VB|PRS|AKT//aux//26 det//PN|NEU|SIN|DEF|SUB/OBJ//expl//26 däremot//AB//advmod//26 uppkomma//VB|INF|AKT//conj//3 synergieffekter//NN|UTR|PLU|IND|NOM//obj//26 genom//PP//case//29 samordning//NN|UTR|SIN|IND|NOM//obl//26 av//PP//case//33 vissa//JJ|POS|UTR/NEU|PLU|IND/DEF|NOM//amod//33 likartade//JJ|POS|UTR/NEU|PLU|IND/DEF|NOM//amod//33 verksamheter//NN|UTR|PLU|IND|NOM//nmod//29 inom//PP//case//39 ramen//NN|UTR|SIN|DEF|NOM//fixed//34 för//PP//fixed//34 en//DT|UTR|SIN|IND//det//39 gemensam//JJ|POS|UTR|SIN|IND|NOM//amod//39 myndighet//NN|UTR|SIN|IND|NOM//obl//26 .//MAD//punct//3
Sammanfattning;Sådan//JJ|POS|UTR|SIN|IND|NOM//amod//42 samordning//NN|UTR|SIN|IND|NOM//nsubj//45 bör//VB|PRS|AKT//aux//45 självfallet//AB|POS//advmod//45 eftersträvas//VB|INF|SFO//parataxis//3 men//KN//cc//52 det//PN|NEU|SIN|DEF|SUB/OBJ//expl//52 är//VB|PRS|AKT//cop//52 också//AB//advmod//52 av//PP//case//52 stor//JJ|POS|UTR|SIN|IND|NOM//amod//52 betydelse//NN|UTR|SIN|IND|NOM//conj//45 att//SN//mark//58 den//DT|UTR|SIN|DEF//det//57 statliga//JJ|POS|UTR/NEU|SIN|DEF|NOM//amod//57 försvarsforskningsinriktade//PC|PRF|UTR/NEU|SIN|DEF|NOM//amod//57 organisationen//NN|UTR|SIN|DEF|NOM//nsubj//58 har//VB|PRS|AKT//csubj//52 ett//DT|NEU|SIN|IND//det//61 nära//JJ|POS|UTR/NEU|SIN/PLU|IND/DEF|NOM//amod//61 samarbete//NN|NEU|SIN|IND|NOM//obj//58 med//PP//case//63 universitet//NN|NEU|PLU|IND|NOM//nmod//61 och//KN//cc//65 högskolor//NN|UTR|PLU|IND|NOM//conj//63 och//KN//cc//69 med//PP//case//69 de//DT|UTR/NEU|PLU|DEF//det//69 organisationer//NN|UTR|PLU|IND|NOM//conj//63 och//KN//cc//71 företag//NN|NEU|PLU|IND|NOM//conj//69 som//HP|-|-|-//nsubj//74 är//VB|PRS|AKT//cop//74 verksamma//JJ|POS|UTR/NEU|PLU|IND/DEF|NOM//acl:relcl//71 inom//PP//case//76 området//NN|NEU|SIN|DEF|NOM//obl//74 .//MAD//punct//3
Sammanfattning;Om//SN//mark//2 regeringen//NN|UTR|SIN|DEF|NOM//nsubj//2 fullföljer//VB|PRS|AKT//advcl//10 inriktningen//NN|UTR|SIN|DEF|NOM//obj//2 att//IE//mark//5 slå//VB|INF|AKT//xcomp//2 samman//PL//compound:prt//5 FFA//PM|NOM//obj//5 och//KN//cc//9 FOA//PM|NOM//conj//7 bedömer//VB|PRS|AKT//ROOT//10 utredningen//NN|UTR|SIN|DEF|NOM//nsubj//10 att//SN//mark//20 huvuddelen//NN|UTR|SIN|DEF|NOM//nsubj//20 av//PP//case//15 FFA//PM|NOM//nmod//13 ://MID//punct//15 s//JJ|AN//nummod//18 verksamhet//NN|UTR|SIN|IND|NOM//nmod//13 är//VB|PRS|AKT//cop//20 beroende//PC|PRS|UTR/NEU|SIN/PLU|IND/DEF|NOM//acl//11 av//PP//case//22 närhet//NN|UTR|SIN|IND|NOM//obl//20 till//PP//case//26 de//DT|UTR/NEU|PLU|DEF//det//26 nuvarande//PC|PRS|UTR/NEU|SIN/PLU|IND/DEF|NOM//amod//26 anläggningarna//NN|UTR|PLU|DEF|NOM//obl//20 i//PP//case//28 Bromma//PM|NOM//nmod//26 .//MAD//punct//10
Sammanfattning;Samtidigt//AB//advmod//31 bedömer//VB|PRS|AKT//parataxis//10 utredningen//NN|UTR|SIN|DEF|NOM//nsubj//31 att//SN//mark//45 den//DT|UTR|SIN|DEF//det//35 verksamhet//NN|UTR|SIN|IND|NOM//nsubj//45 som//HP|-|-|-//obj//40 FOA//PM|NOM//nsubj//40 för//PP//case//39 närvarande//NN|NEU|SIN|IND|NOM//obl//40 bedriver//VB|PRS|AKT//acl:relcl//35 i//PP//case//42 Umeå//PM|NOM//obl//40 och//KN//cc//44 Linköping//PM|NOM//conj//42 har//VB|PRS|AKT//acl//32 ett//DT|NEU|SIN|IND//det//48 nära//JJ|POS|UTR/NEU|SIN/PLU|IND/DEF|NOM//amod//48 samband//NN|NEU|SIN|IND|NOM//obj//45 med//PP//case//51 den//DT|UTR|SIN|DEF//det//51 verksamhet//NN|UTR|SIN|IND|NOM//obl//45 som//HP|-|-|-//nsubj:pass//53 bedrivs//VB|PRS|SFO//acl:relcl//51 vid//PP//case//58 de//DT|UTR/NEU|PLU|DEF//det//58 där//AB//advmod//57 belägna//JJ|POS|UTR/NEU|PLU|IND/DEF|NOM//amod//58 universiteten//NN|NEU|PLU|DEF|NOM//obl//53
Sammanfattning;och//KN//cc//1 högskolorna//NN|UTR|PLU|DEF|NOM//nsubj//18 liksom//AB//mark//4 med//PP//case//4 försvarsindustrier//NN|NEU|PLU|IND|NOM//nmod//1 m.m.//AB|AN//fixed//4
Sammanfattning;Den//DT|UTR|SIN|DEF//det//7 del//NN|UTR|SIN|IND|NOM//nsubj//18 av//PP//case//9 FOA//PM|NOM//nmod//7 som//HP|-|-|-//nsubj//11 arbetar//VB|PRS|AKT//acl:relcl//7 med//PP//case//13 vapen//NN|NEU|PLU|IND|NOM//obl//11 ,//MID//punct//15 verkan//NN|UTR|SIN|IND|NOM//conj//13 och//KN//cc//17 skydd//NN|NEU|SIN|IND|NOM//conj//13 har//VB|PRS|AKT//ROOT//18 ändamålsenliga//JJ|POS|UTR/NEU|PLU|IND/DEF|NOM//amod//20 anläggningar//NN|UTR|PLU|IND|NOM//obj//18 i//PP//case//22 Grindsjön//PM|NOM//obl//18 .//MAD//punct//18
Sammanfattning;Lokaliseringen//NN|UTR|SIN|DEF|NOM//nsubj//26 dit//AB//advmod//24 ger//VB|PRS|AKT//parataxis//18 också//AB//advmod//26 bra//JJ|POS|UTR/NEU|SIN/PLU|IND/DEF|NOM//amod//29 förutsättningar//NN|UTR|PLU|IND|NOM//obj//26 för//PP//case//31 samarbete//NN|NEU|SIN|IND|NOM//nmod//29 både//KN//cc//34 med//PP//case//34 FOA//PM|NOM//obl//26 i//PP//advmod//26 övrigt//JJ|POS|NEU|SIN|IND|NOM//fixed//35 och//KN//cc//40 med//PP//case//40 andra//JJ|POS|UTR/NEU|PLU|IND/DEF|NOM//amod//40 intressenter//NN|UTR|PLU|IND|NOM//conj//36 .//MAD//punct//26
Sammanfattning;Någon//DT|UTR|SIN|IND//det//43 flyttning//NN|UTR|SIN|IND|NOM//appos//26 av//PP//case//46 denna//DT|UTR|SIN|DEF//det//46 verksamhet//NN|UTR|SIN|IND|NOM//nmod//43 från//PP//case//48 Grindsjön//PM|NOM//nmod//46 bedöms//VB|PRS|SFO//advcl//26 av//PP//case//52 dessa//DT|UTR/NEU|PLU|DEF//det//52 skäl//NN|NEU|PLU|IND|NOM//nsubj:pass//55 inte//AB//advmod//55 behöva//VB|INF|AKT//aux//55 övervägas//VB|INF|SFO//xcomp//49 ytterligare//AB|KOM//advmod//55 .//MAD//punct//18
Sammanfattning;För//PP//case//2 resterande//PC|PRS|UTR/NEU|SIN/PLU|IND/DEF|NOM//amod//2 delar//NN|UTR|PLU|IND|NOM//obl//7 av//PP//case//4 FOA//PM|NOM//nmod//2 i//PP//case//6 Storstockholmsområdet//NN|NEU|SIN|DEF|NOM//nmod//4 finns//VB|PRS|SFO//ROOT//7 däremot//AB//advmod//7 skäl//NN|NEU|PLU|IND|NOM//nsubj//7 att//IE//mark//11 finna//VB|INF|AKT//acl//9 ändamålsenliga//JJ|POS|UTR/NEU|PLU|IND/DEF|NOM//amod//13 lokaler//NN|UTR|PLU|IND|NOM//obj//11 på//PP//case//16 annan//JJ|POS|UTR|SIN|IND|NOM//amod//16 plats//NN|UTR|SIN|IND|NOM//obl//11 i//PP//case//18 området//NN|NEU|SIN|DEF|NOM//nmod//16 .//MAD//punct//7
Sammanfattning;Även//AB//advmod//26 här//AB//fixed//20 ,//MID//punct//20 liksom//AB//advmod//26 på//PP//case//26 övriga//JJ|POS|UTR/NEU|PLU|IND/DEF|NOM//amod//26 universitets-//NN|NEU|-|-|SMS//parataxis//7 och//KN//cc//28 högskoleorter//NN|UTR|PLU|IND|NOM//conj//26 ,//MID//punct//34 bör//VB|PRS|AKT//aux//34 lokaliseringen//NN|UTR|SIN|DEF|NOM//nsubj//34 om//PP//case//33 möjligt//JJ|POS|NEU|SIN|IND|NOM//advcl//34 underlätta//VB|INF|AKT//conj//7 samarbetet//NN|NEU|SIN|DEF|NOM//obj//34 mellan//PP//case//37 forskningsinstitutionerna//NN|UTR|PLU|DEF|NOM//nmod//35 och//KN//cc//40 övriga//JJ|POS|UTR/NEU|PLU|IND/DEF|NOM//amod//40 intressenter//NN|UTR|PLU|IND|NOM//conj//37 .//MAD//punct//7
Sammanfattning;Av//PP//case//44 de//DT|UTR/NEU|PLU|DEF//det//44 alternativ//NN|NEU|PLU|IND|NOM//obl//7 som//HP|-|-|-//nsubj//48 utredningen//NN|UTR|SIN|DEF|NOM//nsubj//47 studerat//VB|SUP|AKT//aux//48 bedöms//VB|PRS|SFO//acl:relcl//44 en//DT|UTR|SIN|IND//det//50 lokalisering//NN|UTR|SIN|IND|NOM//obj//48 i//PP//case//52 anslutning//NN|UTR|SIN|IND|NOM//nmod//50 till//PP//case//54 KTH//PM|NOM//nmod//50 ge//VB|INF|AKT//xcomp//7 bäst//JJ|SUV|UTR/NEU|SIN/PLU|IND|NOM//amod//57 förutsättningar//NN|UTR|PLU|IND|NOM//obj//55 för//PP//case//61 en//DT|UTR|SIN|IND//det//61 god//JJ|POS|UTR|SIN|IND|NOM//amod//61 forskarmiljö//NN|UTR|SIN|IND|NOM//nmod//57 och//KN//cc//64 nära//JJ|POS|UTR/NEU|SIN/PLU|IND/DEF|NOM//case//64 kontaktvägar//NN|UTR|PLU|IND|NOM//conj//61 till//PP//case//67 huvudkunderna//NN|UTR|PLU|DEF|NOM//nmod//67 regeringen//NN|UTR|SIN|DEF|NOM//nmod//64 ,//MID//punct//69 Försvarsmakten//NN|UTR|SIN|DEF|NOM//conj//67 och//KN//cc//71 ÖCB//PM|NOM//conj//67 .//MAD//punct//7
Sammanfattning;I//PP//advmod//87 andra//RO|NOM//amod//75 hand//NN|UTR|SIN|IND|NOM//fixed//73 kan//VB|PRS|AKT//aux//87 en//DT|UTR|SIN|IND//det//78 samlokalisering//NN|UTR|SIN|IND|NOM//obj//76 på//PP//case//80 FFA//PM|NOM//nmod//78 ://MID//punct//76 s//NN|NEU|SIN|IND|GEN//nummod//84 nuvarande//PC|PRS|UTR/NEU|SIN/PLU|IND/DEF|NOM//amod//84 område//NN|NEU|SIN|IND|NOM//nsubj:pass//87 i//PP//case//86 Bromma//PM|NOM//nmod//84 övervägas//VB|INF|SFO//parataxis//7 för//PP//mark//91 att//IE//mark//91 därigenom//AB//advmod//91 skapa//VB|INF|AKT//advcl//87 rationaliseringspotential//NN|NEU|SIN|IND|NOM//obj//91 främst//AB|SUV//advmod//95 i//PP//case//95 stödverksamheten//NN|UTR|SIN|DEF|NOM//obl//91 .//MAD//punct//7
Sammanfattning;I//PP//case//99 båda//JJ|POS|UTR/NEU|PLU|IND/DEF|NOM//det//99 fallen//NN|NEU|PLU|DEF|NOM//obl//100 krävs//VB|PRS|SFO//parataxis//7 investeringar//NN|UTR|PLU|IND|NOM//nsubj:pass//100 .//MAD//punct//7
Sammanfattning;Försvarsforskningsutredningen//NN|UTR|SIN|DEF|NOM//nsubj//104 anser//VB|PRS|AKT//parataxis//7 att//SN//mark//114 en//DT|UTR|SIN|IND//det//109 för//PP//case//109 djupad//PC|PRF|UTR|SIN|IND|NOM//amod//109 granskning//NN|UTR|SIN|IND|NOM//nsubj:pass//114 av//PP//case//111 lokalbehov//NN|NEU|PLU|IND|NOM//nmod//109 m.m.//AB|AN//nmod//109 bör//VB|PRS|AKT//aux//114 inledas//VB|INF|SFO//ccomp//104 snarast//AB|SUV//advmod//114 .//MAD//punct//104
Sammanfattning;I//PP//case//119 detta//DT|NEU|SIN|DEF//det//119 sammanhang//NN|NEU|SIN|IND|NOM//obl//135 bör//VB|PRS|AKT//aux//135 även//AB//advmod//122 resultatet//NN|NEU|SIN|DEF|NOM//nsubj:pass//135 av//PP//case//126 den//DT|UTR|SIN|DEF//det//126 pågående//PC|PRS|UTR/NEU|SIN/PLU|IND/DEF|NOM//amod//126 översynen//NN|UTR|SIN|DEF|NOM//nmod//122 av//PP//case//128 stödverksamheten//NN|UTR|SIN|DEF|NOM//nmod//126 till//PP//case//132 de//DT|UTR/NEU|PLU|DEF//det//132 försvarsinriktade//PC|PRF|UTR/NEU|PLU|IND/DEF|NOM//amod//132 myndigheterna//NN|UTR|PLU|DEF|NOM//nmod//128 i//PP//case//134 Storstockholmsområdet//NN|NEU|SIN|DEF|NOM//nmod//132 beaktas//VB|PRS|SFO//advcl//104 .//MAD//punct//7
Sammanfattning;Om//SN//mark//2 regeringen//NN|UTR|SIN|DEF|NOM//nsubj//2 avser//VB|PRS|AKT//advcl//9 inrätta//VB|INF|AKT//xcomp//2 en//DT|UTR|SIN|IND//det//6 ny//JJ|POS|UTR|SIN|IND|NOM//amod//6 myndighet//NN|UTR|SIN|IND|NOM//obj//3 för//PP//case//8 försvarsforskning//NN|UTR|SIN|IND|NOM//obl//3 föreslår//VB|PRS|AKT//advcl//21 utredningen//NN|UTR|SIN|DEF|NOM//nsubj//9 att//SN//mark//13 övergången//NN|UTR|SIN|DEF|NOM//advmod//13 sker//VB|PRS|AKT//advcl//9 i//PP//case//16 flera//JJ|POS|UTR/NEU|PLU|IND|NOM//amod//16 steg//NN|NEU|PLU|IND|NOM//obl//13 .//MAD//punct//9
Sammanfattning;Efter//PP//case//20 ett//DT|NEU|SIN|IND//det//20 riksdagsbeslut//NN|NEU|SIN|IND|NOM//obl//21 bedöms//VB|PRS|SFO//ROOT//21 det//PN|NEU|SIN|DEF|SUB/OBJ//nsubj:pass//21 erfordras//VB|INF|SFO//xcomp//21 sex//RG|NOM//obl:agent//23 till//PP//case//27 åtta//RG|NOM//nummod//27 månader//NN|UTR|PLU|IND|NOM//obl//23 för//PP//mark//30 att//IE//mark//30 utforma//VB|INF|AKT//advcl//23 myndighetens//NN|UTR|SIN|DEF|GEN//nmod:poss//32 verksamhetsplan//NN|UTR|SIN|IND|NOM//obj//30 samt//KN//cc//36 för//PP//mark//36 att//IE//mark//36 besluta//VB|INF|AKT//conj//30 om//PP//case//38 detaljorganisation//NN|UTR|SIN|IND|NOM//obl//36 ,//MID//punct//41 internt//JJ|POS|NEU|SIN|IND|NOM//nmod:poss//41 regelverk//NN|NEU|SIN|IND|NOM//conj//38 och//KN//cc//43 bemanning//NN|UTR|SIN|IND|NOM//conj//41 .//MAD//punct//21
Sammanfattning;Förberedelser//NN|UTR|PLU|IND|NOM//nsubj:pass//51 för//PP//case//48 en//DT|UTR|SIN|IND//det//48 organisationsändring//NN|UTR|SIN|IND|NOM//nmod//45 bör//VB|PRS|AKT//aux//51 kunna//VB|INF|AKT//aux//51 inledas//VB|INF|SFO//parataxis//21 när//HA//mark//54 regeringen//NN|UTR|SIN|DEF|NOM//nsubj//54 överlämnar//VB|PRS|AKT//advcl//51 förslaget//NN|NEU|SIN|DEF|NOM//obj//54 om//PP//case//59 en//DT|UTR|SIN|IND//det//59 ny//JJ|POS|UTR|SIN|IND|NOM//amod//59 myndighet//NN|UTR|SIN|IND|NOM//obl//54 till//PP//case//61 riksdagen//NN|UTR|SIN|DEF|NOM//nmod//59 .//MAD//punct//21
Sammanfattning;Sannolikt//AB|POS//advmod//73 skulle//VB|PRT|AKT//aux//73 en//DT|UTR|SIN|IND//det//67 formell//JJ|POS|UTR|SIN|IND|NOM//amod//67 övergång//NN|UTR|SIN|IND|NOM//nsubj//73 till//PP//case//71 en//DT|UTR|SIN|IND//det//71 ny//JJ|POS|UTR|SIN|IND|NOM//amod//71 myndighet//NN|UTR|SIN|IND|NOM//nmod//67 kunna//VB|INF|AKT//aux//73 ske//VB|INF|AKT//parataxis//21 under//PP//case//76 andra//RO|NOM//amod//76 halvåret//NN|NEU|SIN|DEF|NOM//obl//73 år//NN|NEU|SIN|IND|NOM//nmod//78 2000//RG|NOM//obl//73 ,//MID//punct//21 men//KN//cc//86 i//PP//case//82 praktiken//NN|UTR|SIN|DEF|NOM//obl//86 torde//VB|PRT|AKT//aux//86 myndigheten//NN|UTR|SIN|DEF|NOM//nsubj//86 kunna//VB|INF|AKT//aux//86 fungera//VB|INF|AKT//conj//21 fullt//AB|POS//advmod//88 ut//AB//compound:prt//86 först//AB//advmod//93 från//PP//case//93 den//DT|UTR|SIN|DEF//det//93 1//RO|NOM//nummod//93 januari//NN|UTR|SIN|IND|NOM//obl//88 år//NN|NEU|SIN|IND|NOM//nmod//95 2001//RG|NOM//nummod//93 .//MAD//punct//86
Sammanfattning;Nuvarande//PC|PRS|UTR/NEU|SIN/PLU|IND/DEF|NOM//amod//98 hyreskontrakt//NN|NEU|SIN|IND|NOM//nsubj//103 och//KN//cc//100 behov//NN|NEU|SIN|IND|NOM//conj//98 av//PP//case//102 nybyggnation//NN|UTR|SIN|IND|NOM//nmod//100 styr//VB|PRS|AKT//parataxis//86 tidpunkter//NN|UTR|PLU|IND|NOM//obj//103 för//PP//case//107 eventuella//JJ|POS|UTR/NEU|PLU|IND/DEF|NOM//amod//107 omlokaliseringar//NN|UTR|PLU|IND|NOM//obl//103 .//MAD//punct//21
Sammanfattning;De//PN|UTR/NEU|PLU|DEF|SUB//nsubj//110 bedöms//VB|PRS|SFO//parataxis//21 kunna//VB|INF|AKT//aux//113 vara//VB|INF|AKT//cop//113 genomförda//PC|PRF|UTR/NEU|PLU|IND/DEF|NOM//xcomp//110 under//PP//case//116 åren//NN|NEU|PLU|DEF|NOM//nmod//116 2002–2003//PAD//obl//113 .//MAD//punct//21
Sammanfattning;Resultatet//NN|NEU|SIN|DEF|NOM//nsubj//19 av//PP//case//5 vissa//JJ|POS|UTR/NEU|PLU|IND/DEF|NOM//amod//3 andra//JJ|POS|UTR/NEU|PLU|IND/DEF|NOM//amod//5 pågående//PC|PRS|UTR/NEU|SIN/PLU|IND/DEF|NOM//amod//5 utredningar//NN|UTR|PLU|IND|NOM//nmod//0 ,//MID//punct//0 exempelvis//AB//advmod//8 den//PN|UTR|SIN|DEF|SUB/OBJ//appos//0 om//PP//case//11 framtida//JJ|POS|UTR/NEU|SIN/PLU|IND/DEF|NOM//amod//11 provningsresurser//NN|UTR|PLU|IND|NOM//nmod//8 för//PP//case//14 Försvarsmaktens//NN|UTR|SIN|DEF|GEN//nmod:poss//14 behov//NN|NEU|SIN|IND|NOM//nmod//11 ,//MID//punct//0 kan//VB|PRS|AKT//aux//19 komma//VB|INF|AKT//aux//19 att//IE//mark//19 inverka//VB|INF|AKT//ROOT//19 på//PP//case//21 utformningen//NN|UTR|SIN|DEF|NOM//obl//19 av//PP//case//25 en//DT|UTR|SIN|IND//det//25 ny//JJ|POS|UTR|SIN|IND|NOM//amod//25 forskningsmyndighet//NN|UTR|SIN|IND|NOM//nmod//21 .//MAD//punct//19
Sammanfattning;I//PP//case//28 organisationsarbetet//NN|NEU|SIN|DEF|NOM//obl//31 måste//VB|PRS|AKT//aux//31 hänsyn//NN|UTR|SIN|IND|NOM//nsubj:pass//31 tas//VB|INF|SFO//conj//19 till//PP//case//36 sådana//JJ|POS|UTR/NEU|PLU|IND|NOM//amod//36 och//KN//cc//35 andra//JJ|POS|UTR/NEU|PLU|IND/DEF|NOM//conj//33 faktorer//NN|UTR|PLU|IND|NOM//obl//31 som//HP|-|-|-//obl//40 Försvarsforskningsutredningen//NN|UTR|SIN|DEF|NOM//nsubj//40 har//VB|PRS|AKT//aux//40 pekat//VB|SUP|AKT//acl:relcl//36 på//PP//case//37 men//KN//cc//45 inte//AB//advmod//45 kunnat//VB|SUP|AKT//aux//45 definiera//VB|INF|AKT//conj//40 fullt//AB|POS//advmod//47 ut//AB//advmod//45 .//MAD//punct//19
Sammanfattning;Försvarsforskningsutredningen//NN|UTR|SIN|DEF|NOM//nsubj//1 föreslår//VB|PRS|AKT//ROOT//1 att//SN//mark//17 den//DT|UTR|SIN|DEF//det//5 säkerhetspolitiska//JJ|POS|UTR/NEU|SIN|DEF|NOM//amod//5 forskning//NN|UTR|SIN|IND|NOM//nsubj:pass//17 som//HP|-|-|-//nsubj:pass//8 nu//AB//advmod//8 bedrivs//VB|PRS|SFO//acl:relcl//5 vid//PP//case//10 FHS//PM|NOM//obl//8 och//KN//cc//12 FOA//PM|NOM//conj//10 även//AB//advmod//15 i//PP//case//15 framtiden//NN|UTR|SIN|DEF|NOM//nsubj:pass//17 bör//VB|PRS|AKT//aux//17 bedrivas//VB|INF|SFO//ccomp//1 inom//PP//case//20 respektive//AB//nmod:poss//20 organisation//NN|UTR|SIN|IND|NOM//obl//17 .//MAD//punct//1
Sammanfattning;Inom//PP//case//24 detta//DT|NEU|SIN|DEF//det//24 område//NN|NEU|SIN|IND|NOM//obl//29 är//VB|PRS|AKT//cop//29 det//PN|NEU|SIN|DEF|SUB/OBJ//expl//29 av//PP//case//29 stor//JJ|POS|UTR|SIN|IND|NOM//amod//29 vikt//NN|UTR|SIN|IND|NOM//parataxis//1 att//SN//mark//35 flera//JJ|POS|UTR/NEU|PLU|IND|NOM//amod//33 olika//JJ|POS|UTR/NEU|PLU|IND/DEF|NOM//amod//33 bedömare//NN|UTR|PLU|IND|NOM//nsubj//35 kan//VB|PRS|AKT//aux//35 ge//VB|INF|AKT//csubj//29 regeringen//NN|UTR|SIN|DEF|NOM//iobj//35 råd//NN|NEU|SIN|IND|NOM//obj//35 uti//PP//advmod//35 från//PP//case//41 den//DT|UTR|SIN|DEF//det//41 kunskap//NN|UTR|SIN|IND|NOM//obl//38 som//HP|-|-|-//obj//50 de//PN|UTR/NEU|PLU|DEF|SUB//nsubj//50 med//PP//case//47 sina//PS|UTR/NEU|PLU|DEF//nmod:poss//47 speciella//JJ|POS|UTR/NEU|PLU|IND/DEF|NOM//amod//47 förutsättningar//NN|UTR|PLU|IND|NOM//obl//50 och//KN//cc//49 verksamhetsområden//NN|NEU|PLU|IND|NOM//conj//47 besitter//VB|PRS|AKT//acl:relcl//41 .//MAD//punct//1
Sammanfattning;Även//AB//advmod//1 när//HA//case//4 det//PN|NEU|SIN|DEF|SUB/OBJ//fixed//1 gäller//VB|PRS|AKT//fixed//1 verksamheten//NN|UTR|SIN|DEF|NOM//obl//9 inom//PP//case//6 NBC-området//NN|NEU|SIN|DEF|NOM//nmod//4 har//VB|PRS|AKT//aux//9 utredningen//NN|UTR|SIN|DEF|NOM//nsubj//9 kommit//VB|SUP|AKT//ROOT//9 till//PP//case//11 slutsatsen//NN|UTR|SIN|DEF|NOM//obl//9 att//SN//mark//17 den//DT|UTR|SIN|DEF//det//15 nuvarande//PC|PRS|UTR/NEU|SIN/PLU|IND/DEF|NOM//amod//15 ordningen//NN|UTR|SIN|DEF|NOM//nsubj//17 bör//VB|PRS|AKT//aux//17 gälla//VB|INF|AKT//acl//11 tills//PP//advmod//17 vidare//AB|KOM//fixed//18 .//MAD//punct//9
Sammanfattning;Om//SN//mark//24 Försvarsmaktens//NN|UTR|SIN|DEF|GEN//nmod:poss//23 ominriktning//NN|UTR|SIN|IND|NOM//nsubj//24 påverkar//VB|PRS|AKT//advcl//38 verksamheten//NN|UTR|SIN|DEF|NOM//obj//24 vid//PP//case//28 Totalförsvarets//NN|NEU|SIN|DEF|GEN//nmod:poss//28 skyddsskola//NN|UTR|SIN|IND|NOM//obl//24 och//KN//cc//32 om//PP//case//31 FHS//PM|NOM//nsubj//32 får//VB|PRS|AKT//advcl//38 ett//DT|NEU|SIN|IND//det//35 vidgat//PC|PRF|NEU|SIN|IND|NOM//amod//35 utbildningsansvar//NN|NEU|SIN|IND|NOM//obj//32 kan//VB|PRS|AKT//aux//38 det//PN|NEU|SIN|DEF|SUB/OBJ//expl//38 finnas//VB|INF|SFO//parataxis//9 skäl//NN|NEU|PLU|IND|NOM//xcomp//38 att//IE//mark//41 pröva//VB|INF|AKT//acl//39 frågan//NN|UTR|SIN|DEF|NOM//obj//41 på//PP//advmod//38 nytt//AB|POS//fixed//43 .//MAD//punct//38
Sammanfattning;I//PP//case//48 så//AB//amod//48 fall//NN|NEU|SIN|IND|NOM//obl//53 kan//VB|PRS|AKT//aux//53 Totalförsvarets//NN|NEU|SIN|DEF|GEN//nmod:poss//51 skyddsskola//NN|UTR|SIN|IND|NOM//nsubj:pass//53 antingen//KN//cc//53 knytas//VB|INF|SFO//advcl//38 till//PP//case//55 FHS//NN|AN//obl//53 eller//KN//cc//57 FOA//PM|NOM//conj//55 ://MID//punct//53 s//NN|NEU|SIN|IND|GEN//nummod//60 avdelning//NN|UTR|SIN|IND|NOM//obl//9 för//PP//case//62 NBC-skydd//NN|NEU|SIN|IND|NOM//nmod//60 i//PP//case//64 Umeå//PM|NOM//nmod//62 .//MAD//punct//60
Sammanfattning;Under//PP//case//68 alla//DT|UTR/NEU|PLU|IND/DEF//det//68 förhållanden//NN|NEU|PLU|IND|NOM//obl//71 är//VB|PRS|AKT//cop//71 det//PN|NEU|SIN|DEF|SUB/OBJ//expl//71 angeläget//JJ|POS|NEU|SIN|IND|NOM//advcl//9 att//SN//mark//76 ett//DT|NEU|SIN|IND//det//75 nära//JJ|POS|UTR/NEU|SIN/PLU|IND/DEF|NOM//amod//75 samarbete//NN|NEU|SIN|IND|NOM//nsubj:pass//76 utvecklas//VB|PRS|SFO//csubj//71 mellan//PP//case//78 aktörerna//NN|UTR|PLU|DEF|NOM//obl//76 på//PP//case//80 NBC-området//NN|NEU|SIN|DEF|NOM//nmod//78 .//MAD//punct//71
Sammanfattning;Statens//NN|UTR|SIN|DEF|GEN//nmod:poss//83 räddningsverk//NN|NEU|SIN|IND|NOM//nsubj//88 och//KN//cc//85 Socialstyrelsen//NN|UTR|SIN|DEF|NOM//conj//83 kan//VB|PRS|AKT//aux//88 båda//PN|UTR/NEU|PLU|DEF|SUB/OBJ//nsubj//88 få//VB|INF|AKT//conj//71 fördelar//NN|UTR|PLU|IND|NOM//obj//88 men//KN//cc//92 också//AB//advmod//92 lämna//VB|INF|AKT//conj//88 viktiga//JJ|POS|UTR/NEU|PLU|IND/DEF|NOM//amod//94 bidrag//NN|NEU|PLU|IND|NOM//obj//92 i//PP//case//97 detta//DT|NEU|SIN|DEF//det//97 sammanhang//NN|NEU|SIN|IND|NOM//obl//92 .//MAD//punct//9
Sammanfattning;Beträffande//PP//case//1 skyddet//NN|NEU|SIN|DEF|NOM//obl//19 av//PP//case//5 det//DT|NEU|SIN|DEF//det//5 ekonomiska//JJ|POS|UTR/NEU|SIN|DEF|NOM//amod//5 värde//NN|NEU|SIN|IND|NOM//nmod//1 ,//MID//punct//5 som//HP|-|-|-//nsubj//9 nu//AB//advmod//9 ligger//VB|PRS|AKT//acl:relcl//5 i//PP//case//14 de//DT|UTR/NEU|PLU|DEF//det//14 väl//AB|POS//advmod//13 etablerade//PC|PRF|UTR/NEU|PLU|IND/DEF|NOM//amod//14 namnen//NN|NEU|PLU|DEF|NOM//obl//9 FFA//PM|NOM//obj//9 respektive//AB//case//17 FOA//PM|NOM//obl//9 ,//MID//punct//1 anser//VB|PRS|AKT//ROOT//19 utredningen//NN|UTR|SIN|DEF|NOM//nsubj//19 att//SN//mark//26 de//DT|UTR/NEU|PLU|DEF//det//24 nuvarande//PC|PRS|UTR/NEU|SIN/PLU|IND/DEF|NOM//amod//24 avdelningarna//NN|UTR|PLU|DEF|NOM//nsubj//26 kan//VB|PRS|AKT//aux//26 bibehålla//VB|INF|AKT//ccomp//19 sina//PS|UTR/NEU|PLU|DEF//nmod:poss//28 namn//NN|NEU|PLU|IND|NOM//obj//26 inom//PP//case//34 ramen//NN|UTR|SIN|DEF|NOM//fixed//29 för//PP//fixed//29 en//DT|UTR|SIN|IND//det//34 ny//JJ|POS|UTR|SIN|IND|NOM//amod//34 myndighet//NN|UTR|SIN|IND|NOM//obl//26 åtminstone//AB//advmod//37 så//AB//advmod//37 länge//AB|POS//advmod//26 som//HA//mark//41 beteckningarna//NN|UTR|PLU|DEF|NOM//nsubj//41 är//VB|PRS|AKT//cop//41 relevanta//JJ|POS|UTR/NEU|PLU|IND/DEF|NOM//advcl//26 för//PP//case//44 den//DT|UTR|SIN|DEF//det//44 verksamhet//NN|UTR|SIN|IND|NOM//obl//41 som//HP|-|-|-//nsubj:pass//46 bedrivs//VB|PRS|SFO//acl:relcl//44 .//MAD//punct//19
Sammanfattning;När//HA//mark//53 den//DT|UTR|SIN|DEF//det//51 nya//JJ|POS|UTR/NEU|SIN|DEF|NOM//amod//51 myndigheten//NN|UTR|SIN|DEF|NOM//nsubj//53 har//VB|PRS|AKT//aux//53 blivit//VB|SUP|AKT//advcl//71 en//DT|UTR|SIN|IND//det//56 erkänd//PC|PRF|UTR|SIN|IND|NOM//amod//56 aktör//NN|UTR|SIN|IND|NOM//xcomp//53 eller//KN//cc//63 när//HA//mark//63 verksamheten//NN|UTR|SIN|DEF|NOM//nsubj//63 vid//PP//case//62 någon//DT|UTR|SIN|IND//det//62 avdelning//NN|UTR|SIN|IND|NOM//nmod//59 får//VB|PRS|AKT//aux//71 en//DT|UTR|SIN|IND//det//66 annan//JJ|POS|UTR|SIN|IND|NOM//amod//66 inriktning//NN|UTR|SIN|IND|NOM//nsubj:pass//71 kan//VB|PRS|AKT//aux//71 en//DT|UTR|SIN|IND//det//70 ny//JJ|POS|UTR|SIN|IND|NOM//amod//70 beteckning//NN|UTR|SIN|IND|NOM//nsubj:pass//71 införas//VB|INF|SFO//advcl//19 .//MAD//punct//19
Sammanfattning;Namnet//NN|NEU|SIN|DEF|NOM//nsubj:pass//5 på//PP//case//4 en//DT|UTR|SIN|IND//det//4 nyinrättad//PC|PRF|UTR|SIN|IND|NOM//amod//4 forskningsmyndighet//NN|UTR|SIN|IND|NOM//nmod//0 föreslås//VB|PRS|SFO//ROOT//5 bli//VB|INF|AKT//xcomp//5
Sammanfattning;Totalförsvarets//NN|NEU|SIN|DEF|GEN//nmod:poss//1 forskningsinstitut//NN|NEU|SIN|IND|NOM//nsubj:pass//9 (//PAD//punct//1 TFI//PM|NOM//appos//1 )//PAD//punct//1 .//MAD//punct//1
Sammanfattning;Till//PP//case//7 myndigheten//NN|UTR|SIN|DEF|NOM//obl//9 bör//VB|PRS|AKT//aux//9 knytas//VB|INF|SFO//ROOT//9 dels//KN//advmod//9 en//DT|UTR|SIN|IND//det//12 styrelse//NN|UTR|SIN|IND|NOM//obj//9 med//PP//case//15 fullt//JJ|POS|NEU|SIN|IND|NOM//amod//15 ansvar//NN|NEU|SIN|IND|NOM//nmod//12 ,//MID//punct//20 dels//KN//advmod//20 ett//DT|NEU|SIN|IND//det//20 vetenskapligt//JJ|POS|NEU|SIN|IND|NOM//amod//20 råd//NN|NEU|SIN|IND|NOM//conj//12 .//MAD//punct//20
Sammanfattning;Myndighetsledningen//NN|UTR|SIN|DEF|NOM//nsubj:pass//27 med//PP//case//25 gemensamma//JJ|POS|UTR/NEU|PLU|IND/DEF|NOM//amod//25 stabsfunktioner//NN|UTR|PLU|IND|NOM//nmod//22 bör//VB|PRS|AKT//aux//27 lokaliseras//VB|INF|SFO//conj//9 i//PP//case//29 Storstockholmsområdet//NN|NEU|SIN|DEF|NOM//obl//27 .//MAD//punct//27
Sammanfattning;I//PP//case//3 enlighet//NN|UTR|SIN|IND|NOM//fixed//0 med//PP//fixed//0 direktiven//NN|NEU|PLU|DEF|NOM//obl//4 lämnar//VB|PRS|AKT//ROOT//4 utredningen//NN|UTR|SIN|DEF|NOM//nsubj//4 en//DT|UTR|SIN|IND//det//7 plan//NN|UTR|SIN|IND|NOM//obj//4 för//PP//mark//14 hur//HA//advmod//14 de//DT|UTR/NEU|PLU|DEF//det//12 föreslagna//PC|PRF|UTR/NEU|PLU|IND/DEF|NOM//amod//12 organisationsförändringarna//NN|UTR|PLU|DEF|NOM//nsubj:pass//14 bör//VB|PRS|AKT//aux//14 genomföras//VB|INF|SFO//advcl//4 .//MAD//punct//4
Sammanfattning;Försvarsforskningsutredningens//NN|UTR|SIN|DEF|GEN//nmod:poss//1 plan//NN|NEU|SIN|IND|NOM//nsubj//2 innehåller//VB|PRS|AKT//ROOT//2 förslag//NN|NEU|PLU|IND|NOM//obj//2 till//PP//case//5 åtgärder//NN|UTR|PLU|IND|NOM//nmod//3 som//HP|-|-|-//nsubj:pass//8 bör//VB|PRS|AKT//aux//8 genomföras//VB|INF|SFO//acl:relcl//5 etappvis//AB//advmod//8 i//PP//case//13 fem//RG|NOM//nummod//13 olika//JJ|POS|UTR/NEU|PLU|IND/DEF|NOM//amod//13 steg//NN|NEU|PLU|IND|NOM//obl//8 .//MAD//punct//2
Sammanfattning;I//PP//case//16 korthet//NN|UTR|SIN|IND|NOM//obl//17 innebär//VB|PRS|AKT//parataxis//2 de//DT|UTR/NEU|PLU|DEF//det//20 sammantagna//PC|PRF|UTR/NEU|PLU|IND/DEF|NOM//amod//20 åtgärderna//NN|UTR|PLU|DEF|NOM//nsubj//17 ://MAD//punct//17
Sammanfattning;·//PP//ROOT//0 att//SN//fixed//0 en//DT|UTR|SIN|IND//det//3 befattning//NN|UTR|SIN|IND|NOM//nsubj//0 som//KN//nsubj:pass//7 chief//UO//amod//6 scientist//UO//nsubj:pass//7 inrättas//VB|PRS|SFO//acl:relcl//3 hos//PP//case//9 Försvarsdepartementet//NN|NEU|SIN|DEF|NOM//obl//7 och//KN//cc//12 vissa//JJ|POS|UTR/NEU|PLU|IND/DEF|NOM//amod//12 totalförsvarsmyndigheter//NN|UTR|PLU|IND|NOM//conj//9 ,//MID//punct//3
Sammanfattning;·//PP//nsubj:pass//9 att//SN//mark//9 ett//DT|NEU|SIN|IND//det//4 övergripande//PC|PRS|UTR/NEU|SIN/PLU|IND/DEF|NOM//amod//4 nätverk//NN|NEU|SIN|IND|NOM//nsubj:pass//9 –//PAD//punct//6 Forum//NN|NEU|SIN|IND|NOM//appos//4 för//PP//case//8 totalförsvarsforskning//NN|UTR|SIN|IND|NOM//nmod//6 skapas//VB|PRS|SFO//ROOT//9 och//KN//cc//11 knyts//VB|PRS|SFO//conj//9 till//PP//case//13 Försvarsdepartementet//NN|NEU|SIN|DEF|NOM//obl//11 med//PP//case//18 departe//UO//amod//16 mentets//NN|NEU|SIN|DEF|GEN//nmod:poss//18 chief//UO//amod//18 scientist//UO//obl//11 som//KN//mark//20 samordnare//NN|UTR|SIN|IND|NOM//xcomp//11 ,//MID//punct//9
Sammanfattning;·//PP//nsubj:pass//7 att//SN//mark//2 nätverk//NN|NEU|PLU|IND|NOM//nsubj:pass//7 inom//PP//case//4 Forum//NN|NEU|SIN|IND|NOM//obl//2 för//PP//case//6 totalförsvarsforskning//NN|UTR|SIN|IND|NOM//obl//2 etableras//VB|INF|SFO//ROOT//7 ,//MID//punct//7
Sammanfattning;·//PP//ROOT//0 att//SN//mark//16 den//DT|UTR|SIN|DEF//det//3 forsknings-//NN|UTR|-|-|SMS//nsubj:pass//16 och//KN//cc//5 teknikutvecklingsprocess//NN|UTR|SIN|IND|NOM//conj//3  //_SP////5 (//PAD//punct//3 FoT-process//UO//appos//3 )//PAD//punct//3 som//HP|-|-|-//nsubj:pass//11 tillämpas//VB|PRS|SFO//acl:relcl//3 inom//PP//case//15 det//DT|NEU|SIN|DEF//det//15 militära//JJ|POS|UTR/NEU|SIN|DEF|NOM//amod//15 försvaret//NN|NEU|SIN|DEF|NOM//obl//11 utvecklas//VB|PRS|SFO//acl//0 till//PP//mark//19 att//IE//mark//19 omfatta//VB|INF|AKT//advcl//16 en//DT|UTR|SIN|IND//det//22 motsvarande//PC|PRS|UTR/NEU|SIN/PLU|IND/DEF|NOM//amod//22 process//NN|UTR|SIN|IND|NOM//obj//19 för//PP//case//26 det//DT|NEU|SIN|DEF//det//26 civila//JJ|POS|UTR/NEU|SIN|DEF|NOM//amod//26 försvaret//NN|NEU|SIN|DEF|NOM//obl//19 ,//MID//punct//19 dvs.//AB|AN//advmod//30 hela//JJ|POS|UTR/NEU|SIN|DEF|NOM//amod//30 totalförsvaret//NN|NEU|SIN|DEF|NOM//appos//19 samt//KN//punct//0
Sammanfattning;·//PP//ROOT//0 att//SN//mark//3 samordning//NN|UTR|SIN|IND|NOM//nsubj:pass//3 förbereds//VB|PRS|SFO//acl//0 med//PP//case//6 totalförsvarets//NN|NEU|SIN|DEF|GEN//nmod:poss//6 forskningsverksamhet//NN|UTR|SIN|IND|NOM//obl//3 till//PP//case//10 den//DT|UTR|SIN|DEF//det//10 nationella//JJ|POS|UTR/NEU|SIN|DEF|NOM//amod//10 forskningspolitiken//NN|UTR|SIN|DEF|NOM//nmod//6 .//MAD//punct//0
Sammanfattning;Om//PP//mark//3 inriktningen//NN|UTR|SIN|DEF|NOM//nsubj//3 att//IE//mark//3 slå//VB|INF|AKT//advcl//8 samman//PL//compound:prt//3 FFA//PM|NOM//obj//3 och//KN//cc//7 FOA//PM|NOM//conj//5 fullföljs//VB|PRS|SFO//ROOT//8 tillkommer//VB|PRS|AKT//nsubj//8 följande//PC|PRS|UTR/NEU|SIN/PLU|IND/DEF|NOM//amod//11 åtgärder//NN|UTR|PLU|IND|NOM//nsubj//8 ,//MID//punct//11 nämligen//AB//advmod//8 ://MAD//punct//8
Sammanfattning;·//PP//ROOT//0 att//SN//mark//4 Totalförsvarets//NN|NEU|SIN|DEF|GEN//nmod:poss//3 forskningsinstitut//NN|NEU|SIN|IND|NOM//nsubj:pass//4 bildas//VB|PRS|SFO//acl//0 genom//PP//case//7 en//DT|UTR|SIN|IND//det//7 sammanslagning//NN|UTR|SIN|IND|NOM//obl//4 av//PP//case//12 de//DT|UTR/NEU|PLU|DEF//det//11 nuvarande//PC|PRS|UTR/NEU|SIN/PLU|IND/DEF|NOM//amod//11 myndigheterna//NN|UTR|PLU|DEF|NOM//nmod//12 FFA//PM|NOM//nmod//7 och//KN//cc//14 FOA//PM|NOM//conj//12 ,//MID//punct//0
Sammanfattning;·//PP//mark//7 att//SN//mark//7 en//DT|UTR|SIN|IND//det//3 ansvarsstyrelse//NN|UTR|SIN|IND|NOM//nsubj:pass//7 för//PP//case//6 Totalförsvarets//NN|NEU|SIN|DEF|GEN//nmod:poss//6 forskningsinstitut//NN|NEU|SIN|IND|NOM//nmod//3 utses//VB|PRS|SFO//ROOT//7 ,//MID//punct//7
Sammanfattning;·//PP//ROOT//0 att//SN//mark//5 ett//DT|NEU|SIN|IND//det//4 vetenskapligt//JJ|POS|NEU|SIN|IND|NOM//amod//4 råd//NN|NEU|SIN|IND|NOM//nsubj:pass//5 knyts//VB|PRS|SFO//acl//0 till//PP//case//8 Totalförsvarets//NN|NEU|SIN|DEF|GEN//nmod:poss//8 forskningsinstitut//NN|NEU|SIN|IND|NOM//obl//5 som//KN//mark//10 rådgivare//NN|UTR|SIN|IND|NOM//xcomp//5 till//PP//case//12 styrelsen//NN|UTR|SIN|DEF|NOM//obl//5 ,//MID//punct//0
Sammanfattning;·//PP//mark//18 att//SN//mark//18 FOA//PM|NOM//nsubj:pass//18 ://MID//punct//2 s//NN|AN//nummod//5 verksamheter//NN|UTR|PLU|IND|NOM//obl//18 i//PP//case//8 främst//AB|SUV//advmod//8 Ursvik//PM|NOM//nmod//5 och//KN//cc//10 delar//NN|UTR|PLU|IND|NOM//conj//8 av//PP//case//12 FFA//PM|NOM//nmod//10 ://MID//punct//5
Sammanfattning;s//NN|NEU|SIN|IND|GEN//nummod//15 verksamhet//NN|UTR|SIN|IND|NOM//nmod//5 i//PP//case//17 Bromma//PM|NOM//nmod//15 samlokaliseras//VB|INF|SFO//ROOT//18 .//MAD//punct//18
Sammanfattning;Vissa//PN|UTR/NEU|PLU|IND|SUB/OBJ//nsubj:pass//4 av//PP//case//2 förslagen//NN|NEU|PLU|DEF|NOM//nmod//0 kan//VB|PRS|AKT//aux//4 genomföras//VB|INF|SFO//ROOT//4 med//PP//case//8 tämligen//AB//advmod//7 kort//JJ|POS|UTR|SIN|IND|NOM//amod//8 förberedelsetid//NN|UTR|SIN|IND|NOM//obl//4 ,//MID//punct//4 medan//SN//mark//12 andra//PN|UTR/NEU|PLU|IND|SUB/OBJ//nsubj//12 kräver//VB|PRS|AKT//advcl//4 både//KN//cc//15 längre//JJ|KOM|UTR/NEU|SIN/PLU|IND/DEF|NOM//advmod//15 förberedelsetid//NN|UTR|SIN|IND|NOM//obj//12 och//KN//cc//23 att//IE//mark//23 i//PP//case//20 vissa//JJ|POS|UTR/NEU|PLU|IND/DEF|NOM//amod//20 fall//NN|NEU|PLU|IND|NOM//obl//22 ytterligare//JJ|KOM|UTR/NEU|SIN/PLU|IND/DEF|NOM//amod//22 beslutsunderlag//NN|NEU|PLU|IND|NOM//nsubj:pass//23 avvaktas//VB|PRS|SFO//conj//12 från//PP//case//28 några//DT|UTR/NEU|PLU|IND//det//28 andra//JJ|POS|UTR/NEU|PLU|IND/DEF|NOM//amod//28 pågående//PC|PRS|UTR/NEU|SIN/PLU|IND/DEF|NOM//amod//28 utredningar//NN|UTR|PLU|IND|NOM//obl//23 .//MAD//punct//4
Sammanfattning;Utredningen//NN|UTR|SIN|DEF|NOM//nsubj//2 är//VB|PRS|AKT//cop//2 enig//JJ|POS|UTR|SIN|IND|NOM//ROOT//2 i//PP//case//5 sina//PS|UTR/NEU|PLU|DEF//nmod:poss//5 slutsatser//NN|UTR|PLU|IND|NOM//obl//2 och//KN//cc//7 förslag//NN|NEU|PLU|IND|NOM//conj//5 .//MAD//punct//2

