Sammanfattning;Jag//PN|UTR|SIN|DEF|SUB//nsubj//2 har//VB|PRS|AKT//aux//2 haft//VB|SUP|AKT//ROOT//2 i//PP//compound:prt//2 uppdrag//NN|NEU|SIN|IND|NOM//fixed//3 att//IE//mark//6 överväga//VB|INF|AKT//xcomp//2
Sammanfattning;•//NN|UTR|SIN|IND|NOM//case//1 frågor//NN|UTR|PLU|IND|NOM//ROOT//1 om//PP//case//3 avgifter//NN|UTR|PLU|IND|NOM//nmod//1 för//PP//case//5 medlemmar//NN|UTR|PLU|IND|NOM//nmod//3 i//PP//case//7 arbetslöshetskassor//NN|UTR|PLU|IND|NOM//nmod//5 med//PP//case//9 deltidsarbete//NN|NEU|SIN|IND|NOM//nmod//7 eller//KN//cc//13 som//HP|-|-|-//nsubj//13 är//VB|PRS|AKT//cop//13 förhindrade//PC|PRF|UTR/NEU|PLU|IND/DEF|NOM//acl:relcl//1 att//IE//mark//15 arbeta//VB|INF|AKT//advcl//13 ,//MID//punct//1 och//KN//punct//1
Sammanfattning;•//NN|UTR|SIN|IND|NOM//case//1 frågor//NN|UTR|PLU|IND|NOM//ROOT//1 om//PP//case//3 formerna//NN|UTR|PLU|DEF|NOM//nmod//1 för//PP//case//6 medlemmarnas//NN|UTR|PLU|DEF|GEN//nmod:poss//6 betalning//NN|UTR|SIN|IND|NOM//nmod//3 av//PP//case//8 medlemsavgifter//NN|UTR|PLU|IND|NOM//nmod//6 till//PP//case//10 arbetslöshetskassorna//NN|UTR|PLU|DEF|NOM//nmod//3 .//MAD//punct//1
Sammanfattning;Slutbetänkandet//NN|NEU|SIN|DEF|NOM//nsubj//1 innehåller//VB|PRS|AKT//ROOT//1 inga//DT|UTR/NEU|PLU|IND//det//3 författningsförslag//NN|NEU|PLU|IND|NOM//obj//1 ,//MID//punct//1 eftersom//SN//mark//7 jag//PN|UTR|SIN|DEF|SUB//nsubj//7 kommit//VB|SUP|AKT//advcl//1 fram//PL//compound:prt//7 till//PP//mark//13 att//SN//mark//13 det//PN|NEU|SIN|DEF|SUB/OBJ//expl//13 inte//AB//advmod//13 behövs//VB|PRS|SFO//advcl//7 någon//DT|UTR|SIN|IND//det//16 mera//JJ|KOM|UTR/NEU|SIN/PLU|IND/DEF|NOM//amod//16 författningsreglering//NN|UTR|SIN|IND|NOM//nsubj:pass//13 om//PP//case//18 detta//PN|NEU|SIN|DEF|SUB/OBJ//nmod//16 .//MAD//punct//1
Sammanfattning;Arbetslöshetskassorna//NN|UTR|PLU|DEF|NOM//nsubj//32 och//KN//cc//23 deras//PS|UTR/NEU|SIN/PLU|DEF//nmod:poss//23 medlemmar//NN|UTR|PLU|IND|NOM//conj//20 kan//VB|PRS|AKT//aux//32 nämligen//AB//advmod//32 inom//PP//case//30 ramen//NN|UTR|SIN|DEF|NOM//fixed//26 för//PP//fixed//26 befintliga//JJ|POS|UTR/NEU|PLU|IND/DEF|NOM//amod//30 regler//NN|UTR|PLU|IND|NOM//obl//32 bäst//AB|SUV//advmod//32 sköta//VB|INF|AKT//parataxis//1 detta//PN|NEU|SIN|DEF|SUB/OBJ//obj//32 själva//JJ|POS|UTR/NEU|SIN|DEF|NOM//advmod//32 utan//PP//case//37 statlig//JJ|POS|UTR|SIN|IND|NOM//amod//37 inblandning//NN|UTR|SIN|IND|NOM//obl//32 genom//PP//case//40 ytterligare//JJ|KOM|UTR/NEU|SIN/PLU|IND/DEF|NOM//amod//40 författningsreglering//NN|UTR|SIN|IND|NOM//obl//32 .//MAD//punct//1
Sammanfattning;Slutbetänkandet//NN|NEU|SIN|DEF|NOM//nsubj//1 innehåller//VB|PRS|AKT//ROOT//1 dels//KN//advmod//1 en//DT|UTR|SIN|IND//det//4 kartläggning//NN|UTR|SIN|IND|NOM//obj//1 av//PP//case//7 de//DT|UTR/NEU|PLU|DEF//det//7 grupper//NN|UTR|PLU|IND|NOM//nmod//4 av//PP//case//9 medlemmar//NN|UTR|PLU|IND|NOM//nmod//7 som//HP|-|-|-//nsubj//11 har//VB|PRS|AKT//acl:relcl//9 deltidsarbete//NN|NEU|SIN|IND|NOM//obj//11 eller//KN//cc//15 är//VB|PRS|AKT//cop//15 förhindrade//PC|PRF|UTR/NEU|PLU|IND/DEF|NOM//conj//11 att//IE//mark//17 arbeta//VB|INF|AKT//xcomp//15 på//PP//case//21 grund//NN|UTR|SIN|IND|NOM//fixed//18 av//PP//fixed//18 sjukdom//NN|UTR|SIN|IND|NOM//obl//17 ,//MID//punct//23 föräldraskap//NN|NEU|SIN|IND|NOM//conj//21 eller//KN//cc//25 studier//NN|UTR|PLU|IND|NOM//conj//21 ,//MID//punct//29 dels//KN//advmod//29 en//DT|UTR|SIN|IND//det//29 kartläggning//NN|UTR|SIN|IND|NOM//obl//1 av//PP//case//32 de//DT|UTR/NEU|PLU|DEF//det//32 former//NN|UTR|PLU|IND|NOM//nmod//29 för//PP//case//35 medlemmarnas//NN|UTR|PLU|DEF|GEN//nmod:poss//35 betalning//NN|UTR|SIN|IND|NOM//nmod//32 av//PP//case//37 medlemsavgifter//NN|UTR|PLU|IND|NOM//nmod//35 till//PP//case//39 arbetslöshetskassorna//NN|UTR|PLU|DEF|NOM//nmod//32 som//HP|-|-|-//nsubj//41 förekommer//VB|PRS|AKT//acl:relcl//39 och//KN//cc//44 en//DT|UTR|SIN|IND//det//44 belysning//NN|UTR|SIN|IND|NOM//conj//39 av//PP//case//46 för-//NN|UTR|-|-|SMS//nmod//44 och//KN//cc//48 nackdelarna//NN|UTR|PLU|DEF|NOM//conj//46 med//PP//case//51 olika//JJ|POS|UTR/NEU|PLU|IND/DEF|NOM//amod//51 betalningsformer//NN|UTR|PLU|IND|NOM//nmod//44 .//MAD//punct//1

Medlemmar med deltidsarbete eller som är förhindrade att arbeta;En//DT|UTR|SIN|IND//det//1 arbetslöshetskassa//NN|UTR|SIN|IND|NOM//nsubj//11 kan//VB|PRS|AKT//aux//11 om//SN//mark//5 den//PN|UTR|SIN|DEF|SUB/OBJ//nsubj//5 vill//VB|PRS|AKT//aux//11 som//KN//mark//11 regel//NN|UTR|SIN|IND|NOM//fixed//6 enligt//PP//case//10 gällande//PC|PRS|UTR/NEU|SIN/PLU|IND/DEF|NOM//amod//10 bestämmelser//NN|UTR|PLU|IND|NOM//obl//11 sänka//VB|INF|AKT//ROOT//11 medlemsavgiften//NN|UTR|SIN|DEF|NOM//obj//11 för//PP//case//14 medlemmar//NN|UTR|PLU|IND|NOM//nmod//12 med//PP//case//16 deltidsarbete//NN|NEU|SIN|IND|NOM//nmod//14 eller//KN//cc//20 som//HP|-|-|-//nsubj//20 är//VB|PRS|AKT//cop//20 förhindrade//PC|PRF|UTR/NEU|PLU|IND/DEF|NOM//conj//11 att//IE//mark//22 arbeta//VB|INF|AKT//xcomp//20 .//MAD//punct//11
Medlemmar med deltidsarbete eller som är förhindrade att arbeta;Arbetslöshetskassorna//NN|UTR|PLU|DEF|NOM//nsubj//29 har//VB|PRS|AKT//aux//29 dock//AB//advmod//29 inte//AB//advmod//29 hittills//AB//advmod//29 gjort//VB|SUP|AKT//parataxis//11 så//AB//advmod//29 .//MAD//punct//29
Medlemmar med deltidsarbete eller som är förhindrade att arbeta;Sänker//VB|PRS|AKT//conj//29 en//DT|UTR|SIN|IND//det//34 arbetslöshetskassa//NN|UTR|SIN|IND|NOM//nmod//35 medlemsavgiften//NN|UTR|SIN|DEF|NOM//obj//32 för//PP//case//38 en//DT|UTR|SIN|IND//det//38 kategori//NN|UTR|SIN|IND|NOM//nmod//35 av//PP//case//40 medlemmar//NN|UTR|PLU|IND|NOM//nmod//38 ,//MID//punct//45 måste//VB|PRS|AKT//aux//45 den//PN|UTR|SIN|DEF|SUB/OBJ//nsubj//45 normalt//AB|POS//advmod//45 höja//VB|INF|AKT//conj//29 medlemsavgiften//NN|UTR|SIN|DEF|NOM//obj//45 för//PP//case//50 de//DT|UTR/NEU|PLU|DEF//det//50 andra//JJ|POS|UTR/NEU|PLU|IND/DEF|NOM//amod//50 medlemmarna//NN|UTR|PLU|DEF|NOM//obl//45 .//MAD//punct//29
Medlemmar med deltidsarbete eller som är förhindrade att arbeta;Ungefär//AB//advmod//3 var//DT|UTR|SIN|IND//det//3 fjärde//RO|NOM//amod//3 medlem//NN|UTR|SIN|IND|NOM//nsubj//4 har//VB|PRS|AKT//ROOT//4 ett//DT|NEU|SIN|IND//det//6 arbete//NN|NEU|SIN|IND|NOM//obj//4 på//PP//case//8 deltid//NN|UTR|SIN|IND|NOM//obl//4 .//MAD//punct//4
Medlemmar med deltidsarbete eller som är förhindrade att arbeta;Ungefär//AB//advmod//11 tre//RG|NOM//nummod//12 fjärdedelar//NN|UTR|PLU|IND|NOM//nsubj//17 av//PP//case//15 dessa//DT|UTR/NEU|PLU|DEF//det//15 medlemmar//NN|UTR|PLU|IND|NOM//nmod//12 är//VB|PRS|AKT//cop//17 kvinnor//NN|UTR|PLU|IND|NOM//parataxis//4 .//MAD//punct//17
Medlemmar med deltidsarbete eller som är förhindrade att arbeta;Mer//AB|KOM//advmod//21 än//KN//fixed//19 80//RG|NOM//nummod//22 procent//NN|UTR|PLU|IND|NOM//nsubj//27 av//PP//case//24 medlemmarna//NN|UTR|PLU|DEF|NOM//nmod//22 med//PP//case//26 deltidsarbete//NN|NEU|SIN|IND|NOM//nmod//24 har//VB|PRS|AKT//parataxis//17 ett//DT|NEU|SIN|IND//det//29 arbete//NN|NEU|SIN|IND|NOM//obj//27 på//PP//case//31 halvtid//NN|UTR|SIN|IND|NOM//obl//27 eller//KN//cc//33 mer//AB|KOM//conj//31 .//MID//punct//27
Medlemmar med deltidsarbete eller som är förhindrade att arbeta;De//PN|UTR/NEU|PLU|DEF|SUB//nsubj//48 som//HP|-|-|-//nsubj//37 har//VB|PRS|AKT//acl:relcl//35 ett//DT|NEU|SIN|IND//det//39 arbete//NN|NEU|SIN|IND|NOM//obj//37 på//PP//case//43 mindre//JJ|KOM|UTR/NEU|SIN/PLU|IND/DEF|NOM//fixed//40 än//KN//fixed//41 halvtid//NN|UTR|SIN|IND|NOM//obl//37 är//VB|PRS|AKT//cop//48 i//PP//case//47 mindre//JJ|KOM|UTR/NEU|SIN/PLU|IND/DEF|NOM//amod//47 utsträckning//NN|UTR|SIN|IND|NOM//obl//48 medlem//NN|UTR|SIN|IND|NOM//parataxis//27 ,//MID//punct//48 vilket//HP|NEU|SIN|IND//nsubj//52 sannolikt//AB|POS//advmod//52 hänger//VB|PRS|AKT//acl:relcl//48 samman//PL//compound:prt//52 med//PP//case//55 villkoren//NN|NEU|PLU|DEF|NOM//obl//52 för//PP//case//57 rätt//NN|UTR|SIN|IND|NOM//obl//52 till//PP//case//59 ersättning//NN|UTR|SIN|IND|NOM//nmod//57 vid//PP//case//61 arbetslöshet//NN|UTR|SIN|IND|NOM//nmod//59 .//MID//punct//48
Medlemmar med deltidsarbete eller som är förhindrade att arbeta;De//DT|UTR/NEU|PLU|DEF//det//64 medlemmar//NN|UTR|PLU|IND|NOM//nsubj//71 som//HP|-|-|-//nsubj//66 har//VB|PRS|AKT//acl:relcl//64 ett//DT|NEU|SIN|IND//det//68 arbete//NN|NEU|SIN|IND|NOM//obj//66 på//PP//case//70 deltid//NN|UTR|SIN|IND|NOM//obl//66 får//VB|PRS|AKT//conj//48 i//PP//case//74 större//JJ|KOM|UTR/NEU|SIN/PLU|IND/DEF|NOM//amod//74 utsträckning//NN|UTR|SIN|IND|NOM//obl//71 än//KN//mark//76 medlemmar//NN|UTR|PLU|IND|NOM//acl//74 med//PP//case//78 heltidsarbete//NN|NEU|SIN|IND|NOM//obl//76 olika//JJ|POS|UTR/NEU|PLU|IND/DEF|NOM//amod//80 typer//NN|UTR|PLU|IND|NOM//obj//71 av//PP//case//82 ersättning//NN|UTR|SIN|IND|NOM//nmod//80 ,//MID//punct//85 såsom//KN//mark//85 arbetslöshetsersättning//NN|UTR|SIN|IND|NOM//appos//80 och//KN//cc//87 sjukpenning//NN|UTR|SIN|IND|NOM//conj//85 .//MAD//punct//4
Medlemmar med deltidsarbete eller som är förhindrade att arbeta;Totalt//AB|POS//advmod//1 bedöms//VB|PRS|SFO//ROOT//1 motsvarande//PC|PRS|UTR/NEU|SIN/PLU|IND/DEF|NOM//advmod//1 en//DT|UTR|SIN|IND//det//5 halv//JJ|POS|UTR|SIN|IND|NOM//fixed//3 miljon//RG|NOM//nmod//6 helårsmedlemmar//NN|UTR|PLU|IND|NOM//nsubj//1 vara//VB|INF|AKT//cop//8 förhindrade//PC|PRF|UTR/NEU|PLU|IND/DEF|NOM//xcomp//1 att//IE//mark//10 arbeta//VB|INF|AKT//acl//8 på//PP//case//15 grund//NN|UTR|SIN|IND|NOM//fixed//11 av//PP//fixed//11 styrkt//PC|PRF|UTR|SIN|IND|NOM//amod//15 sjukdom//NN|UTR|SIN|IND|NOM//obl//10 ,//MID//punct//15 studier//NN|UTR|PLU|IND|NOM//conj//15 med//PP//case//19 studiebidrag//NN|NEU|SIN|IND|NOM//nmod//17 eller//KN//cc//21 ledighet//NN|UTR|SIN|IND|NOM//conj//19 med//PP//case//23 föräldrapenning//NN|UTR|SIN|IND|NOM//nmod//21 .//MID//punct//1
Medlemmar med deltidsarbete eller som är förhindrade att arbeta;Vanligast//JJ|SUV|UTR/NEU|SIN/PLU|IND|NOM//parataxis//1 är//VB|PRS|AKT//cop//27 styrkt//PC|PRF|UTR|SIN|IND|NOM//amod//28 sjukdom//NN|UTR|SIN|IND|NOM//nsubj//1 med//PP//case//30 sjukpenning//NN|UTR|SIN|IND|NOM//nmod//28 eller//KN//cc//32 sjuk-//NN|UTR|SIN|IND|NOM//conj//30 och//KN//cc//34 aktivitetsersättning//NN|UTR|SIN|IND|NOM//conj//32 .//MID//punct//1
Medlemmar med deltidsarbete eller som är förhindrade att arbeta;Alla//DT|UTR/NEU|PLU|IND/DEF//det//37 typer//NN|UTR|PLU|IND|NOM//nsubj//43 av//PP//case//39 hinder//NN|NEU|PLU|IND|NOM//nmod//37 för//PP//case//41 arbete//NN|NEU|SIN|IND|NOM//nmod//39 är//VB|PRS|AKT//cop//43 vanligare//JJ|KOM|UTR/NEU|SIN/PLU|IND/DEF|NOM//parataxis//1 bland//PP//case//46 kvinnliga//JJ|POS|UTR/NEU|PLU|IND/DEF|NOM//amod//46 medlemmar//NN|UTR|PLU|IND|NOM//obl//43 än//KN//mark//49 bland//PP//case//49 manliga//JJ|POS|UTR/NEU|PLU|IND/DEF|NOM//acl//46 .//MAD//punct//1
Medlemmar med deltidsarbete eller som är förhindrade att arbeta;En//DT|UTR|SIN|IND//det//1 sänkning//NN|UTR|SIN|IND|NOM//nsubj//33 av//PP//case//3 medlemsavgiften//NN|UTR|SIN|DEF|NOM//nmod//1 med//PP//case//6 100//RG|NOM//nummod//6 kronor//NN|UTR|PLU|IND|NOM//nmod//3 per//PP//case//8 månad//NN|UTR|SIN|IND|NOM//nmod//6 (//PAD//punct//1 vilket//HP|NEU|SIN|IND//nsubj:pass//12 kan//VB|PRS|AKT//aux//12 jämföras//VB|INF|SFO//acl:relcl//1 med//PP//case//16 de//DT|UTR/NEU|PLU|DEF//det//16 125//RG|NOM//nummod//16 kronor//NN|UTR|PLU|IND|NOM//obl//12 som//HP|-|-|-//nsubj//19 är//VB|PRS|AKT//cop//19 genomsnittet//NN|NEU|SIN|DEF|NOM//acl:relcl//16 för//PP//case//21 sänkningen//NN|UTR|SIN|DEF|NOM//nmod//19 av//PP//case//23 medlemsavgiften//NN|UTR|SIN|DEF|NOM//nmod//21 för//PP//case//25 arbetslösa//JJ|POS|UTR/NEU|PLU|IND/DEF|NOM//nmod//23 )//PAD//punct//16 för//PP//case//29 alla//DT|UTR/NEU|PLU|IND/DEF//det//29 medlemmar//NN|UTR|PLU|IND|NOM//obl//33 med//PP//case//31 deltidsarbete//NN|NEU|SIN|IND|NOM//nmod//29 skulle//VB|PRT|AKT//aux//33 innebära//VB|INF|AKT//ROOT//33 att//SN//mark//37 medlemsavgiften//NN|UTR|SIN|DEF|NOM//nsubj:pass//37 behöver//VB|PRS|AKT//aux//37 höjas//VB|INF|SFO//ccomp//33 med//PP//case//41 cirka//AB//advmod//40 33//RG|NOM//nummod//41 kronor//NN|UTR|PLU|IND|NOM//obl//37 per//PP//case//43 månad//NN|UTR|SIN|IND|NOM//nmod//41 för//PP//case//46 övriga//JJ|POS|UTR/NEU|PLU|IND/DEF|NOM//amod//46 medlemmar//NN|UTR|PLU|IND|NOM//obl//37 .//MAD//punct//33
Medlemmar med deltidsarbete eller som är förhindrade att arbeta;En//DT|UTR|SIN|IND//det//49 sänkning//NN|UTR|SIN|IND|NOM//nsubj//65 av//PP//case//51 medlemsavgiften//NN|UTR|SIN|DEF|NOM//nmod//49 med//PP//case//54 100//RG|NOM//nummod//54 kronor//NN|UTR|PLU|IND|NOM//nmod//51 per//PP//case//56 månad//NN|UTR|SIN|IND|NOM//nmod//54 för//PP//case//59 alla//DT|UTR/NEU|PLU|IND/DEF//det//59 medlemmar//NN|UTR|PLU|IND|NOM//nmod//49 med//PP//case//61 hinder//NN|NEU|PLU|IND|NOM//nmod//59 för//PP//case//63 arbete//NN|NEU|SIN|IND|NOM//nmod//61 skulle//VB|PRT|AKT//aux//65 kräva//VB|INF|AKT//parataxis//33 en//DT|UTR|SIN|IND//det//67 avgiftshöjning//NN|UTR|SIN|IND|NOM//obj//65 för//PP//case//69 övriga//JJ|POS|UTR/NEU|PLU|IND/DEF|NOM//nmod//67 med//PP//case//73 cirka//AB//advmod//72 15//RG|NOM//nummod//73 kronor//NN|UTR|PLU|IND|NOM//nmod//69 per//PP//case//75 månad//NN|UTR|SIN|IND|NOM//nmod//73 ,//MID//punct//82 varav//HA//advmod//82 ungefär//AB//advmod//79 två//RG|NOM//nummod//80 tredjedelar//NN|UTR|PLU|IND|NOM//nsubj:pass//82 skulle//VB|PRT|AKT//aux//82 krävas//VB|INF|SFO//conj//65 vid//PP//case//85 sänkt//PC|PRF|UTR|SIN|IND|NOM//amod//85 avgift//NN|UTR|SIN|IND|NOM//obl//82 enbart//AB//advmod//89 vid//PP//case//89 styrkt//PC|PRF|UTR|SIN|IND|NOM//amod//89 sjukdom//NN|UTR|SIN|IND|NOM//obl//82 .//MAD//punct//33

Formerna för att betala medlemsavgift;Det//PN|NEU|SIN|DEF|SUB/OBJ//expl//1 gäller//VB|PRS|AKT//ROOT//1 samma//DT|UTR/NEU|SIN/PLU|IND//det//4 allmänna//JJ|POS|UTR/NEU|PLU|IND/DEF|NOM//amod//4 regler//NN|UTR|PLU|IND|NOM//obj//1 för//PP//case//6 betalning//NN|UTR|SIN|IND|NOM//nmod//4 av//PP//case//8 medlemsavgift//NN|UTR|SIN|IND|NOM//nmod//6 till//PP//case//10 arbetslöshetskassorna//NN|UTR|PLU|DEF|NOM//nmod//6 som//KN//mark//13 för//PP//case//13 betalning//NN|UTR|SIN|IND|NOM//obl//1 av//PP//case//16 andra//JJ|POS|UTR/NEU|PLU|IND/DEF|NOM//amod//16 skulder//NN|UTR|PLU|IND|NOM//nmod//13 ,//MID//punct//13 dvs.//AB|AN//advmod//19 medlemmen//NN|UTR|SIN|DEF|NOM//nsubj//21 kan//VB|PRS|AKT//aux//21 välja//VB|INF|AKT//acl:relcl//13 mellan//PP//case//24 tillgängliga//JJ|POS|UTR/NEU|PLU|IND/DEF|NOM//amod//24 betalningsmöjligheter//NN|UTR|PLU|IND|NOM//obl//21 och//KN//cc//29 arbetslöshetskassan//NN|UTR|SIN|DEF|NOM//nsubj//29 har//VB|PRS|AKT//aux//29 att//IE//mark//29 godta//VB|INF|AKT//conj//21 alla//DT|UTR/NEU|PLU|IND/DEF//det//32 de//DT|UTR/NEU|PLU|DEF//det//32 former//NN|UTR|PLU|IND|NOM//obj//29 av//PP//case//34 betalning//NN|UTR|SIN|IND|NOM//nmod//32 som//HP|-|-|-//nsubj:pass//39 enligt//PP//case//38 allmänna//JJ|POS|UTR/NEU|PLU|IND/DEF|NOM//amod//38 regler//NN|UTR|PLU|IND|NOM//obl//39 anses//VB|PRS|SFO//acl:relcl//32 giltiga//JJ|POS|UTR/NEU|PLU|IND/DEF|NOM//xcomp//39 beträffande//PP//case//42 fordringen//NN|UTR|SIN|DEF|NOM//obl//39 .//MAD//punct//29
Formerna för att betala medlemsavgift;Arbetslöshetskassan//NN|UTR|SIN|DEF|NOM//nsubj//51 ,//MID//punct//46 medlemmen//NN|UTR|SIN|DEF|NOM//conj//44 och//KN//cc//49 dennes//PS|UTR/NEU|SIN/PLU|DEF//nmod:poss//49 arbetsgivare//NN|UTR|SIN|IND|NOM//conj//44 kan//VB|PRS|AKT//aux//51 komma//VB|INF|AKT//conj//21 överens//PL//compound:prt//51 om//PP//mark//57 att//SN//mark//57 medlemsavgiften//NN|UTR|SIN|DEF|NOM//nsubj:pass//57 ska//VB|PRS|AKT//aux//57 betalas//VB|INF|SFO//advcl//51 genom//PP//mark//61 att//SN//mark//61 arbetsgivaren//NN|UTR|SIN|DEF|NOM//nsubj//61 gör//VB|PRS|AKT//advcl//57 löneavdrag//NN|NEU|SIN|IND|NOM//obj//61 och//KN//cc//64 betalar//VB|PRS|AKT//conj//61 in//PL//compound:prt//64 det//PN|NEU|SIN|DEF|SUB/OBJ//obj//64 som//HP|-|-|-//nsubj:pass//68 dragits//VB|SUP|SFO//acl:relcl//66 av//PL//advmod//68 till//PP//case//71 arbetslöshetskassan//NN|UTR|SIN|DEF|NOM//obl//68 .//MAD//punct//1
Formerna för att betala medlemsavgift;Ungefär//AB//advmod//1 hälften//NN|UTR|SIN|DEF|NOM//nsubj//5 av//PP//case//4 alla//DT|UTR/NEU|PLU|IND/DEF//det//4 medlemmar//NN|UTR|PLU|IND|NOM//nmod//1 betalar//VB|PRS|AKT//ROOT//5 sin//PS|UTR|SIN|DEF//nmod:poss//7 medlemsavgift//NN|UTR|SIN|IND|NOM//obj//5 med//PP//case//9 inbetalningskort//NN|NEU|PLU|IND|NOM//obl//5 som//HP|-|-|-//nsubj:pass//11 sänds//VB|PRS|SFO//acl:relcl//9 ut//PL//compound:prt//11 per//PP//case//14 post//NN|UTR|SIN|IND|NOM//obl//11 till//PP//case//16 medlemmarna//NN|UTR|PLU|DEF|NOM//obl//11 antingen//KN//cc//19 varje//DT|UTR/NEU|SIN|IND//det//19 månad//NN|UTR|SIN|IND|NOM//conj//16 eller//KN//cc//21 något//AB//conj//11 mera//AB|KOM//advmod//23 sällan//AB//advmod//21 .//MAD//punct//5
Formerna för att betala medlemsavgift;Av//PP//case//26 dessa//PN|UTR/NEU|PLU|DEF|SUB/OBJ//obl//27 erbjuds//VB|PRS|SFO//parataxis//5 mer//AB|KOM//advmod//30 än//KN//fixed//28 9//RG|NOM//obl//27 av//PP//case//32 10//RG|NOM//nmod//30 att//IE//mark//34 betala//VB|INF|AKT//acl//30 via//PP//case//36 löneavdrag//NN|NEU|SIN|IND|NOM//obl//34 ,//MID//punct//38 autogiro//NN|UTR|SIN|IND|NOM//conj//36 eller//KN//cc//40 e-faktura//NN|UTR|SIN|IND|NOM//conj//36 .//MID//punct//5
Formerna för att betala medlemsavgift;Knappt//AB|POS//advmod//47 en//DT|UTR|SIN|IND//det//44 fjärdedel//NN|UTR|SIN|IND|NOM//nsubj//47 av//PP//case//46 medlemmarna//NN|UTR|PLU|DEF|NOM//nmod//44 betalar//VB|PRS|AKT//conj//5 sin//PS|UTR|SIN|DEF//nmod:poss//49 medlemsavgift//NN|UTR|SIN|IND|NOM//obj//47 genom//PP//case//51 löneavdrag//NN|NEU|SIN|IND|NOM//obl//47 .//MAD//punct//47
Formerna för att betala medlemsavgift;Denna//DT|UTR|SIN|DEF//det//54 betalningsmetod//NN|UTR|SIN|IND|NOM//nsubj//56 har//VB|PRS|AKT//aux//56 blivit//VB|SUP|AKT//parataxis//47 mindre//AB|KOM//advmod//58 vanlig//JJ|POS|UTR|SIN|IND|NOM//xcomp//56 efter//PP//case//60 2006//RG|NOM//obl//56 ,//MID//punct//47 främst//AB|SUV//advmod//63 beroende//PC|PRS|UTR/NEU|SIN/PLU|IND/DEF|NOM//mark//70 på//PP//fixed//63 att//SN//mark//70 färre//JJ|KOM|UTR/NEU|SIN/PLU|IND/DEF|NOM//amod//67 arbetslöshetskassor//NN|UTR|PLU|IND|NOM//nsubj//70 än//KN//mark//69 tidigare//AB|KOM//acl//67 har//VB|PRS|AKT//advcl//47 hanteringen//NN|UTR|SIN|DEF|NOM//obj//70 av//PP//case//73 medlemsavgifterna//NN|UTR|PLU|DEF|NOM//nmod//71 samordnad//PC|PRF|UTR|SIN|IND|NOM//xcomp//70 med//PP//case//77 bakomliggande//PC|PRS|UTR/NEU|SIN/PLU|IND/DEF|NOM//amod//77 organisation//NN|UTR|SIN|IND|NOM//obl//74 .//MAD//punct//47
Formerna för att betala medlemsavgift;En//DT|UTR|SIN|IND//det//81 klar//JJ|POS|UTR|SIN|IND|NOM//amod//81 majoritet//NN|UTR|SIN|IND|NOM//nsubj//84 av//PP//case//83 arbetslöshetskassorna//NN|UTR|PLU|DEF|NOM//nmod//81 erbjuder//VB|PRS|AKT//parataxis//47 sina//PS|UTR/NEU|PLU|DEF//nmod:poss//86 medlemmar//NN|UTR|PLU|IND|NOM//obj//84
Formerna för att betala medlemsavgift;att//IE//mark//1 betala//VB|INF|AKT//ROOT//1 med//PP//case//3 autogiro//NN|UTR|SIN|IND|NOM//obl//1 ,//MID//punct//11 och//KN//cc//11 mer//AB|KOM//advmod//11 än//KN//case//10 var//DT|UTR|SIN|IND//det//10 fjärde//RO|NOM//amod//10 medlem//NN|UTR|SIN|IND|NOM//nmod//6 betalar//VB|PRS|AKT//conj//1 på//PP//case//14 detta//DT|NEU|SIN|DEF//det//14 sätt//NN|NEU|SIN|IND|NOM//obl//11 .//MAD//punct//1
Formerna för att betala medlemsavgift;Andelen//NN|UTR|SIN|DEF|NOM//obj//1 som//HP|-|-|-//nsubj//18 använder//VB|PRS|AKT//acl:relcl//16 autogiro//NN|UTR|SIN|IND|NOM//obj//18 ökar//VB|PRS|AKT//conj//1 både//KN//advmod//20 genom//PP//mark//26 att//SN//mark//26 fler//JJ|POS|UTR/NEU|PLU|IND|NOM//amod//25 medlemmar//NN|UTR|PLU|IND|NOM//nsubj//26 ansluter//VB|PRS|AKT//advcl//20 sig//PN|UTR/NEU|SIN/PLU|DEF|OBJ//obj//26 och//KN//cc//33 genom//PP//mark//33 att//SN//mark//33 fler//JJ|POS|UTR/NEU|PLU|IND|NOM//amod//32 arbetslöshetskassor//NN|UTR|PLU|IND|NOM//nsubj//33 erbjuder//VB|PRS|AKT//conj//26 det//PN|NEU|SIN|DEF|SUB/OBJ//obj//33 .//MID//punct//1
Formerna för att betala medlemsavgift;Det//PN|NEU|SIN|DEF|SUB/OBJ//expl//40 är//VB|PRS|AKT//cop//40 i//PP//advmod//40 dag//NN|UTR|SIN|IND|NOM//fixed//38 sällsynt//JJ|POS|UTR|SIN|IND|NOM//parataxis//1 att//SN//mark//43 arbetslöshetskassor//NN|UTR|PLU|IND|NOM//nsubj//43 erbjuder//VB|PRS|AKT//csubj//40 betalning//NN|UTR|SIN|IND|NOM//obj//43 mot//PP//case//46 e-faktura//NN|UTR|SIN|IND|NOM//nmod//44 ,//MID//punct//51 men//KN//cc//51 flera//JJ|POS|UTR/NEU|PLU|IND|NOM//amod//50 arbetslöshetskassor//NN|UTR|PLU|IND|NOM//nsubj//51 har//VB|PRS|AKT//conj//40 planer//NN|UTR|PLU|IND|NOM//obj//51 på//PP//mark//55 att//IE//mark//55 erbjuda//VB|INF|AKT//advcl//51 detta//PN|NEU|SIN|DEF|SUB/OBJ//obj//55 inom//PP//case//58 kort//AB//advmod//55 .//MAD//punct//1

