Sammanfattning;Genom//PP//case//4 1997//RG|NOM//nummod//2 års//NN|NEU|SIN|IND|GEN//nmod:poss//4 energipolitiska//JJ|POS|UTR/NEU|SIN|DEF|NOM//amod//4 beslut//NN|NEU|SIN|IND|NOM//obl//5 antogs//VB|PRT|SFO//ROOT//5 ett//DT|NEU|SIN|IND//det//7 program//NN|NEU|SIN|IND|NOM//nsubj:pass//5 för//PP//case//14 ett//DT|NEU|SIN|IND//det//14 ekologiskt//JJ|POS|NEU|SIN|IND|NOM//amod//14 och//KN//cc//13 ekonomiskt//AB|POS//advmod//13 uthålligt//JJ|POS|NEU|SIN|IND|NOM//conj//10 energisystem//NN|NEU|SIN|IND|NOM//obl//5 (//PAD//punct//14 prop//NN|UTR|SIN|IND|NOM//appos//14 .//MID//punct//14
Sammanfattning;1996/97:84//RG|NOM//punct//5 ,//MID//punct//20 bet//VB|PRT|AKT//conj//18 .//MAD//punct//18
Sammanfattning;1996/97//RG|NOM//punct//5 ://MID//punct//22
Sammanfattning;NU12//PM|NOM//appos//22 ,//MID//punct//26 rskr//NN|NEU|SIN|IND|NOM//conj//24 .//MAD//punct//24
Sammanfattning;1996/97:272//RG|NOM//conj//24 )//PAD//punct//28 .//MAD//punct//32
Sammanfattning;Totalt//AB|POS//advmod//32 anvisades//VB|PRT|SFO//parataxis//5 drygt//AB|POS//advmod//34 9//RG|NOM//nummod//35 miljarder//NN|UTR|PLU|IND|NOM//nmod//36 kronor//NN|UTR|PLU|IND|NOM//obj//32 för//PP//case//38 omställningsprogrammet//NN|NEU|SIN|DEF|NOM//obl//32 .//MID//punct//32
Sammanfattning;Programmet//NN|NEU|SIN|DEF|NOM//nsubj:pass//41 indelas//VB|PRS|SFO//parataxis//32 i//PP//case//44 energipolitiska//JJ|POS|UTR/NEU|PLU|IND/DEF|NOM//amod//44 åtgärder//NN|UTR|PLU|IND|NOM//obl//41 på//PP//case//47 kort//JJ|POS|UTR|SIN|IND|NOM//amod//47 sikt//NN|UTR|SIN|IND|NOM//obl//48 syftande//PC|PRS|UTR/NEU|SIN/PLU|IND/DEF|NOM//advmod//41 till//PP//mark//51 att//IE//mark//51 minska//VB|INF|AKT//advcl//48 elanvändningen//NN|UTR|SIN|DEF|NOM//obj//51 och//KN//cc//54 tillföra//VB|INF|AKT//conj//41 ny//JJ|POS|UTR|SIN|IND|NOM//amod//56 elproduktion//NN|UTR|SIN|IND|NOM//obj//54 från//PP//case//59 förnybara//JJ|POS|UTR/NEU|PLU|IND/DEF|NOM//amod//59 energikällor//NN|UTR|PLU|IND|NOM//nmod//56 ,//MID//punct//59 åtgärder//NN|UTR|PLU|IND|NOM//obj//54 för//PP//case//66 ett//DT|NEU|SIN|IND//det//66 långsiktigt//AB|POS//advmod//65 uthålligt//JJ|POS|NEU|SIN|IND|NOM//amod//66 energisystem//NN|NEU|SIN|IND|NOM//nmod//61 samt//KN//cc//70 energipolitiskt//AB|POS//advmod//69 motiverade//PC|PRF|UTR/NEU|PLU|IND/DEF|NOM//amod//70 klimatinsatser//NN|UTR|PLU|IND|NOM//conj//66 .//MAD//punct//5
Sammanfattning;Utredningens//NN|UTR|SIN|DEF|GEN//nmod:poss//1 uppdrag//NN|NEU|SIN|IND|NOM//nsubj//2 avser//VB|PRS|AKT//ROOT//2 de//DT|UTR/NEU|PLU|DEF//det//6 två//RG|NOM//nummod//6 senare//JJ|KOM|UTR/NEU|SIN/PLU|IND/DEF|NOM//amod//6 delarna//NN|UTR|PLU|DEF|NOM//obj//2 ,//MID//punct//6 vilka//HP|UTR/NEU|PLU|IND//nsubj//10 tillsammans//AB//advmod//10 bildar//VB|PRS|AKT//acl:relcl//6 1997//RG|NOM//nummod//12 års//NN|NEU|SIN|IND|GEN//nmod:poss//15 långsiktiga//JJ|POS|UTR/NEU|SIN|DEF|NOM//amod//15 energipolitiska//JJ|POS|UTR/NEU|SIN|DEF|NOM//amod//15 program//NN|NEU|SIN|IND|NOM//obj//10 .//MAD//punct//6
Sammanfattning;Utredningen//NN|UTR|SIN|DEF|NOM//appos//6 om//PP//case//22 det//DT|NEU|SIN|DEF//det//22 långsiktiga//JJ|POS|UTR/NEU|SIN|DEF|NOM//amod//22 energipolitiska//JJ|POS|UTR/NEU|SIN|DEF|NOM//amod//22 programmet//NN|NEU|SIN|DEF|NOM//nmod//17 (//PAD//punct//17 LångEnutredningen//PM|NOM//nmod//17 )//PAD//punct//17 skall//VB|PRS|AKT//aux//28 således//AB//advmod//28 granska//VB|INF|AKT//conj//2 och//KN//cc//30 utvärdera//VB|INF|AKT//conj//28 insatserna//NN|UTR|PLU|DEF|NOM//obj//30 inom//PP//case//33 programmet//NN|NEU|SIN|DEF|NOM//obl//30 och//KN//cc//35 analysera//VB|INF|AKT//conj//28 behovet//NN|NEU|SIN|DEF|NOM//obj//35 av//PP//case//38 förändringar//NN|UTR|PLU|IND|NOM//nmod//36 .//MAD//punct//2
Sammanfattning;Utredningen//NN|UTR|SIN|DEF|NOM//nsubj//43 skall//VB|PRS|AKT//aux//43 också//AB//advmod//43 lämna//VB|INF|AKT//parataxis//2 förslag//NN|NEU|SIN|IND|NOM//obj//43 till//PP//case//46 riktlinjer//NN|UTR|PLU|IND|NOM//nmod//44 för//PP//case//51 det//DT|NEU|SIN|DEF//det//51 långsiktiga//JJ|POS|UTR/NEU|SIN|DEF|NOM//amod//51 energipolitiska//JJ|POS|UTR/NEU|SIN|DEF|NOM//amod//51 programmet//NN|NEU|SIN|DEF|NOM//nmod//46 inför//PP//case//54 den//DT|UTR|SIN|DEF//det//54 planeringsperiod//NN|UTR|SIN|IND|NOM//nmod//51 som//HP|-|-|-//nsubj:pass//56 inleds//VB|PRS|SFO//acl:relcl//54 2003//RG|NOM//nummod//56 och//KN//cc//59 redovisa//VB|INF|AKT//amod//60 insatser//NN|UTR|PLU|IND|NOM//obj//43 som//HP|-|-|-//nsubj//63 skall//VB|PRS|AKT//aux//63 leda//VB|INF|AKT//acl:relcl//60 till//PP//case//68 en//DT|UTR|SIN|IND//det//68 långsiktigt//AB|POS//advmod//67 hållbar//JJ|POS|UTR|SIN|IND|NOM//amod//68 energiförsörjning//NN|UTR|SIN|IND|NOM//obl//63 .//MAD//punct//43
Sammanfattning;För//PP//case//5 1997//RG|NOM//nummod//2 års//NN|NEU|SIN|IND|GEN//nmod:poss//5 långsiktiga//JJ|POS|UTR/NEU|SIN|DEF|NOM//amod//5 energipolitiska//JJ|POS|UTR/NEU|SIN|DEF|NOM//amod//5 program//NN|NEU|PLU|IND|NOM//obl//6 avsattes//VB|PRT|SFO//ROOT//6 drygt//AB|POS//advmod//8 5,6//RG|NOM//nummod//9 miljarder//NN|UTR|PLU|IND|NOM//nmod//10 kronor//NN|UTR|PLU|IND|NOM//nsubj:pass//6 under//PP//case//13 sju//RG|NOM//nummod//13 år//NN|NEU|PLU|IND|NOM//obl//6 (//PAD//punct//13 1998//RG|NOM//nummod//16 2004//RG|NOM//appos//13 )//PAD//punct//6 ,//MID//punct//6 fördelat//PC|PRF|NEU|SIN|IND|NOM//conj//6 på//PP//case//21 stöd//NN|NEU|SIN|IND|NOM//obl//19 till//PP//case//23 energiforskning//NN|UTR|SIN|IND|NOM//obl//19 (//PAD//punct//27 för//PP//case//26 vilket//HP|NEU|SIN|IND//obl//27 avsattes//VB|PRT|SFO//advcl//19 2//RG|NOM//nummod//29 800//RG|NOM//nummod//30 mkr//NN|AN//obl//27 under//PP//case//34 de//DT|UTR/NEU|PLU|DEF//det//34 sju//RG|NOM//nummod//34 åren//NN|NEU|PLU|DEF|NOM//obl//27 )//PAD//punct//27 ,//MID//punct//37 energiteknikstöd//UO//conj//27 (//PAD//punct//37 dvs.//AB|AN//advmod//40 utvecklingsinsatser//NN|UTR|PLU|IND|NOM//appos//37 ,//MID//punct//40 870//RG|NOM//nummod//43 mkr//NN|AN//conj//40 )//PAD//punct//37 ,//MID//punct//46 stöd//NN|NEU|SIN|IND|NOM//conj//27 till//PP//case//48 introduktion//NN|UTR|SIN|IND|NOM//nmod//46 av//PP//case//51 ny//JJ|POS|UTR|SIN|IND|NOM//amod//51 energiteknik//NN|UTR|SIN|IND|NOM//nmod//48 (//PAD//punct//46 dvs.//AB|AN//advmod//54 demonstrationsinsatser//NN|UTR|PLU|IND|NOM//appos//46 ,//MID//punct//54 1//RG|NOM//nummod//57 610//RG|NOM//nummod//58 mkr//NN|AN//conj//54 )//PAD//punct//54 ,//MID//punct//64 samt//KN//cc//64 energipolitiskt//AB|POS//amod//64 motiverade//PC|PRF|UTR/NEU|PLU|IND/DEF|NOM//amod//64 klimatinsatser//NN|UTR|PLU|IND|NOM//conj//27 (//PAD//punct//64 350//RG|NOM//nummod//67 mkr//NN|AN//appos//64 )//PAD//punct//64 .//MAD//punct//6
Sammanfattning;Energimyndigheten//NN|UTR|SIN|DEF|NOM//nsubj//1 har//VB|PRS|AKT//ROOT//1 huvudansvaret//NN|NEU|SIN|DEF|NOM//obj//1 för//PP//mark//5 att//IE//mark//5 genomföra//VB|INF|AKT//advcl//1 åtgärderna//NN|UTR|PLU|DEF|NOM//obj//5 inom//PP//case//12 1997//RG|NOM//nummod//9 års//NN|NEU|SIN|IND|GEN//nmod:poss//12 långsiktiga//JJ|POS|UTR/NEU|SIN|DEF|NOM//amod//12 energipolitiska//JJ|POS|UTR/NEU|SIN|DEF|NOM//amod//12 program//NN|NEU|SIN|IND|NOM//obl//5 .//MAD//punct//1
Sammanfattning;Verket//NN|NEU|SIN|DEF|NOM//nsubj//34 för//PP//case//16 innovationssystem//NN|NEU|PLU|IND|NOM//nmod//14 (//PAD//punct//18 Vinnova//PM|NOM//appos//16 )//PAD//punct//18 ,//MID//punct//21 Vetenskapsrådet//NN|NEU|SIN|DEF|NOM//conj//16 och//KN//cc//23 Forskningsrådet//NN|NEU|SIN|DEF|NOM//conj//16 för//PP//case//25 miljö//NN|UTR|SIN|IND|NOM//nmod//23 ,//MID//punct//28 areella//JJ|POS|UTR/NEU|PLU|IND/DEF|NOM//amod//28 näringar//NN|UTR|PLU|IND|NOM//conj//25 och//KN//cc//30 samhällsbyggande//NN|NEU|SIN|IND|NOM//conj//25 (//PAD//punct//16 Formas//PM|NOM//appos//16 )//PAD//punct//16 ansvarar//VB|PRS|AKT//parataxis//1 för//PP//case//37 vissa//JJ|POS|UTR/NEU|PLU|IND/DEF|NOM//amod//37 åtgärder//NN|UTR|PLU|IND|NOM//obl//34 inom//PP//case//39 programmet//NN|NEU|SIN|DEF|NOM//obl//34 .//MAD//punct//34
Sammanfattning;Huvuddelen//NN|UTR|SIN|DEF|NOM//nsubj//8 av//PP//case//2 medlen//NN|NEU|PLU|DEF|NOM//nmod//0 i//PP//case//6 det//DT|NEU|SIN|DEF//det//6 långsiktiga//JJ|POS|UTR/NEU|SIN|DEF|NOM//amod//6 programmet//NN|NEU|SIN|DEF|NOM//nmod//2 är//VB|PRS|AKT//cop//8 avsedda//PC|PRF|UTR/NEU|PLU|IND/DEF|NOM//ROOT//8 att//IE//mark//10 finansiera//VB|INF|AKT//advcl//8 projektverksamhet//NN|UTR|SIN|IND|NOM//obj//10 .//MAD//punct//8
Sammanfattning;Fördelningen//NN|UTR|SIN|DEF|NOM//nsubj//14 sker//VB|PRS|AKT//parataxis//8 i//PP//advmod//14 huvudsak//NN|UTR|SIN|IND|NOM//fixed//15 genom//PP//mark//22 att//SN//mark//22 de//DT|UTR/NEU|PLU|DEF//det//21 fyra//RG|NOM//nummod//21 myndigheterna//NN|UTR|PLU|DEF|NOM//nsubj//22 inrättar//VB|PRS|AKT//advcl//14 program//NN|NEU|PLU|IND|NOM//obj//22 med//PP//case//27 olika//JJ|POS|UTR/NEU|PLU|IND/DEF|NOM//amod//27 tematisk//JJ|POS|UTR|SIN|IND|NOM//amod//27 inriktning//NN|UTR|SIN|IND|NOM//obl//22 under//PP//mark//32 vilka//HD|UTR/NEU|PLU|IND//det//30 projektgrupper//NN|UTR|PLU|IND|NOM//nsubj//32 kan//VB|PRS|AKT//aux//32 söka//VB|INF|AKT//advcl//22 finansiering//NN|UTR|SIN|IND|NOM//obj//32 för//PP//case//36 sin//PS|UTR|SIN|DEF//nmod:poss//36 verksamhet//NN|UTR|SIN|IND|NOM//nmod//33 .//MAD//punct//14
Sammanfattning;Det//DT|NEU|SIN|DEF//det//40 totala//JJ|POS|UTR/NEU|SIN|DEF|NOM//amod//40 antalet//NN|NEU|SIN|DEF|NOM//nmod//41 projekt//NN|NEU|PLU|IND|NOM//nsubj:pass//58 som//HP|-|-|-//nsubj:pass//43 bedrivits//VB|SUP|SFO//acl:relcl//41 inom//PP//case//51 ramen//NN|UTR|SIN|DEF|NOM//fixed//44 för//PP//fixed//44 1997//RG|NOM//nummod//48 års//NN|NEU|SIN|IND|GEN//nmod:poss//51 långsiktiga//JJ|POS|UTR/NEU|SIN|DEF|NOM//amod//51 energipolitiska//JJ|POS|UTR/NEU|SIN|DEF|NOM//amod//51 program//NN|NEU|PLU|IND|NOM//obl//43 under//PP//case//54 åren//NN|NEU|PLU|DEF|NOM//nmod//54 1998//RG|NOM//obl//43 2002//RG|NOM//nummod//54 kan//VB|PRS|AKT//aux//58 grovt//AB|POS//advmod//58 uppskattas//VB|INF|SFO//advcl//14 till//PP//case//66 totalt//AB|POS//advmod//62 ca//AB|AN//advmod//62 1//RG|NOM//nummod//63 700//RG|NOM//nummod//66 1//RG|NOM//nummod//63 900//RG|NOM//nummod//66 projekt//NN|NEU|PLU|IND|NOM//obl//58 ,//MID//punct//68 fördelade//PC|PRF|UTR/NEU|PLU|IND/DEF|NOM//conj//58 på//PP//case//74 ca//AB|AN//advmod//71 1//RG|NOM//nummod//72 300//RG|NOM//nummod//73 1//RG|NOM//nmod//74 400//RG|NOM//obl//68 för//PP//case//76 Energimyndigheten//NN|UTR|SIN|DEF|NOM//obl//68 ,//MID//punct//80 ca//AB|AN//advmod//79 230//RG|NOM//nummod//80 250//RG|NOM//appos//58 för//PP//case//82 Vetenskapsrådet//NN|NEU|SIN|DEF|NOM//obl//80 ,//MID//punct//82 ca//AB|AN//advmod//85 100//RG|NOM//nummod//86 200//RG|NOM//appos//82 för//PP//case//88 Formas//PM|NOM//nmod//86 ,//MID//punct//14 och//KN//cc//93 ca//AB|AN//advmod//92 40//RG|NOM//nummod//93 60//RG|NOM//conj//14 för//PP//case//95 Vinnova//PM|NOM//obl//93 .//MAD//punct//14
Sammanfattning;Många//PN|UTR/NEU|PLU|IND|SUB/OBJ//nsubj//100 av//PP//case//99 projekten//NN|NEU|PLU|DEF|NOM//nmod//97 utgör//VB|PRS|AKT//parataxis//14 delar//NN|UTR|PLU|IND|NOM//obj//100 av//PP//case//104 sammanhållna//PC|PRF|UTR/NEU|PLU|IND/DEF|NOM//amod//104 forsknings-//NN|UTR|-|-|SMS//nmod//101 och//KN//cc//106 utvecklingsprogram//NN|NEU|PLU|IND|NOM//conj//104 .//MAD//punct//100
Sammanfattning;Till//PP//advmod//110 exempel//NN|NEU|SIN|IND|NOM//fixed//108 bedriver//VB|PRS|AKT//conj//100 Energimyndigheten//NN|UTR|SIN|DEF|NOM//nsubj//110 omkring//PP//advmod//114 ett//DT|NEU|SIN|IND//det//114 50-tal//NN|NEU|SIN|IND|NOM//nmod//116 sådana//JJ|POS|UTR/NEU|PLU|IND|NOM//amod//116 program//NN|NEU|PLU|IND|NOM//obj//110 .//MAD//punct//14
Sammanfattning;Utgångspunkt//NN|UTR|SIN|IND|NOM//ROOT//0 för//PP//case//3 utredningens//NN|UTR|SIN|DEF|GEN//nmod:poss//3 överväganden//NN|NEU|PLU|IND|NOM//obl//0
Sammanfattning;I//PP//case//4 1997//RG|NOM//nummod//2 års//NN|NEU|SIN|IND|GEN//nmod:poss//4 energipolitiska//JJ|POS|UTR/NEU|SIN|DEF|NOM//amod//4 beslut//NN|NEU|SIN|IND|NOM//obl//5 fästes//VB|PRT|SFO//ROOT//5 stor//JJ|POS|UTR|SIN|IND|NOM//amod//7 vikt//NN|UTR|SIN|IND|NOM//nsubj:pass//5 vid//PP//case//10 den//DT|UTR|SIN|DEF//det//10 satsning//NN|UTR|SIN|IND|NOM//obl//5 som//HP|-|-|-//nsubj:pass//12 gjordes//VB|PRT|SFO//acl:relcl//10 på//PP//case//15 energirelaterad//PC|PRF|UTR|SIN|IND|NOM//amod//15 forskning//NN|UTR|SIN|IND|NOM//obl//12 ,//MID//punct//17 utveckling//NN|UTR|SIN|IND|NOM//conj//15 och//KN//cc//19 demonstration//NN|UTR|SIN|IND|NOM//conj//15 (//PAD//punct//15 EFUD//PM|NOM//appos//15 )//PAD//punct//15 .//MAD//punct//26
Sammanfattning;Enligt//PP//case//25 propositionen//NN|UTR|SIN|DEF|NOM//obl//26 krävdes//VB|PRT|SFO//conj//5 en//DT|UTR|SIN|IND//det//31 omfattande//PC|PRS|UTR/NEU|SIN/PLU|IND/DEF|NOM//amod//31 och//KN//cc//30 målmedveten//JJ|POS|UTR|SIN|IND|NOM//conj//28 satsning//NN|UTR|SIN|IND|NOM//obj//26 på//PP//case//34 teknisk//JJ|POS|UTR|SIN|IND|NOM//amod//34 utveckling//NN|UTR|SIN|IND|NOM//nmod//31 inom//PP//case//36 energiområdet//NN|NEU|SIN|DEF|NOM//nmod//34 för//PP//mark//39 att//IE//mark//39 genomföra//VB|INF|AKT//advcl//26 den//DT|UTR|SIN|DEF//det//42 långsiktiga//JJ|POS|UTR/NEU|SIN|DEF|NOM//amod//42 omställningen//NN|UTR|SIN|DEF|NOM//obj//39 av//PP//case//44 energisystemet//NN|NEU|SIN|DEF|NOM//nmod//42 .//MAD//punct//26
Sammanfattning;En//DT|UTR|SIN|IND//det//48 målmedveten//JJ|POS|UTR|SIN|IND|NOM//amod//48 satsning//NN|UTR|SIN|IND|NOM//appos//26 på//PP//case//50 forskning//NN|UTR|SIN|IND|NOM//nmod//48 ,//MID//punct//52 utveckling//NN|UTR|SIN|IND|NOM//conj//50 och//KN//cc//54 demonstration//NN|UTR|SIN|IND|NOM//conj//50 sades//VB|PRT|SFO//advcl//26 vara//VB|INF|AKT//cop//57 basen//NN|UTR|SIN|DEF|NOM//xcomp//55 i//PP//case//61 den//DT|UTR|SIN|DEF//det//61 långsiktiga//JJ|POS|UTR/NEU|SIN|DEF|NOM//amod//61 strategin//NN|UTR|SIN|DEF|NOM//nmod//57 för//PP//case//68 ett//DT|NEU|SIN|IND//det//68 ekologiskt//JJ|POS|NEU|SIN|IND|NOM//amod//68 och//KN//cc//67 ekonomiskt//AB|POS//advmod//67 uthålligt//JJ|POS|NEU|SIN|IND|NOM//conj//64 energisystem//NN|NEU|SIN|IND|NOM//nmod//61 .//MAD//punct//5
Sammanfattning;Mycket//PN|NEU|SIN|IND|SUB/OBJ//advmod//1 talar//VB|PRS|AKT//ROOT//1 dock//AB//advmod//1 enligt//PP//case//4 LångEn-utredningen//MID//obl//1 för//PP//mark//10 att//SN//mark//10 det//PN|NEU|SIN|DEF|SUB/OBJ//expl//10 i//PP//case//9 beslutet//NN|NEU|SIN|DEF|NOM//obl//10 fästes//VB|PRT|SFO//advcl//1 alltför//AB//advmod//12 stor//JJ|POS|UTR|SIN|IND|NOM//amod//13 tilltro//NN|UTR|SIN|IND|NOM//obj//10 till//PP//case//15 EFUD//PM|NOM//nmod//13 ://MID//punct//13 s//NN|AN//nummod//18 möjligheter//NN|UTR|PLU|IND|NOM//parataxis//1 att//IE//mark//20 driva//VB|INF|AKT//acl//18 på//PP//case//22 omställningen//NN|UTR|SIN|DEF|NOM//obl//20 av//PP//case//24 energisystemet//NN|NEU|SIN|DEF|NOM//nmod//22 .//MAD//punct//18
Sammanfattning;Såväl//KN//advmod//27 FoU//NN|AN//nsubj//32 som//KN//nsubj//29 omställning//NN|UTR|SIN|IND|NOM//acl:relcl//27 av//PP//case//31 energisystemet//NN|NEU|SIN|DEF|NOM//nmod//29 tar//VB|PRS|AKT//acl:relcl//18 tid//NN|UTR|SIN|IND|NOM//obj//32 .//MAD//punct//1
Sammanfattning;Man//PN|UTR|SIN|IND|SUB//nsubj//38 måste//VB|PRS|AKT//aux//38 därför//AB//advmod//38 ha//VB|INF|AKT//parataxis//1 rimliga//JJ|POS|UTR/NEU|PLU|IND/DEF|NOM//amod//40 förväntningar//NN|UTR|PLU|IND|NOM//obj//38 på//PP//case//42 vad//HP|NEU|SIN|IND//obl//38 som//HP|-|-|-//nsubj:pass//45 kan//VB|PRS|AKT//aux//45 åstadkommas//VB|INF|SFO//acl:relcl//42 genom//PP//case//47 satsningar//NN|UTR|PLU|IND|NOM//obl//45 på//PP//case//49 EFUD//PM|NOM//nmod//47 .//MID//punct//38
Sammanfattning;På//PP//case//55 åtminstone//AB//advmod//53 10//RG|NOM//nummod//54 20//RG|NOM//nummod//55 års//NN|NEU|PLU|IND|GEN//nmod:poss//56 sikt//NN|UTR|SIN|IND|NOM//punct//1 har//VB|PRS|AKT//advcl//1 andra//JJ|POS|UTR/NEU|PLU|IND/DEF|NOM//amod//60 samhälleliga//JJ|POS|UTR/NEU|PLU|IND/DEF|NOM//amod//60 styrmedel//NN|NEU|PLU|IND|NOM//obj//57 med//PP//case//62 syfte//NN|NEU|SIN|IND|NOM//acl//60 att//IE//mark//65 bl.a.//AB|AN//advmod//65 skapa//VB|INF|AKT//acl//62 incitament//NN|NEU|SIN|IND|NOM//obj//65 för//PP//case//68 investeringar//NN|UTR|PLU|IND|NOM//obl//65 (//PAD//punct//68 såsom//KN//mark//71 skatter//NN|UTR|PLU|IND|NOM//appos//68 ,//MID//punct//74 allmänna//JJ|POS|UTR/NEU|PLU|IND/DEF|NOM//amod//74 ramvillkor//NN|UTR|PLU|IND|NOM//conj//71 för//PP//case//76 företagande//NN|NEU|SIN|IND|NOM//nmod//71 ,//MID//punct//79 olika//JJ|POS|UTR/NEU|PLU|IND/DEF|NOM//amod//79 former//NN|UTR|PLU|IND|NOM//conj//71 av//PP//case//81 stöd//NN|NEU|SIN|IND|NOM//nmod//79 ,//MID//punct//79 etc.//AB|AN//conj//71 )//PAD//punct//86 större//JJ|KOM|UTR/NEU|SIN/PLU|IND/DEF|NOM//amod//86 betydelse//NN|UTR|SIN|IND|NOM//conj//71 för//PP//case//88 omställningen//NN|UTR|SIN|DEF|NOM//nmod//86 av//PP//case//90 energisystemet//NN|NEU|SIN|DEF|NOM//nmod//88 enligt//PP//case//93 utredningens//NN|UTR|SIN|DEF|GEN//nmod:poss//93 mening//NN|UTR|SIN|IND|NOM//nmod//90 .//MAD//punct//1
Sammanfattning;Sammantaget//AB//nsubj//96 menar//VB|PRS|AKT//parataxis//1 LångEn-utredningen//MID//obj//96 att//SN//mark//107 insatser//NN|UTR|PLU|IND|NOM//nsubj//107 för//PP//case//101 forskning//NN|UTR|SIN|IND|NOM//nmod//99 ,//MID//punct//103 utveckling//NN|UTR|SIN|IND|NOM//conj//101 och//KN//cc//105 demonstration//NN|UTR|SIN|IND|NOM//conj//101 visserligen//AB//advmod//107 utgör//VB|PRS|AKT//ccomp//96 en//DT|UTR|SIN|IND//det//110 viktig//JJ|POS|UTR|SIN|IND|NOM//amod//110 förutsättning//NN|UTR|SIN|IND|NOM//obj//107 för//PP//mark//113 att//IE//mark//113 möjliggöra//VB|INF|AKT//acl//110 en//DT|UTR|SIN|IND//det//116 långsiktig//JJ|POS|UTR|SIN|IND|NOM//amod//116 omställning//NN|UTR|SIN|IND|NOM//obj//113 av//PP//case//118 energisystemet//NN|NEU|SIN|DEF|NOM//nmod//116 ,//MID//punct//125 men//KN//cc//125 att//SN//mark//125 EFUD//PM|NOM//nsubj//125 inte//AB//advmod//125 kan//VB|PRS|AKT//aux//125 utgöra//VB|INF|AKT//conj//107 den//DT|UTR|SIN|DEF//det//128 primära//JJ|POS|UTR/NEU|SIN|DEF|NOM//amod//128 motorn//NN|UTR|SIN|DEF|NOM//obj//125 för//PP//case//130 omställningen//NN|UTR|SIN|DEF|NOM//obl//125 av//PP//case//132 energisystemet//NN|NEU|SIN|DEF|NOM//nmod//130 .//MAD//punct//1
Sammanfattning;Utredningen//NN|UTR|SIN|DEF|NOM//nsubj//3 har//VB|PRS|AKT//aux//3 därför//AB//advmod//3 valt//VB|SUP|AKT//ROOT//3 att//IE//mark//5 anlägga//VB|INF|AKT//xcomp//3 två//RG|NOM//nummod//8 olika//JJ|POS|UTR/NEU|PLU|IND/DEF|NOM//amod//8 perspektiv//NN|NEU|PLU|IND|NOM//obj//5 i//PP//case//11 sin//PS|UTR|SIN|DEF//nmod:poss//11 analys//NN|UTR|SIN|IND|NOM//obl//5 av//PP//case//13 insatserna//NN|UTR|PLU|DEF|NOM//nmod//11 inom//PP//case//19 1997//RG|NOM//nummod//16 års//NN|NEU|SIN|IND|GEN//nmod:poss//19 långsiktiga//JJ|POS|UTR/NEU|SIN|DEF|NOM//amod//19 energipolitiska//JJ|POS|UTR/NEU|SIN|DEF|NOM//amod//19 program//NN|NEU|SIN|IND|NOM//nmod//13 .//MAD//punct//3
Sammanfattning;Dels//KN//advmod//3 att//IE//mark//25 ,//MID//punct//25 som//KN//mark//25 utgångspunkt//NN|UTR|SIN|IND|NOM//fixed//21 för//PP//case//29 ett//DT|NEU|SIN|IND//det//29 nytt//JJ|POS|NEU|SIN|IND|NOM//amod//29 EFUD-program//NN|NEU|SIN|IND|NOM//obl//25 ,//MID//punct//25
Sammanfattning;mera//AB|KOM//advmod//1 avgränsat//PC|PRF|NEU|SIN|IND|NOM//obl//2 värdera//VB|INF|AKT//ROOT//2 de//DT|UTR/NEU|PLU|DEF//det//4 EFUD-insatser//NN|UTR|PLU|IND|NOM//obj//2 som//HP|-|-|-//nsubj:pass//6 gjorts//VB|SUP|SFO//acl:relcl//4 och//KN//cc//8 styrningen//NN|UTR|SIN|DEF|NOM//conj//6 av//PP//case//10 desamma//PN|UTR/NEU|PLU|DEF|SUB/OBJ//nmod//8 ,//MID//punct//13 samt//KN//cc//13 bedöma//VB|INF|AKT//conj//2 vilka//HD|UTR/NEU|PLU|IND//det//15 förbättringar//NN|UTR|PLU|IND|NOM//obj//13 som//HP|-|-|-//nsubj:pass//18 kan//VB|PRS|AKT//aux//18 göras//VB|INF|SFO//acl:relcl//15 .//MAD//punct//2
Sammanfattning;Därvid//AB//advmod//24 har//VB|PRS|AKT//aux//24 utredningen//NN|UTR|SIN|DEF|NOM//nsubj//24 bl.a.//AB|AN//advmod//24 haft//VB|SUP|AKT//parataxis//2 som//KN//mark//26 ambition//NN|UTR|SIN|IND|NOM//xcomp//24 att//IE//mark//28 identifiera//VB|INF|AKT//advcl//24 förändringar//NN|UTR|PLU|IND|NOM//obj//28 som//HP|-|-|-//nsubj//31 möjliggör//VB|PRS|AKT//acl:relcl//29 att//SN//mark//38 EFUD//PM|NOM//nsubj//38 i//PP//case//36 ökad//PC|PRF|UTR|SIN|IND|NOM//amod//36 grad//NN|UTR|SIN|IND|NOM//nmod//33 kan//VB|PRS|AKT//aux//38 bidra//VB|INF|AKT//ccomp//31 till//PP//case//40 omställningen//NN|UTR|SIN|DEF|NOM//obl//38 .//MAD//punct//24
Sammanfattning;Dels//KN//mark//48 att//IE//mark//48 med//PP//case//47 ett//DT|NEU|SIN|IND//det//47 vidare//JJ|KOM|UTR/NEU|SIN/PLU|IND/DEF|NOM//amod//47 perspektiv//NN|NEU|SIN|IND|NOM//obl//48 analysera//VB|INF|AKT//advcl//24 vad//HP|NEU|SIN|IND//dislocated//52 som//HP|-|-|-//nsubj:pass//52 kan//VB|PRS|AKT//aux//52 krävas//VB|INF|SFO//ccomp//48 för//PP//mark//55 att//IE//mark//55 uppnå//VB|INF|AKT//advcl//52 en//DT|UTR|SIN|IND//det//59 mer//AB|KOM//advmod//58 genomgripande//JJ|POS|UTR/NEU|SIN/PLU|IND/DEF|NOM//amod//59 omställning//NN|UTR|SIN|IND|NOM//obj//55 av//PP//case//61 energisystemet//NN|NEU|SIN|DEF|NOM//nmod//59 .//MAD//punct//2
Sammanfattning;I//PP//case//3 det//DT|NEU|SIN|DEF//det//3 följande//PC|PRS|UTR/NEU|SIN/PLU|IND/DEF|NOM//amod//3 sammanfattas//VB|PRS|SFO//obl//14 utredningens//NN|UTR|SIN|DEF|GEN//nmod:poss//5 överväganden//NN|NEU|PLU|IND|NOM//nsubj:pass//3 och//KN//cc//7 förslag//NN|NEU|PLU|IND|NOM//conj//5 utifrån//PP//case//11 dessa//DT|UTR/NEU|PLU|DEF//det//11 två//RG|NOM//nummod//11 perspektiv//NN|NEU|PLU|IND|NOM//nmod//7 .//MAD//punct//3
Sammanfattning;Avslutningsvis//AB//nsubj:pass//14 behandlas//VB|PRS|SFO//ROOT//14 även//AB//advmod//14 energipolitiskt//AB|POS//advmod//17 motiverade//PC|PRF|UTR/NEU|PLU|IND/DEF|NOM//amod//18 klimatinsatser//NN|UTR|PLU|IND|NOM//nsubj:pass//14 .//MAD//punct//14
Sammanfattning;Utredningens//NN|UTR|SIN|DEF|GEN//nmod:poss//1 överväganden//NN|NEU|PLU|IND|NOM//ROOT//1 kring//PP//case//3 EFUD-insatserna//NN|UTR|PLU|DEF|NOM//nmod//1 och//KN//cc//6 deras//PS|UTR/NEU|SIN/PLU|DEF//nmod:poss//6 styrning//NN|UTR|SIN|IND|NOM//conj//3
Sammanfattning;Utredningen//NN|UTR|SIN|DEF|NOM//nsubj//2 har//VB|PRS|AKT//aux//2 strukturerat//VB|SUP|AKT//ROOT//2 sin//PS|UTR|SIN|DEF//nmod:poss//4 analys//NN|UTR|SIN|IND|NOM//obj//2 av//PP//case//7 de//DT|UTR/NEU|PLU|DEF//det//7 resultat//NN|NEU|PLU|IND|NOM//nmod//4 som//HP|-|-|-//nsubj:pass//9 uppnåtts//VB|SUP|SFO//acl:relcl//7 med//PP//case//11 EFUD-satsningarna//NN|UTR|PLU|DEF|NOM//obl//9 i//PP//case//17 1997//RG|NOM//nummod//14 års//NN|NEU|SIN|IND|GEN//nmod:poss//17 långsiktiga//JJ|POS|UTR/NEU|SIN|DEF|NOM//amod//17 energipolitiska//JJ|POS|UTR/NEU|SIN|DEF|NOM//amod//17 program//NN|NEU|PLU|IND|NOM//nmod//11 utifrån//PP//case//20 fem//RG|NOM//nummod//20 aspekter//NN|UTR|PLU|IND|NOM//obl//9 (//PAD//punct//20 EFUD//PM|NOM//appos//20 ://MID//punct//22 s//NN|NEU|SIN|IND|GEN//nummod//25 inriktning//NN|UTR|SIN|IND|NOM//appos//20 ,//MID//punct//25 EFUD//PM|NOM//conj//25 ://MID//punct//25
Sammanfattning;s//NN|NEU|SIN|IND|GEN//nummod//30 kvalitet//NN|UTR|SIN|IND|NOM//conj//25 och//KN//cc//32 relevans//NN|UTR|SIN|IND|NOM//conj//30 ,//MID//punct//25 EFUD//PM|NOM//conj//25 ://MID//punct//25 s//NN|NEU|SIN|IND|GEN//case//37 organisation//NN|UTR|SIN|IND|NOM//conj//25 ,//MID//punct//37 programmets//NN|NEU|SIN|DEF|GEN//nmod:poss//40 administration//NN|UTR|SIN|IND|NOM//conj//37 ,//MID//punct//25 samt//KN//cc//44 programmets//NN|NEU|SIN|DEF|GEN//nmod:poss//44 måluppfyllelse//NN|UTR|SIN|IND|NOM//conj//25 )//PAD//punct//25 ,//MID//punct//20 vilka//HP|UTR/NEU|PLU|IND//nsubj:pass//49 nedan//AB//advmod//49 behandlas//VB|PRS|SFO//acl:relcl//20 i//PP//case//51 tur//NN|UTR|SIN|IND|NOM//obl//49 och//KN//cc//53 ordning//NN|UTR|SIN|IND|NOM//conj//51 .//MAD//punct//2
Sammanfattning;EFUD//PM|NOM//ROOT//0 ://MID//punct//0 s//NN|NEU|SIN|IND|GEN//nummod//3 inriktning//NN|UTR|SIN|IND|NOM//appos//0
Sammanfattning;Med//PP//case//1 detta//PN|NEU|SIN|DEF|SUB/OBJ//obl//2 avser//VB|PRS|AKT//ROOT//2 vi//PN|UTR|PLU|DEF|SUB//nsubj//2 aspekter//NN|UTR|PLU|IND|NOM//obj//2 såsom//KN//mark//6 exempelvis//AB//advmod//2 om//SN//mark//9 EFUD-satsningarna//NN|UTR|PLU|DEF|NOM//nsubj//9 sker//VB|PRS|AKT//advcl//2 inom//PP//case//12 rätt//JJ|POS|NEU|SIN|IND|NOM//amod//12 områden//NN|NEU|PLU|IND|NOM//obl//9 (//PAD//punct//12 tematiskt//AB|POS//appos//12 och//KN//cc//17 i//PP//case//17 termer//NN|UTR|PLU|IND|NOM//conj//12 av//PP//case//19 F//PM|NOM//nmod//17 ,//MID//punct//21 U//PM|NOM//conj//19 och//KN//cc//23 D//NN|NEU|SIN|IND|NOM//conj//19 )//PAD//punct//2 och//KN//cc//28 med//PP//case//28 rätt//JJ|POS|UTR|SIN|IND|NOM//amod//28 balans//NN|UTR|SIN|IND|NOM//conj//2 mellan//PP//case//31 olika//JJ|POS|UTR/NEU|PLU|IND/DEF|NOM//amod//31 områden//NN|NEU|PLU|IND|NOM//nmod//28 .//MAD//punct//2
Sammanfattning;LångEn-utredningen//MID//nsubj//35 har//VB|PRS|AKT//aux//35 valt//VB|SUP|AKT//parataxis//2 att//IE//mark//37 lägga//VB|INF|AKT//advcl//35 sin//PS|UTR|SIN|DEF//nmod:poss//39 analys//NN|UTR|SIN|IND|NOM//obj//37 på//PP//case//44 en//DT|UTR|SIN|IND//det//44 relativt//AB|POS//advmod//43 övergripande//PC|PRS|UTR/NEU|SIN/PLU|IND/DEF|NOM//amod//44 nivå//NN|UTR|SIN|IND|NOM//obl//37 ,//MID//punct//49 och//KN//cc//49 har//VB|PRS|AKT//aux//49 inte//AB//advmod//49 haft//VB|SUP|AKT//conj//35 som//KN//mark//51 ambition//NN|UTR|SIN|IND|NOM//xcomp//49 att//IE//mark//54 närmare//AB|KOM//advmod//54 granska//VB|INF|AKT//advcl//49 verksamheten//NN|UTR|SIN|DEF|NOM//obj//54 i//PP//case//59 de//DT|UTR/NEU|PLU|DEF//det//59 enskilda//JJ|POS|UTR/NEU|PLU|IND/DEF|NOM//amod//59 forskningsprogram/-projekt//NN|NEU|PLU|IND|NOM//obl//54 som//HP|-|-|-//nsubj//61 ingår//VB|PRS|AKT//acl:relcl//59 i//PP//case//67 1997//RG|NOM//nummod//64 års//NN|NEU|SIN|IND|GEN//nmod:poss//67 långsiktiga//JJ|POS|UTR/NEU|SIN|DEF|NOM//amod//67 energipolitiska//JJ|POS|UTR/NEU|SIN|DEF|NOM//amod//67 program//NN|NEU|SIN|IND|NOM//obl//61 .//MAD//punct//2
Sammanfattning;Inom//PP//case//3 ramen//NN|UTR|SIN|DEF|NOM//fixed//0 för//PP//fixed//0 programmet//NN|NEU|SIN|DEF|NOM//obl//4 sker//VB|PRS|AKT//ROOT//4 mycket//AB|POS//advmod//6 värdefullt//JJ|POS|NEU|SIN|IND|NOM//advmod//4 och//KN//cc//8 användbart//JJ|POS|NEU|SIN|IND|NOM//conj//6 arbete//NN|NEU|SIN|IND|NOM//nsubj//4 ,//MID//punct//4 och//KN//cc//12 byggs//VB|PRS|SFO//conj//4 även//AB//advmod//12 upp//PL//compound:prt//12 relevanta//JJ|POS|UTR/NEU|PLU|IND/DEF|NOM//amod//16 kompetenser//NN|UTR|PLU|IND|NOM//obj//12 och//KN//cc//18 förmågor//NN|UTR|PLU|IND|NOM//conj//16 .//MAD//punct//4
Sammanfattning;En//DT|UTR|SIN|IND//det//22 betydande//PC|PRS|UTR/NEU|SIN/PLU|IND/DEF|NOM//amod//22 andel//NN|UTR|SIN|IND|NOM//nsubj//25 av//PP//case//24 energiforskarna//NN|UTR|PLU|DEF|NOM//nmod//22 bedömer//VB|PRS|AKT//parataxis//4 att//SN//mark//29 deras//PS|UTR/NEU|SIN/PLU|DEF//nmod:poss//28 forskningsresultat//NN|NEU|PLU|IND|NOM//nsubj//29 har//VB|PRS|AKT//ccomp//25 kommersiell//JJ|POS|UTR|SIN|IND|NOM//amod//31 potential//NN|UTR|SIN|IND|NOM//obj//29 .//MAD//punct//4
Sammanfattning;De//DT|UTR/NEU|PLU|DEF//det//34 projektledare//NN|UTR|PLU|IND|NOM//nsubj//40 som//HP|-|-|-//nsubj//37 är//VB|PRS|AKT//cop//37 engagerade//PC|PRF|UTR/NEU|PLU|IND/DEF|NOM//acl:relcl//34 i//PP//case//39 EFUD-projekt//NN|UTR|SIN|IND|NOM//obl//37 förväntar//VB|PRS|AKT//parataxis//4 sig//PN|UTR/NEU|SIN/PLU|DEF|OBJ//obj//40 dock//AB//advmod//40 ofta//AB|POS//advmod//40 att//SN//mark//48 resultaten//NN|NEU|PLU|DEF|NOM//nsubj:pass//48 kommer//VB|PRS|AKT//aux//48 att//IE//mark//48 realiseras//VB|INF|SFO//advcl//40 först//AB//advmod//48 på//PP//case//51 5//RG|NOM//nummod//53 10//RG|NOM//nummod//53 års//NN|NEU|PLU|IND|GEN//nmod:poss//54 sikt//NN|UTR|SIN|IND|NOM//obl//48 .//MAD//punct//4
Sammanfattning;Detta//PN|NEU|SIN|DEF|SUB/OBJ//nsubj//57 understryker//VB|PRS|AKT//parataxis//4 att//SN//mark//60 det//PN|NEU|SIN|DEF|SUB/OBJ//expl//60 gäller//VB|PRS|AKT//ccomp//57 att//IE//mark//62 ha//VB|INF|AKT//csubj//60 rätt//JJ|POS|UTR/NEU|SIN/PLU|IND|NOM//amod//64 förväntningar//NN|UTR|PLU|IND|NOM//obj//62 och//KN//cc//67 inte//AB//advmod//67 tro//VB|INF|AKT//conj//62 att//SN//mark//81 en//DT|UTR|SIN|IND//det//71 viss//JJ|POS|UTR|SIN|IND|NOM//amod//71 mängd//NN|UTR|SIN|IND|NOM//nmod//72 resurser//NN|UTR|PLU|IND|NOM//nsubj//81 som//HP|-|-|-//nsubj:pass//74 sätts//VB|PRS|SFO//acl:relcl//72 in//PL//compound:prt//74 i//PP//case//77 EFUD//PM|NOM//obl//74 snabbt//AB|POS//advmod//81 skulle//VB|PRT|AKT//aux//81 kunna//VB|INF|AKT//aux//81 ge//VB|INF|AKT//ccomp//67 en//DT|UTR|SIN|IND//det//83 systemomställning//NN|UTR|SIN|IND|NOM//obj//81 .//MAD//punct//4
Sammanfattning;Fördelning//NN|UTR|SIN|IND|NOM//ROOT//0 mellan//PP//case//2 F//PM|NOM//nmod//0 ,//MID//punct//4 U//PM|NOM//conj//2 och//KN//cc//6 D//NN|NEU|SIN|IND|NOM//conj//2 samt//KN//cc//9 mellan//PP//case//9 teknikområden//NN|NEU|PLU|IND|NOM//conj//2
Sammanfattning;Ett//DT|NEU|SIN|IND//det//2 grundläggande//PC|PRS|UTR/NEU|SIN/PLU|IND/DEF|NOM//amod//2 syfte//NN|NEU|SIN|IND|NOM//dislocated//22 med//PP//mark//5 att//IE//mark//5 ge//VB|INF|AKT//acl//2 stöd//NN|NEU|SIN|IND|NOM//obj//5 till//PP//case//8 EFUD//PM|NOM//obl//5 är//VB|PRS|AKT//cop//2 att//SN//mark//16 ny//JJ|POS|UTR|SIN|IND|NOM//amod//14 och//KN//cc//13 effektivare//JJ|KOM|UTR/NEU|SIN/PLU|IND/DEF|NOM//conj//11 energiteknik//NN|UTR|SIN|IND|NOM//nsubj//16 skall//VB|PRS|AKT//aux//16 nå//VB|INF|AKT//ccomp//9 marknaden//NN|UTR|SIN|DEF|NOM//obj//16 .//MAD//punct//2
Sammanfattning;Det//PN|NEU|SIN|DEF|SUB/OBJ//expl//22 är//VB|PRS|AKT//cop//22 därför//AB//advmod//22 viktigt//JJ|POS|NEU|SIN|IND|NOM//ROOT//22 att//SN//mark//25 det//PN|NEU|SIN|DEF|SUB/OBJ//expl//25 finns//VB|PRS|SFO//csubj//22 ett//DT|NEU|SIN|IND//det//30 nära//JJ|POS|UTR/NEU|SIN/PLU|IND/DEF|NOM//amod//30 och//KN//cc//29 aktivt//JJ|POS|NEU|SIN|IND|NOM//conj//27 samarbete//NN|NEU|SIN|IND|NOM//nsubj//25 mellan//PP//case//32 forskarvärlden//NN|UTR|SIN|DEF|NOM//nmod//30 och//KN//cc//34 näringslivet//NN|NEU|SIN|DEF|NOM//conj//32 .//MAD//punct//22
Sammanfattning;Med//PP//case//39 avseende//NN|NEU|SIN|IND|NOM//fixed//36 på//PP//fixed//36 fördelningen//NN|UTR|SIN|DEF|NOM//obl//46 mellan//PP//case//41 F//PM|NOM//nmod//39 ,//MID//punct//43 U//PM|NOM//conj//41 och//KN//cc//45 D//NN|NEU|SIN|IND|NOM//conj//41 menar//VB|PRS|AKT//parataxis//22 utredningen//NN|UTR|SIN|DEF|NOM//nsubj//46 att//SN//mark//52 verksamheten//NN|UTR|SIN|DEF|NOM//nsubj//52 inom//PP//case//51 programmet//NN|NEU|SIN|DEF|NOM//nmod//49 har//VB|PRS|AKT//ccomp//46 relativt//AB|POS//advmod//54 stor//JJ|POS|UTR|SIN|IND|NOM//amod//55 koppling//NN|UTR|SIN|IND|NOM//obj//52 till//PP//case//57 näringslivet//NN|NEU|SIN|DEF|NOM//nmod//55 .//MAD//punct//52
Sammanfattning;Som//KN//advmod//62 exempel//NN|NEU|SIN|IND|NOM//fixed//59 kan//VB|PRS|AKT//aux//62 nämnas//VB|INF|SFO//advcl//52 att//SN//mark//67 mer//AB|KOM//advmod//66 än//KN//fixed//64 50//RG|NOM//nummod//67 procent//NN|UTR|PLU|IND|NOM//nsubj:pass//72 av//PP//case//69 projekten//NN|NEU|PLU|DEF|NOM//nmod//67 i//PP//case//71 programmet//NN|NEU|SIN|DEF|NOM//nmod//69 leds//VB|PRS|SFO//conj//22 av//PP//case//74 företrädare//NN|UTR|PLU|IND|NOM//obl:agent//72 för//PP//case//76 industrin//NN|UTR|SIN|DEF|NOM//nmod//74 och//KN//cc//85 att//IE//mark//85 mer//AB|KOM//advmod//81 än//KN//fixed//79 70//RG|NOM//nummod//82 procent//NN|UTR|PLU|IND|NOM//nsubj//85 av//PP//case//84 projekten//NN|NEU|PLU|DEF|NOM//nmod//82 handlar//VB|PRS|AKT//conj//72 om//PP//case//88 tillämpad//PC|PRF|UTR|SIN|IND|NOM//amod//88 forskning//NN|UTR|SIN|IND|NOM//obl//85 ,//MID//punct//90 utveckling//NN|UTR|SIN|IND|NOM//conj//88 eller//KN//cc//92 demonstration//NN|UTR|SIN|IND|NOM//conj//88 .//MID//punct//22
Sammanfattning;Vidare//AB|KOM//advmod//22 är//VB|PRS|AKT//cop//96 erfarenheten//NN|UTR|SIN|DEF|NOM//nsubj//103 av//PP//case//98 samverkan//NN|UTR|SIN|IND|NOM//nmod//96 med//PP//case//100 näringslivet//NN|NEU|SIN|DEF|NOM//nmod//98 minst//AB|SUV//advmod//102 lika//AB//advmod//103 omfattande//PC|PRS|UTR/NEU|SIN/PLU|IND/DEF|NOM//csubj//22 bland//PP//case//105 energiforskare//NN|UTR|PLU|IND|NOM//obl//103 som//HP|-|-|-//mark//112 inom//PP//case//112 annan//JJ|POS|UTR|SIN|IND|NOM//amod//112 teknisk//JJ|POS|UTR|SIN|IND|NOM//amod//112 och//KN//cc//111 naturvetenskaplig//JJ|POS|UTR|SIN|IND|NOM//conj//109 forskning//NN|UTR|SIN|IND|NOM//acl//105 .//MAD//punct//22

