Uppdraget;Enligt//PP//case//1 direktiven//NN|NEU|PLU|DEF|NOM//obl//4 skall//VB|PRS|AKT//aux//4 jag//PN|UTR|SIN|DEF|SUB//nsubj//4 utreda//VB|INF|AKT//ROOT//4 behovet//NN|NEU|SIN|DEF|NOM//obj//4 av//PP//case//8 en//DT|UTR|SIN|IND//det//8 samordning//NN|UTR|SIN|IND|NOM//nmod//5 mellan//PP//case//10 lagstiftningen//NN|UTR|SIN|DEF|NOM//nmod//8 för//PP//case//12 radio-//NN|UTR|-|-|SMS//nmod//10 ,//MID//punct//14 TV-//NN|UTR|-|-|SMS//conj//12 och//KN//cc//16 televerksamhet//NN|UTR|SIN|IND|NOM//conj//12 samt//KN//cc//18 bedöma//VB|INF|AKT//conj//4 om//SN//mark//24 det//PN|NEU|SIN|DEF|SUB/OBJ//expl//24 i//PP//case//23 detta//DT|NEU|SIN|DEF//det//23 sammanhang//NN|NEU|SIN|IND|NOM//obl//24 behövs//VB|PRS|SFO//advcl//18 ytterligare//JJ|KOM|UTR/NEU|SIN/PLU|IND/DEF|NOM//amod//26 lagstiftning//NN|UTR|SIN|IND|NOM//nsubj:pass//24 för//PP//mark//29 att//IE//mark//29 säkerställa//VB|INF|AKT//advcl//24 yttrandefrihet//NN|UTR|SIN|IND|NOM//obj//29 ,//MID//punct//32 tillgänglighet//NN|UTR|SIN|IND|NOM//conj//30 och//KN//cc//34 mångfald//NN|UTR|SIN|IND|NOM//conj//30 och//KN//cc//38 för//PP//mark//38 att//IE//mark//38 motverka//VB|INF|AKT//conj//29 skadliga//JJ|POS|UTR/NEU|PLU|IND/DEF|NOM//amod//40 konkurrensbegränsningar//NN|UTR|PLU|IND|NOM//obj//38 .//MAD//punct//4
Uppdraget;Jag//PN|UTR|SIN|DEF|SUB//nsubj//45 skall//VB|PRS|AKT//aux//45 vidare//AB|KOM//advmod//45 ge//VB|INF|AKT//conj//4 förslag//NN|NEU|SIN|IND|NOM//obj//45 till//PP//mark//55 hur//HA//advmod//55 det//DT|NEU|SIN|DEF//det//51 fortsatta//PC|PRF|UTR/NEU|SIN|DEF|NOM//amod//51 arbetet//NN|NEU|SIN|DEF|NOM//nsubj:pass//55 med//PP//case//53 konvergensfrågorna//NN|UTR|PLU|DEF|NOM//nmod//51 bör//VB|PRS|AKT//aux//55 bedrivas//VB|INF|SFO//advcl//45 .//MAD//punct//45
Uppdraget;Till//PP//case//4 grund//NN|UTR|SIN|IND|NOM//fixed//0 för//PP//fixed//0 mina//PS|UTR/NEU|PLU|DEF//nmod:poss//4 överväganden//NN|NEU|PLU|IND|NOM//obl//6 skall//VB|PRS|AKT//aux//6 ligga//VB|INF|AKT//ROOT//6 en//DT|UTR|SIN|IND//det//8 beskrivning//NN|UTR|SIN|IND|NOM//obj//6 av//PP//case//10 utvecklingen//NN|UTR|SIN|DEF|NOM//nmod//8 av//PP//case//13 elektroniska//JJ|POS|UTR/NEU|PLU|IND/DEF|NOM//amod//13 informationstjänster//NN|UTR|PLU|IND|NOM//nmod//10 .//MAD//punct//6
Uppdraget;Mot//PP//case//17 denna//DT|UTR|SIN|DEF//det//17 bakgrund//NN|UTR|SIN|IND|NOM//obl//20 skall//VB|PRS|AKT//aux//20 jag//PN|UTR|SIN|DEF|SUB//nsubj//20 kartlägga//VB|INF|AKT//parataxis//6 och//KN//cc//22 analysera//VB|INF|AKT//conj//20 i//PP//case//27 vilken//HD|UTR|SIN|IND//det//27 mån//NN|UTR|SIN|IND|NOM//fixed//24 nuvarande//PC|PRS|UTR/NEU|SIN/PLU|IND/DEF|NOM//amod//27 lagstiftning//NN|UTR|SIN|IND|NOM//obl//22 är//VB|PRS|AKT//cop//29 tillämplig//JJ|POS|UTR|SIN|IND|NOM//conj//20 på//PP//case//32 elektroniska//JJ|POS|UTR/NEU|PLU|IND/DEF|NOM//amod//32 informationstjänster//NN|UTR|PLU|IND|NOM//obl//29 samt//KN//cc//36 hur//HA//advmod//36 lagstiftningen//NN|UTR|SIN|DEF|NOM//nsubj//36 påverkar//VB|PRS|AKT//conj//20 utformningen//NN|UTR|SIN|DEF|NOM//obj//36 ,//MID//punct//39 användningen//NN|UTR|SIN|DEF|NOM//conj//37 och//KN//cc//41 distributionen//NN|UTR|SIN|DEF|NOM//conj//37 av//PP//case//43 dem//PN|UTR/NEU|PLU|DEF|OBJ//nmod//41 .//MAD//punct//6
Uppdraget;Jag//PN|UTR|SIN|DEF|SUB//nsubj//50 har//VB|PRS|AKT//aux//50 i//PP//case//49 detta//DT|NEU|SIN|DEF//det//49 sammanhang//NN|NEU|SIN|IND|NOM//obl//50 valt//VB|SUP|AKT//conj//6 att//IE//mark//52 tolka//VB|INF|AKT//xcomp//50 begreppet//NN|NEU|SIN|DEF|NOM//nmod//55 elektroniska//JJ|POS|UTR/NEU|PLU|IND/DEF|NOM//amod//55 informationstjänster//NN|UTR|PLU|IND|NOM//obj//52 i//PP//case//58 vid//JJ|POS|UTR|SIN|IND|NOM//case//58 bemärkelse//NN|UTR|SIN|IND|NOM//obl//52 med//PP//case//60 fokus//NN|NEU|SIN|IND|NOM//nmod//58 på//PP//case//62 utveckling//NN|UTR|SIN|IND|NOM//nmod//60 och//KN//cc//64 tillhandahållande//NN|NEU|SIN|IND|NOM//conj//60 av//PP//case//66 tjänster//NN|UTR|PLU|IND|NOM//obl//64 och//KN//cc//68 infrastruktur//NN|UTR|SIN|IND|NOM//conj//66 inom//PP//case//72 ramen//NN|UTR|SIN|DEF|NOM//fixed//69 för//PP//fixed//69 IT-//NN|UTR|SIN|IND|NOM//obl//52 ,//MID//punct//74 tele-//NN|UTR|-|-|SMS//conj//72 ,//MID//punct//77 och//KN//cc//77 medieverksamheter//NN|UTR|PLU|IND|NOM//conj//50 .//MAD//punct//77
Uppdraget;Tjänster//NN|UTR|PLU|IND|NOM//nsubj:pass//86 som//HP|-|-|-//nsubj//82 är//VB|PRS|AKT//cop//82 förknippade//PC|PRF|UTR/NEU|PLU|IND/DEF|NOM//acl:relcl//79 med//PP//case//85 fysiska//JJ|POS|UTR/NEU|PLU|IND/DEF|NOM//amod//85 databärare//NN|UTR|PLU|IND|NOM//obl//82 lämnas//VB|PRS|SFO//parataxis//6 dock//AB//advmod//86 huvudsakligen//AB//advmod//86 utanför//PP//case//91 denna//DT|UTR|SIN|DEF//det//91 framställning//NN|UTR|SIN|IND|NOM//obl//86 .//MAD//punct//86
Uppdraget;I//PP//case//94 direktiven//NN|NEU|PLU|DEF|NOM//obl//95 framhålls//VB|PRS|SFO//conj//86 vidare//AB|KOM//advmod//95 att//SN//mark//100 jag//PN|UTR|SIN|DEF|SUB//nsubj//100 skall//VB|PRS|AKT//aux//100 följa//VB|INF|AKT//ccomp//95 och//KN//cc//102 beakta//VB|INF|AKT//conj//100 det//DT|NEU|SIN|DEF//det//105 pågående//PC|PRS|UTR/NEU|SIN/PLU|IND/DEF|NOM//amod//105 arbetet//NN|NEU|SIN|DEF|NOM//obj//102 inom//PP//case//107 EU//PM|NOM//obl//102 .//MAD//punct//112
Uppdraget;Jag//PN|UTR|SIN|DEF|SUB//nsubj//112 har//VB|PRS|AKT//aux//112 därutöver//AB//advmod//112 funnit//VB|SUP|AKT//conj//86 det//PN|NEU|SIN|DEF|SUB/OBJ//expl//112 värdefullt//JJ|POS|NEU|SIN|IND|NOM//advmod//112 både//KN//cc//117 för//PP//case//117 utredningsarbetet//NN|NEU|SIN|DEF|NOM//obl//112 och//KN//cc//122 för//PP//case//122 det//DT|NEU|SIN|DEF//det//122 fortsatta//PC|PRF|UTR/NEU|SIN|DEF|NOM//amod//122 arbetet//NN|NEU|SIN|DEF|NOM//conj//117 med//PP//case//124 konvergensfrågorna//NN|UTR|PLU|DEF|NOM//nmod//122 att//IE//mark//127 särskilt//AB//advmod//127 redovisa//VB|INF|AKT//acl//122 hur//HA//advmod//131 dessa//DT|UTR/NEU|PLU|DEF//det//130 frågor//NN|UTR|PLU|IND|NOM//nsubj:pass//131 behandlas//VB|PRS|SFO//ccomp//127 i//PP//case//135 ett//DT|NEU|SIN|IND//det//134 antal//NN|NEU|SIN|IND|NOM//nmod//135 länder//NN|NEU|PLU|IND|NOM//obl//131 .//MAD//punct//86

Konvergensfenomenet;Konvergens//NN|UTR|SIN|IND|NOM//nsubj//21 som//KN//obl//4 fenomen//NN|NEU|SIN|IND|NOM//nsubj:pass//4 kan//VB|PRS|AKT//aux//4 beskrivas//VB|INF|SFO//acl:relcl//0 på//PP//case//7 olika//JJ|POS|UTR/NEU|PLU|IND/DEF|NOM//amod//7 sätt//NN|NEU|PLU|IND|NOM//obl//4 beroende//PC|PRS|UTR/NEU|SIN/PLU|IND/DEF|NOM//case//11 på//PP//fixed//8 vilket//HD|NEU|SIN|IND//det//11 perspektiv//NN|NEU|SIN|IND|NOM//obl//4 som//HP|-|-|-//nsubj:pass//13 diskuteras//VB|PRS|SFO//acl:relcl//11 ,//MID//punct//0 och//KN//cc//19 graden//NN|UTR|SIN|DEF|NOM//nsubj//19 av//PP//case//18 komplexitet//NN|UTR|SIN|IND|NOM//nmod//16 varierar//VB|PRS|AKT//conj//0 .//MAD//punct//0
Konvergensfenomenet;Grundläggande//PC|PRS|UTR/NEU|SIN/PLU|IND/DEF|NOM//csubj//24 är//VB|PRS|AKT//cop//24 de//DT|UTR/NEU|PLU|DEF//det//24 förutsättningar//NN|UTR|PLU|IND|NOM//ROOT//24 som//HP|-|-|-//obj//28 tekniska//JJ|POS|UTR/NEU|SIN|DEF|NOM//amod//27 utvecklingen//NN|UTR|SIN|DEF|NOM//nsubj//28 medför//VB|PRS|AKT//acl:relcl//24 för//PP//case//30 konvergens//NN|UTR|SIN|IND|NOM//obl//28 (//PAD//punct//32 sammansmältning//NN|UTR|SIN|IND|NOM//appos//30 )//PAD//punct//32 av//PP//case//35 infrastrukturer//NN|UTR|PLU|IND|NOM//nmod//30 ,//MID//punct//37 tjänster//NN|UTR|PLU|IND|NOM//conj//35 och//KN//cc//39 apparater//NN|UTR|PLU|IND|NOM//conj//35 .//MAD//punct//24
Konvergensfenomenet;Till//PP//case//42 detta//PN|NEU|SIN|DEF|SUB/OBJ//obl//43 kommer//VB|PRS|AKT//parataxis//24 de//DT|UTR/NEU|PLU|DEF//det//45 marknadsrörelser//NN|UTR|PLU|IND|NOM//nsubj//43 som//HP|-|-|-//nsubj//47 innebär//VB|PRS|AKT//acl:relcl//45 att//SN//mark//53 aktörer//NN|UTR|PLU|IND|NOM//nsubj//53 inom//PP//case//52 olika//JJ|POS|UTR/NEU|PLU|IND/DEF|NOM//amod//52 sektorer//NN|UTR|PLU|IND|NOM//nmod//49 engagerar//VB|PRS|AKT//ccomp//47 sig//PN|UTR/NEU|SIN/PLU|DEF|OBJ//obj//53 i//PP//case//60 en//RG|UTR|SIN|IND|NOM//det//60 eller//KN//cc//58 flera//JJ|POS|UTR/NEU|PLU|IND|NOM//conj//56 angränsande//PC|PRS|UTR/NEU|SIN/PLU|IND/DEF|NOM//amod//60 sektorer//NN|UTR|PLU|IND|NOM//obl//53 .//MAD//punct//53
Konvergensfenomenet;Utifrån//PP//case//64 Konvergensutredningens//NN|UTR|SIN|DEF|GEN//nmod:poss//64 uppdrag//NN|NEU|SIN|IND|NOM//obl//67 är//VB|PRS|AKT//cop//67 det//PN|NEU|SIN|DEF|SUB/OBJ//expl//67 relevant//JJ|POS|NEU|SIN|IND|NOM//obj//53 att//IE//mark//69 beskriva//VB|INF|AKT//acl//67 konvergensens//NN|UTR|SIN|DEF|GEN//nmod:poss//71 effekter//NN|UTR|PLU|IND|NOM//obj//69 i//PP//case//73 förhållande//NN|NEU|SIN|IND|NOM//obl//69 till//PP//case//75 nätkonvergens//NN|UTR|SIN|DEF|GEN//nmod//73 ,//MID//punct//75 tjänstekonvergens//NN|UTR|SIN|DEF|GEN//conj//75 ,//MID//punct//79 apparatkonvergens//NN|UTR|SIN|DEF|GEN//conj//75 och//KN//cc//81 marknadskonvergens//NN|UTR|SIN|DEF|GEN//conj//75 .//MAD//punct//24
Konvergensfenomenet;Nätkonvergens//NN|UTR|SIN|DEF|GEN//nsubj:pass//4 ://MID//punct//0
Konvergensfenomenet;Med//PP//case//3 nätkonvergens//NN|UTR|SIN|DEF|GEN//obl//4 avses//VB|PRS|SFO//ROOT//4 att//SN//mark//10 olika//JJ|POS|UTR/NEU|PLU|IND/DEF|NOM//amod//10 och//KN//cc//8 traditionellt//AB|POS//advmod//9 skilda//PC|PRF|UTR/NEU|PLU|IND/DEF|NOM//amod//10 infrastrukturer//NN|UTR|PLU|IND|NOM//nsubj:pass//19 för//PP//case//12 distribution//NN|UTR|SIN|IND|NOM//nmod//10 av//PP//case//15 olika//JJ|POS|UTR/NEU|PLU|IND/DEF|NOM//amod//15 typer//NN|UTR|PLU|IND|NOM//nmod//12 av//PP//case//17 tjänster//NN|UTR|PLU|IND|NOM//nmod//15 kan//VB|PRS|AKT//aux//19 integreras//VB|INF|SFO//ccomp//4 och//KN//cc//21 bära//VB|INF|AKT//conj//19 ”//PM|NOM//punct//19 varandras//PS|UTR/NEU|SIN/PLU|DEF//nmod:poss//25 ”//PAD//punct//25 tjänster//NN|UTR|PLU|IND|NOM//obl//19 .//MAD//punct//25
Konvergensfenomenet;Framför//PP//advmod//29 allt//PN|NEU|SIN|IND|SUB/OBJ//fixed//27 handlar//VB|PRS|AKT//conj//19 det//PN|NEU|SIN|DEF|SUB/OBJ//nsubj//29 å//PP//advmod//29 ena//JJ|POS|UTR/NEU|SIN/PLU|IND/DEF|NOM//amod//33 sidan//NN|UTR|SIN|DEF|NOM//fixed//31 om//PP//case//35 infrastrukturer//NN|UTR|PLU|IND|NOM//nmod//33 avsedda//PC|PRF|UTR/NEU|PLU|IND/DEF|NOM//amod//35 för//PP//case//39 privat//JJ|POS|UTR|SIN|IND|NOM//amod//39 kommunikation//NN|UTR|SIN|IND|NOM//obl//36 ,//MID//punct//29 t.ex.//AB|AN//advmod//42 telenät//NN|NEU|SIN|IND|NOM//appos//29 och//KN//cc//44 mobiltelenät//NN|NEU|SIN|IND|NOM//conj//42 ,//MID//punct//29 och//KN//cc//50 ,//MID//punct//50 å//PP//case//50 andra//JJ|POS|UTR/NEU|SIN|DEF|NOM//amod//50 sidan//NN|UTR|SIN|DEF|NOM//conj//29 ,//MID//punct//29 om//PP//mark//54 infrastrukturer//NN|UTR|PLU|IND|NOM//nsubj//54 avsedda//PC|PRF|UTR/NEU|PLU|IND/DEF|NOM//advcl//29 för//PP//case//57 enkelriktad//PC|PRF|UTR|SIN|IND|NOM//amod//57 förmedling//NN|UTR|SIN|IND|NOM//obl//54 av//PP//case//59 information//NN|UTR|SIN|IND|NOM//nmod//57 till//PP//case//61 allmänheten//NN|UTR|SIN|DEF|NOM//nmod//59 ,//MID//punct//29 t.ex.//AB|AN//advmod//64 marknät//NN|NEU|SIN|IND|NOM//nsubj//69 ,//MID//punct//66 kabelnät//NN|NEU|PLU|IND|NOM//conj//64 och//KN//cc//68 satellitsystem//NN|NEU|PLU|IND|NOM//conj//64 avsedda//PC|PRF|UTR/NEU|PLU|IND/DEF|NOM//parataxis//29 för//PP//case//71 ljudradio//NN|UTR|SIN|IND|NOM//obl//69 och//KN//cc//75 ///MID//cc//75 eller//KN//cc//75 television//NN|UTR|SIN|IND|NOM//conj//71 .//MAD//punct//4
Konvergensfenomenet;Tjänstekonvergens//NN|NEU|PLU|DEF|GEN//nsubj//3 ://MID//punct//0
Konvergensfenomenet;Tjänstekonvergens//NN|NEU|PLU|DEF|GEN//nsubj//3 innebär//VB|PRS|AKT//ROOT//3 i//PP//case//6 olika//JJ|POS|UTR/NEU|PLU|IND/DEF|NOM//amod//6 avseenden//NN|NEU|PLU|IND|NOM//obl//3 en//DT|UTR|SIN|IND//det//8 sammansmältning//NN|UTR|SIN|IND|NOM//obj//3 av//PP//case//11 olika//JJ|POS|UTR/NEU|PLU|IND/DEF|NOM//amod//11 tjänstetyper//NN|UTR|PLU|IND|NOM//nmod//8 .//MAD//punct//3
Konvergensfenomenet;Det//PN|NEU|SIN|DEF|SUB/OBJ//nsubj//14 handlar//VB|PRS|AKT//parataxis//3 i//PP//advmod//14 huvudsak//NN|UTR|SIN|IND|NOM//fixed//15 dels//KN//advmod//19 om//PP//case//19 kommunikationstjänster//NN|UTR|PLU|IND|NOM//obl//14  //_SP////19 som//HP|-|-|-//nsubj//22 förmedlar//VB|PRS|AKT//acl:relcl//19 information//NN|UTR|SIN|IND|NOM//obj//22 mellan//PP//case//25 användare//NN|UTR|PLU|IND|NOM//nmod//23 (//PAD//punct//25 t.ex.//AB|AN//advmod//28 telefoni//NN|UTR|SIN|IND|NOM//appos//25 ,//MID//punct//30 fax//NN|UTR|SIN|IND|NOM//conj//25 ,//MID//punct//32 videokonferens//NN|UTR|SIN|IND|NOM//conj//25 och//KN//cc//34 e-post//NN|UTR|SIN|IND|NOM//conj//25 )//PAD//punct//14 ,//MID//punct//39 dels//KN//advmod//39 om//PP//case//39 innehållstjänster//NN|UTR|PLU|IND|NOM//obl//3  //_SP////39 där//HA//advmod//43 någon//PN|UTR|SIN|IND|SUB/OBJ//nsubj//43 tillhandahåller//VB|PRS|AKT//acl:relcl//39 ///MID//cc//45 förmedlar//VB|PRS|AKT//conj//43 ett//DT|NEU|SIN|IND//det//48 visst//JJ|POS|NEU|SIN|IND|NOM//amod//48 innehåll//NN|NEU|SIN|IND|NOM//obj//45 för//PP//case//50 andra//PN|UTR/NEU|PLU|IND|SUB/OBJ//obl//45 att//IE//mark//52 ta//VB|INF|AKT//acl//50 del//NN|UTR|SIN|IND|NOM//obj//52 av//PP//case//52 (//PAD//punct//39 t.ex.//AB|AN//advmod//57 ljudradio//NN|UTR|SIN|IND|NOM//appos//39 och//KN//cc//59 television//NN|UTR|SIN|IND|NOM//conj//57 ,//MID//punct//61 informationsdatabaser//NN|UTR|PLU|IND|NOM//conj//57 och//KN//cc//63 webbplatser//NN|UTR|PLU|IND|NOM//conj//57 på//PP//case//65 Internet//NN|NEU|SIN|DEF|NOM//obl//39 )//PAD//punct//39 .//MAD//punct//3
Konvergensfenomenet;Därutöver//AB//advmod//69 medför//VB|PRS|AKT//parataxis//3 tjänstekonvergensen//NN|UTR|SIN|DEF|NOM//nsubj//69 även//AB//mark//83 att//SN//fixed//71 information//NN|UTR|SIN|IND|NOM//nsubj:pass//83 som//HP|-|-|-//nsubj//77 tidigare//AB|KOM//advmod//77 varit//VB|SUP|AKT//cop//77 förbunden//PC|PRF|UTR|SIN|IND|NOM//acl:relcl//73 med//PP//case//81 ett//DT|NEU|SIN|IND//det//81 visst//JJ|POS|NEU|SIN|IND|NOM//amod//81 medium//NN|NEU|SIN|IND|NOM//nmod//77 numera//AB//advmod//83 tillhandahålls//VB|PRS|SFO//advcl//69 via//PP//case//86 alternativa//JJ|POS|UTR/NEU|PLU|IND/DEF|NOM//amod//86 medier//NN|NEU|PLU|IND|NOM//obl//83 (//PAD//punct//86 t.ex.//AB|AN//advmod//89 böcker//NN|UTR|PLU|IND|NOM//appos//86 på//PP//case//91 CD//PM|NOM//nmod//89 ,//MID//punct//93 hyrvideokassetter//NN|UTR|PLU|IND|NOM//conj//69 som//HP|-|-|-//case//95 video-on-demand-tjänster//NN|UTR|PLU|IND|NOM//obl//93 samt//KN//cc//97 dagstidningar//NN|UTR|PLU|IND|NOM//conj//95 och//KN//cc//99 tidskrifter//NN|UTR|PLU|IND|NOM//conj//95 som//KN//case//102 elektroniska//JJ|POS|UTR/NEU|PLU|IND/DEF|NOM//amod//102 tjänster//NN|UTR|PLU|IND|NOM//xcomp//69 över//PP//case//104 World//PM|NOM//nmod//102 Wide//PM|NOM//flat//104 Webb//PM|NOM//flat//104 )//PAD//punct//69 .//MAD//punct//69
Konvergensfenomenet;Apparatkonvergens//NN|UTR|SIN|IND|NOM//nsubj//4 ://MID//punct//0
Konvergensfenomenet;Med//PP//case//3 apparatkonvergens//NN|UTR|SIN|IND|NOM//obl//4 avses//VB|PRS|SFO//ROOT//4 sammansmältningen//NN|UTR|SIN|DEF|NOM//obj//4 mellan//PP//case//8 olika//JJ|POS|UTR/NEU|PLU|IND/DEF|NOM//amod//8 apparater//NN|UTR|PLU|IND|NOM//obl//4 som//HP|-|-|-//nsubj:pass//10 används//VB|PRS|SFO//acl:relcl//8 för//PP//case//13 olika//JJ|POS|UTR/NEU|PLU|IND/DEF|NOM//amod//13 typer//NN|UTR|PLU|IND|NOM//obl//10 av//PP//case//15 tjänster//NN|UTR|PLU|IND|NOM//nmod//13 .//MAD//punct//4
Konvergensfenomenet;Det//PN|NEU|SIN|DEF|SUB/OBJ//nsubj//20 kan//VB|PRS|AKT//aux//20 t.ex.//AB|AN//advmod//20 handla//VB|INF|AKT//parataxis//4 om//PP//case//22 telefoner//NN|UTR|PLU|IND|NOM//obl//20 och//KN//cc//24 ljudradiomottagare//NN|UTR|PLU|IND|NOM//conj//22 som//HP|-|-|-//nsubj:pass//28 även//AB//advmod//28 kan//VB|PRS|AKT//aux//28 användas//VB|INF|SFO//acl:relcl//24 som//KN//mark//30 mottagare//NN|UTR|SIN|IND|NOM//xcomp//28 av//PP//case//32 text//NN|UTR|SIN|IND|NOM//nmod//30 och//KN//cc//35 rörliga//JJ|POS|UTR/NEU|PLU|IND/DEF|NOM//amod//35 bilder//NN|UTR|PLU|IND|NOM//conj//32 ,//MID//punct//37 TV-mottagare//NN|UTR|PLU|IND|NOM//conj//32 och//KN//cc//39 mobiltelefoner//NN|UTR|PLU|IND|NOM//conj//32 som//HP|-|-|-//nsubj:pass//42 kan//VB|PRS|AKT//aux//42 användas//VB|INF|SFO//acl:relcl//39 för//PP//case//44 informationsbehandling//NN|UTR|SIN|IND|NOM//obl//42 likt//AB//case//46 datorer//NN|UTR|PLU|IND|NOM//nmod//44 och//KN//cc//48 datorer//NN|UTR|PLU|IND|NOM//conj//46 som//HP|-|-|-//nsubj//51 kan//VB|PRS|AKT//aux//51 fungera//VB|INF|AKT//acl:relcl//48 som//KN//case//53 TV-mottagare//NN|UTR|SIN|IND|NOM//obl//51 .//MAD//punct//20
Konvergensfenomenet;Marknadskonvergens//NN|UTR|SIN|DEF|GEN//ROOT//0 ://MID//punct//0
Konvergensfenomenet;Konvergensen//NN|UTR|SIN|DEF|NOM//nsubj//10 vad//HP|NEU|SIN|IND//nsubj//4 gäller//VB|PRS|AKT//acl:relcl//2 nätverk//NN|NEU|PLU|IND|NOM//obj//4 ,//MID//punct//7 tjänster//NN|UTR|PLU|IND|NOM//conj//5 och//KN//cc//9 apparater//NN|UTR|PLU|IND|NOM//conj//5 gör//VB|PRS|AKT//parataxis//0 det//PN|NEU|SIN|DEF|SUB/OBJ//obj//10 både//KN//cc//13 möjligt//JJ|POS|NEU|SIN|IND|NOM//xcomp//10 och//KN//cc//15 intressant//JJ|POS|NEU|SIN|IND|NOM//conj//13 och//KN//cc//20 i//PP//case//19 viss//JJ|POS|UTR|SIN|IND|NOM//amod//19 utsträckning//NN|UTR|SIN|IND|NOM//obl//20 nödvändigt//JJ|POS|NEU|SIN|IND|NOM//conj//13 för//PP//case//22 företag//NN|NEU|PLU|IND|NOM//obl//20 som//HP|-|-|-//nsubj//26 tidigare//AB|KOM//advmod//26 varit//VB|SUP|AKT//cop//26 verksamma//JJ|POS|UTR/NEU|PLU|IND/DEF|NOM//acl:relcl//22 inom//PP//case//30 en//DT|UTR|SIN|IND//det//30 viss//JJ|POS|UTR|SIN|IND|NOM//amod//30 sektor//NN|UTR|SIN|IND|NOM//obl//26 att//IE//mark//35 på//PP//case//34 olika//JJ|POS|UTR/NEU|PLU|IND/DEF|NOM//amod//34 sätt//NN|NEU|PLU|IND|NOM//obl//35 engagera//VB|INF|AKT//acl//30 sig//PN|UTR/NEU|SIN/PLU|DEF|OBJ//obj//35 i//PP//case//42 en//RG|UTR|SIN|IND|NOM//det//42 eller//KN//cc//40 flera//JJ|POS|UTR/NEU|PLU|IND|NOM//conj//38 angränsande//PC|PRS|UTR/NEU|SIN/PLU|IND/DEF|NOM//amod//42 sektorer//NN|UTR|PLU|IND|NOM//obl//35 .//MAD//punct//10
Konvergensfenomenet;Det//PN|NEU|SIN|DEF|SUB/OBJ//expl//47 kan//VB|PRS|AKT//aux//47 t.ex.//AB|AN//advmod//47 handla//VB|INF|AKT//conj//10 om//PP//case//49 teleföretag//NN|NEU|PLU|IND|NOM//obl//47 som//KN//nsubj//53 genom//PP//mark//53 att//IE//mark//53 producera//VB|INF|AKT//acl:relcl//49 ///MID//cc//55 tillhandahålla//VB|INF|AKT//conj//53 ///MID//cc//57 förmedla//VB|INF|AKT//conj//53 innehållstjänster//NN|UTR|PLU|IND|NOM//obj//57 rör//VB|PRS|AKT//conj//47 sig//PN|UTR/NEU|SIN/PLU|DEF|OBJ//obj//59 in//PL//advmod//59 på//PP//case//63 mediemarknaden//NN|UTR|SIN|DEF|NOM//obl//59 ,//MID//punct//65 medieföretag//NN|NEU|SIN|IND|NOM//parataxis//47 som//HP|-|-|-//nsubj//67 investerar//VB|PRS|AKT//acl:relcl//65 i//PP//case//69 infrastruktur//NN|UTR|SIN|IND|NOM//obl//67 samt//KN//cc//71 IT-företag//NN|NEU|PLU|IND|NOM//conj//69 som//HP|-|-|-//nsubj//73 agerar//VB|PRS|AKT//acl:relcl//71 på//PP//case//75 tele-//NN|UTR|-|-|SMS//obl//73 och//KN//cc//77 mediemarknaderna//NN|UTR|PLU|DEF|NOM//conj//75 genom//PP//mark//80 att//IE//mark//80 erbjuda//VB|INF|AKT//advcl//73 kommunikationsutrustning//NN|UTR|SIN|IND|NOM//obj//80 samt//KN//cc//83 producera//VB|INF|AKT//conj//80 innehållstjänster//NN|UTR|PLU|IND|NOM//obj//83 .//MAD//punct//65
Konvergensfenomenet;Till//PP//case//87 detta//PN|NEU|SIN|DEF|SUB/OBJ//obl//88 kommer//VB|PRS|AKT//advmod//65 nya//JJ|POS|UTR/NEU|PLU|IND/DEF|NOM//amod//90 företag//NN|NEU|PLU|IND|NOM//nsubj//88 som//HP|-|-|-//nsubj//92 växer//VB|PRS|AKT//acl:relcl//90 upp//PL//compound:prt//92 fristående//PC|PRS|UTR/NEU|SIN/PLU|IND/DEF|NOM//xcomp//92 från//PP//case//98 de//DT|UTR/NEU|PLU|DEF//det//98 traditionella//JJ|POS|UTR/NEU|PLU|IND/DEF|NOM//amod//98 sektorerna//NN|UTR|PLU|DEF|NOM//obl//92 och//KN//cc//100 tillhandahåller//VB|PRS|AKT//conj//88 olika//JJ|POS|UTR/NEU|PLU|IND/DEF|NOM//amod//102 typer//NN|UTR|PLU|IND|NOM//obj//100 av//PP//case//104 multimedietjänster//NN|UTR|PLU|IND|NOM//nmod//102 .//MAD//punct//10
Konvergensfenomenet;De//DT|UTR/NEU|PLU|DEF//det//2 rättsliga//JJ|POS|UTR/NEU|PLU|IND/DEF|NOM//amod//2 konsekvenserna//NN|UTR|PLU|DEF|NOM//nsubj//5 av//PP//case//4 konvergensutvecklingen//NN|UTR|SIN|DEF|NOM//nmod//2 visar//VB|PRS|AKT//ROOT//5 sig//PN|UTR/NEU|SIN/PLU|DEF|OBJ//obj//5 genom//PP//mark//13 att//SN//mark//13 det//PN|NEU|SIN|DEF|SUB/OBJ//expl//13 mot//PP//case//12 denna//DT|UTR|SIN|DEF//det//12 bakgrund//NN|UTR|SIN|IND|NOM//obl//13 blir//VB|PRS|AKT//advcl//5 allt//AB//advmod//15 svårare//JJ|KOM|UTR/NEU|SIN/PLU|IND/DEF|NOM//xcomp//13 att//IE//mark//17 skilja//VB|INF|AKT//acl//15 mellan//PP//case//24 de//DT|UTR/NEU|PLU|DEF//det//24 tidigare//AB|KOM//advmod//21 relativt//AB|POS//advmod//22 klart//AB|POS//advmod//23 avgränsade//PC|PRF|UTR/NEU|PLU|IND/DEF|NOM//amod//24 IT-//NN|UTR|PLU|IND|NOM//obl//17 ,//MID//punct//26 tele-//NN|UTR|-|-|SMS//conj//24 och//KN//cc//28 mediemarknaderna//NN|UTR|PLU|DEF|NOM//conj//24 ://MID//punct//13
Konvergensfenomenet;en//RG|UTR|SIN|IND|NOM//det//33 och//KN//cc//32 samma//DT|UTR/NEU|SIN/PLU|IND//conj//30 tjänst//NN|UTR|SIN|IND|NOM//nsubj:pass//36 kan//VB|PRS|AKT//aux//36 t.ex.//AB|AN//advmod//36 omfattas//VB|INF|SFO//parataxis//13 av//PP//case//43 olika//JJ|POS|UTR/NEU|PLU|IND/DEF|NOM//amod//43 ,//MID//punct//41 eventuellt//AB|POS//advmod//41 flera//JJ|POS|UTR/NEU|PLU|IND|NOM//conj//38 ,//MID//punct//43 regelverk//NN|NEU|PLU|IND|NOM//obl:agent//36 beroende//PC|PRS|UTR/NEU|SIN/PLU|IND/DEF|NOM//mark//47 på//PP//fixed//44 vilket//HD|NEU|SIN|IND//det//47 medium//NN|NEU|SIN|IND|NOM//nmod//43 eller//KN//cc//50 vilken//HD|UTR|SIN|IND//det//50 kommunikationskanal//NN|UTR|SIN|IND|NOM//conj//47 som//HP|-|-|-//nsubj:pass//52 används//VB|PRS|SFO//acl:relcl//50 för//PP//case//55 dess//PS|UTR/NEU|SIN/PLU|DEF//nmod:poss//55 förmedling//NN|UTR|SIN|IND|NOM//obl//52 till//PP//case//57 mottagaren//NN|UTR|SIN|DEF|NOM//nmod//55 eller//KN//cc//63 på//PP//case//61 vilket//HD|NEU|SIN|IND//det//61 sätt//NN|NEU|SIN|IND|NOM//obl//63 mottagaren//NN|UTR|SIN|DEF|NOM//nsubj//63 tar//VB|PRS|AKT//conj//47 del//NN|UTR|SIN|IND|NOM//obj//63 av//PP//case//66 tjänsten//NN|UTR|SIN|DEF|NOM//obl//63 .//MAD//punct//5
Konvergensfenomenet;Detta//PN|NEU|SIN|DEF|SUB/OBJ//nsubj//70 skall//VB|PRS|AKT//aux//70 ses//VB|INF|SFO//parataxis//5 mot//PP//case//72 bakgrund//NN|UTR|SIN|IND|NOM//obl//70 av//PP//mark//80 att//SN//mark//80 regelverken//NN|NEU|PLU|DEF|NOM//nsubj//80 för//PP//case//78 dessa//DT|UTR/NEU|PLU|DEF//det//78 sektorer//NN|UTR|PLU|IND|NOM//nmod//75 är//VB|PRS|AKT//cop//80 utformade//PC|PRF|UTR/NEU|PLU|IND/DEF|NOM//acl//72 med//PP//case//83 olika//JJ|POS|UTR/NEU|PLU|IND/DEF|NOM//amod//83 utgångspunkter//NN|UTR|PLU|IND|NOM//obl//80 ,//MID//punct//86 bakomliggande//PC|PRS|UTR/NEU|SIN/PLU|IND/DEF|NOM//amod//86 motiv//NN|NEU|PLU|IND|NOM//conj//83 och//KN//cc//89 ansvariga//JJ|POS|UTR/NEU|PLU|IND/DEF|NOM//amod//89 myndigheter//NN|UTR|PLU|IND|NOM//conj//83 .//MAD//punct//70
Konvergensfenomenet;Till//PP//case//92 detta//PN|NEU|SIN|DEF|SUB/OBJ//obl//99 kommer//VB|PRS|AKT//aux//99 att//SN//mark//99 den//DT|UTR|SIN|DEF//det//97 tekniska//JJ|POS|UTR/NEU|SIN|DEF|NOM//amod//97 utvecklingen//NN|UTR|SIN|DEF|NOM//nsubj//99 även//AB//advmod//99 medför//VB|PRS|AKT//advcl//70 nya//JJ|POS|UTR/NEU|PLU|IND/DEF|NOM//amod//101 typer//NN|UTR|PLU|IND|NOM//obj//99 av//PP//case//103 tjänster//NN|UTR|PLU|IND|NOM//nmod//101 och//KN//cc//105 företeelser//NN|UTR|PLU|IND|NOM//conj//103 och//KN//cc//108 nya//JJ|POS|UTR/NEU|PLU|IND/DEF|NOM//amod//108 möjligheter//NN|UTR|PLU|IND|NOM//conj//103 för//PP//mark//111 att//IE//mark//111 bedriva//VB|INF|AKT//acl//108 tele-//NN|UTR|-|-|SMS//obj//111 och//KN//cc//114 medieverksamhet//NN|UTR|SIN|IND|NOM//conj//112 ,//MID//punct//112 som//HP|-|-|-//nsubj//119 kan//VB|PRS|AKT//aux//119 vara//VB|INF|AKT//cop//119 svåra//JJ|POS|UTR/NEU|PLU|IND/DEF|NOM//acl:relcl//112 att//IE//mark//125 på//PP//case//124 ett//DT|NEU|SIN|IND//det//124 ändamålsenligt//JJ|POS|NEU|SIN|IND|NOM//amod//124 sätt//NN|NEU|SIN|IND|NOM//obl//125 inordna//VB|INF|AKT//acl//119 under//PP//case//128 gällande//PC|PRS|UTR/NEU|SIN/PLU|IND/DEF|NOM//amod//128 regelsystem//NN|NEU|PLU|IND|NOM//obl//125 .//MAD//punct//5
Konvergensfenomenet;Detta//PN|NEU|SIN|DEF|SUB/OBJ//nsubj//131 förändrar//VB|PRS|AKT//parataxis//5 inte//AB//advmod//131 enbart//AB//advmod//131 möjligheten//NN|UTR|SIN|DEF|NOM//obj//131 för//PP//case//137 nuvarande//PC|PRS|UTR/NEU|SIN/PLU|IND/DEF|NOM//amod//137 regelverk//NN|NEU|SIN|IND|NOM//nmod//134 att//IE//mark//139 fylla//VB|INF|AKT//acl//137 sin//PS|UTR|SIN|DEF//nmod:poss//141 uppgift//NN|UTR|SIN|IND|NOM//obj//139 utan//KN//cc//143 påverkar//VB|PRS|AKT//conj//139 också//AB//advmod//143 de//DT|UTR/NEU|PLU|DEF//det//146 förutsättningar//NN|UTR|PLU|IND|NOM//obj//143 som//HP|-|-|-//nsubj//151 gällande//PC|PRS|UTR/NEU|SIN/PLU|IND/DEF|NOM//amod//149 rätt//NN|UTR|SIN|IND|NOM//obl//151 är//VB|PRS|AKT//cop//151 utformad//PC|PRF|UTR|SIN|IND|NOM//acl:relcl//146 mot//PP//case//153 bakgrund//NN|UTR|SIN|IND|NOM//obl//151 av//PP//case//149 .//MAD//punct//5

EG-rätten;EG-rätten//NN|UTR|SIN|DEF|NOM//nsubj//1 har//VB|PRS|AKT//ROOT//1 en//DT|UTR|SIN|IND//det//4 stor//JJ|POS|UTR|SIN|IND|NOM//amod//4 inverkan//NN|UTR|SIN|IND|NOM//obj//1 på//PP//case//7 nationell//JJ|POS|UTR|SIN|IND|NOM//amod//7 rätt//NN|UTR|SIN|IND|NOM//nmod//4 .//MID//punct//1
EG-rätten;Detta//PN|NEU|SIN|DEF|SUB/OBJ//nsubj//10 påverkar//VB|PRS|AKT//parataxis//1 medlemsstaternas//NN|UTR|PLU|DEF|GEN//nmod:poss//12 lagstiftningsarbete//NN|NEU|SIN|IND|NOM//obj//10 i//PP//advmod//10 huvudsak//NN|UTR|SIN|IND|NOM//fixed//13 på//PP//case//17 två//RG|NOM//nummod//17 sätt//NN|NEU|PLU|IND|NOM//obl//10 .//MAD//punct//10
EG-rätten;Dels//KN//advmod//23 måste//VB|PRS|AKT//aux//23 medlemsstaterna//NN|UTR|PLU|DEF|NOM//nsubj//23 aktivt//AB|POS//advmod//23 vidta//VB|INF|AKT//conj//1 åtgärder//NN|UTR|PLU|IND|NOM//obj//23 för//PP//mark//27 att//IE//mark//27 genomföra//VB|INF|AKT//advcl//23 de//DT|UTR/NEU|PLU|DEF//det//29 direktiv//NN|NEU|PLU|IND|NOM//obj//27 som//HP|-|-|-//obj//32 EG//PM|NOM//nsubj//32 utfärdar//VB|PRS|AKT//acl:relcl//29 ,//MID//punct//37 dels//KN//advmod//37 måste//VB|PRS|AKT//aux//37 medlemsstaterna//NN|UTR|PLU|DEF|NOM//nsubj//37 avhålla//VB|INF|AKT//conj//23 sig//PN|UTR/NEU|SIN/PLU|DEF|OBJ//obj//37 från//PP//mark//41 att//IE//mark//41 lagstifta//VB|INF|AKT//xcomp//37 i//PP//case//46 strid//NN|UTR|SIN|IND|NOM//fixed//42 med//PP//fixed//42 gällande//PC|PRS|UTR/NEU|SIN/PLU|IND/DEF|NOM//amod//46 EG-rätt//NN|UTR|SIN|IND|NOM//obl//41 .//MAD//punct//23
EG-rätten;På//PP//case//1 teleområdet//NN|NEU|SIN|DEF|NOM//obl//7 är//VB|PRS|AKT//cop//7 den//DT|UTR|SIN|DEF//det//5 EG-rättsliga//JJ|POS|UTR/NEU|SIN|DEF|NOM//amod//5 regleringen//NN|UTR|SIN|DEF|NOM//nsubj//7 ganska//AB//advmod//7 omfattande//PC|PRS|UTR/NEU|SIN/PLU|IND/DEF|NOM//amod//10 och//KN//cc//9 detaljerad//PC|PRF|UTR|SIN|IND|NOM//conj//7 avreglering//NN|UTR|SIN|IND|NOM//nsubj//33 av//PP//case//12 telemarknaden//NN|UTR|SIN|DEF|NOM//nmod//10 och//KN//cc//15 avseende//PC|PRS|UTR/NEU|SIN/PLU|IND/DEF|NOM//amod//15 harmonisering//NN|UTR|SIN|IND|NOM//conj//12 bl.a.//AB|AN//advmod//10 av//PP//case//18 villkoren//NN|NEU|PLU|DEF|NOM//nmod//10 för//PP//case//20 tillgång//NN|UTR|SIN|IND|NOM//nmod//10 till//PP//case//23 och//KN//cc//23 användning//NN|UTR|SIN|IND|NOM//nmod//20 av//PP//case//27 allmänt//AB|POS//advmod//26 tillgängliga//JJ|POS|UTR/NEU|PLU|IND/DEF|NOM//amod//27 telenät//NN|NEU|PLU|IND|NOM//nmod//23 och//KN//cc//29 teletjänster//NN|UTR|PLU|IND|NOM//conj//27 .//MAD//punct//10
EG-rätten;På//PP//case//32 medieområdet//NN|NEU|SIN|DEF|NOM//obl//33 gäller//VB|PRS|AKT//ROOT//33 bl.a.//AB|AN//advmod//33 direktivet//NN|NEU|SIN|DEF|NOM//obj//33 om//PP//case//38 ”//PAD//nmod//38 TV//NN|UTR|SIN|IND|NOM//nmod//35 utan//PP//case//40 gränser//NN|UTR|PLU|IND|NOM//nmod//38 ”//RG|NOM//punct//38 som//HP|-|-|-//nsubj//43 reglerar//VB|PRS|AKT//acl:relcl//38 den//DT|UTR|SIN|DEF//det//46 fria//JJ|POS|UTR/NEU|SIN|DEF|NOM//amod//46 rörligheten//NN|UTR|SIN|DEF|NOM//obj//43 av//PP//case//48 TV-sändningar//NN|UTR|PLU|IND|NOM//nmod//46 och//KN//cc//50 innehållet//NN|NEU|SIN|DEF|NOM//conj//48 i//PP//case//52 sändningarna//NN|UTR|PLU|DEF|NOM//nmod//50 .//MAD//punct//33
EG-rätten;Dessutom//AB//advmod//55 regleras//VB|PRS|SFO//parataxis//33 tekniska//JJ|POS|UTR/NEU|PLU|IND/DEF|NOM//amod//57 frågor//NN|UTR|PLU|IND|NOM//nsubj:pass//55 på//PP//case//59 TV-området//NN|NEU|SIN|DEF|NOM//nmod//57 genom//PP//case//61 direktivet//NN|NEU|SIN|DEF|NOM//obl//55 om//PP//case//63 TV-standarder//NN|UTR|PLU|IND|NOM//nmod//61 .//MID//punct//33
EG-rätten;När//HA//mark//67 det//PN|NEU|SIN|DEF|SUB/OBJ//expl//67 gäller//VB|PRS|AKT//advcl//73 den//DT|UTR|SIN|DEF//det//70 EG-rättsliga//JJ|POS|UTR/NEU|SIN|DEF|NOM//amod//70 regleringen//NN|UTR|SIN|DEF|NOM//nsubj//73 av//PP//case//72 informationssamhället//NN|NEU|SIN|DEF|NOM//nmod//70 har//VB|PRS|AKT//aux//78 en//DT|UTR|SIN|IND//det//75 rad//NN|UTR|SIN|IND|NOM//nmod//77 olika//JJ|POS|UTR/NEU|PLU|IND/DEF|NOM//amod//77 åtgärder//NN|UTR|PLU|IND|NOM//nsubj:pass//78 vidtagits//VB|SUP|SFO//parataxis//33 för//PP//mark//81 att//IE//mark//81 harmonisera//VB|INF|AKT//advcl//78 medlemsstaternas//NN|UTR|PLU|DEF|GEN//nmod:poss//83 lagstiftning//NN|UTR|SIN|IND|NOM//obj//81 på//PP//case//85 området//NN|NEU|SIN|DEF|NOM//obl//81 och//KN//cc//89 för//PP//mark//89 att//IE//mark//89 främja//VB|INF|AKT//conj//81 utvecklingen//NN|UTR|SIN|DEF|NOM//obj//89 av//PP//case//92 informationssamhället//NN|NEU|SIN|DEF|NOM//nmod//90 .//MID//punct//33
EG-rätten;Det//PN|NEU|SIN|DEF|SUB/OBJ//expl//95 gäller//VB|PRS|AKT//parataxis//33 bl.a.//AB|AN//advmod//95 gemensamma//JJ|POS|UTR/NEU|PLU|IND/DEF|NOM//amod//99 tekniska//JJ|POS|UTR/NEU|PLU|IND/DEF|NOM//amod//99 standarder//NN|UTR|PLU|IND|NOM//obj//95 och//KN//cc//101 föreskrifter//NN|UTR|PLU|IND|NOM//conj//99 ,//MID//punct//103 databaser//NN|UTR|PLU|IND|NOM//conj//99 ,//MID//punct//105 personuppgifter//NN|UTR|PLU|IND|NOM//conj//99 ,//MID//punct//108 villkorad//PC|PRF|UTR|SIN|IND|NOM//amod//108 tillgång//NN|UTR|SIN|IND|NOM//conj//99 ,//MID//punct//111 elektronisk//JJ|POS|UTR|SIN|IND|NOM//amod//111 handel//NN|UTR|SIN|IND|NOM//conj//108 och//KN//cc//113 upphovsrätt//NN|UTR|SIN|IND|NOM//conj//108 .//MAD//punct//33
EG-rätten;Inom//PP//case//1 EU//PM|NOM//obl//2 pågår//VB|PRS|AKT//ROOT//2 ett//DT|NEU|SIN|IND//det//5 omfattande//PC|PRS|UTR/NEU|SIN/PLU|IND/DEF|NOM//amod//5 arbete//NN|NEU|SIN|IND|NOM//nsubj//2 med//PP//mark//8 att//IE//mark//8 utarbeta//VB|INF|AKT//advcl//2 riktlinjer//NN|UTR|PLU|IND|NOM//obj//8 för//PP//mark//14 hur//HA//advmod//14 regleringen//NN|UTR|SIN|DEF|NOM//nsubj:pass//14 skall//VB|PRS|AKT//aux//14 anpassas//VB|INF|SFO//advcl//8 till//PP//case//16 konvergensutvecklingen//NN|UTR|SIN|DEF|NOM//obl//14 .//MAD//punct//2
EG-rätten;Kommissionen//NN|UTR|SIN|DEF|NOM//nsubj//19 har//VB|PRS|AKT//aux//24 sedan//AB//advmod//19 i//PP//case//23 december//NN|UTR|SIN|IND|NOM//nmod//23 1997//RG|NOM//obl//19 utfärdat//VB|SUP|AKT//parataxis//2 en//DT|UTR|SIN|IND//det//26 grönbok//NN|UTR|SIN|IND|NOM//obj//24 ,//MID//punct//29 ett//DT|NEU|SIN|IND//det//29 arbetsdokument//NN|NEU|SIN|IND|NOM//conj//26 och//KN//cc//32 ett//DT|NEU|SIN|IND//det//32 meddelande//NN|NEU|SIN|IND|NOM//conj//26 om//PP//case//34 konvergens//NN|UTR|SIN|IND|NOM//nmod//32 .//MAD//punct//24
EG-rätten;I//PP//case//38 kommissionens//NN|UTR|SIN|DEF|GEN//nmod:poss//38 meddelande//NN|NEU|SIN|IND|NOM//obl//39 anger//VB|PRS|AKT//conj//24 den//PN|UTR|SIN|DEF|SUB/OBJ//obj//39 att//SN//mark//43 den//PN|UTR|SIN|DEF|SUB/OBJ//nsubj//43 avser//VB|PRS|AKT//ccomp//39 att//IE//mark//45 fortsätta//VB|INF|AKT//xcomp//43 arbetet//NN|NEU|SIN|DEF|NOM//obj//45 med//PP//case//48 konvergensfrågorna//NN|UTR|PLU|DEF|NOM//obl//45 genom//PP//mark//51 att//IE//mark//51 utarbeta//VB|INF|AKT//advcl//45 förslag//NN|NEU|SIN|IND|NOM//obj//51 till//PP//case//54 reformering//NN|UTR|SIN|IND|NOM//nmod//52 av//PP//case//56 regleringen//NN|UTR|SIN|DEF|NOM//nmod//54 .//MID//punct//24
EG-rätten;När//HA//mark//64 det//PN|NEU|SIN|DEF|SUB/OBJ//fixed//58 gäller//VB|PRS|AKT//fixed//58 infrastrukturregleringen//NN|UTR|SIN|DEF|NOM//obj//60 skall//VB|PRS|AKT//aux//64 den//PN|UTR|SIN|DEF|SUB/OBJ//nsubj//64 få//VB|INF|AKT//advcl//24 en//DT|UTR|SIN|IND//det//68 mer//AB|KOM//advmod//67 horisontell//JJ|POS|UTR|SIN|IND|NOM//amod//68 utformning//NN|UTR|SIN|IND|NOM//obj//64 ,//MID//punct//74 dvs.//AB|AN//advmod//72 samma//DT|UTR/NEU|SIN/PLU|IND//det//72 regler//NN|UTR|PLU|IND|NOM//nsubj//74 skall//VB|PRS|AKT//aux//74 gälla//VB|INF|AKT//acl:relcl//68 oavsett//PP//case//76 infrastruktur//NN|UTR|SIN|IND|NOM//obl//74 .//MAD//punct//24
EG-rätten;Förslag//NN|NEU|PLU|IND|NOM//parataxis//24 om//PP//case//80 reglering//NN|UTR|SIN|IND|NOM//nmod//78 av//PP//case//82 innehållstjänster//NN|UTR|PLU|IND|NOM//nmod//80 kommer//VB|PRS|AKT//aux//86 antingen//KN//cc//86 att//IE//mark//86 innebära//VB|INF|AKT//conj//2 ändringar//NN|UTR|PLU|IND|NOM//obj//86 i//PP//case//90 nuvarande//PC|PRS|UTR/NEU|SIN/PLU|IND/DEF|NOM//amod//90 reglering//NN|UTR|SIN|IND|NOM//obl//86 eller//KN//cc//92 förslag//NN|NEU|SIN|IND|NOM//conj//90 till//PP//case//96 helt//AB|POS//advmod//95 ny//JJ|POS|UTR|SIN|IND|NOM//amod//96 reglering//NN|UTR|SIN|IND|NOM//nmod//92 .//MAD//punct//2
EG-rätten;Dessutom//AB//advmod//99 planeras//VB|PRS|SFO//parataxis//2 särskilda//PC|PRF|UTR/NEU|PLU|IND/DEF|NOM//amod//101 åtgärder//NN|UTR|PLU|IND|NOM//nsubj:pass//99 både//KN//cc//104 avseende//PC|PRS|UTR/NEU|SIN/PLU|IND/DEF|NOM//amod//104 regleringen//NN|UTR|SIN|DEF|NOM//obl//99 för//PP//case//106 innehåll//NN|NEU|SIN|IND|NOM//nmod//104 och//KN//cc//108 infrastruktur//NN|UTR|SIN|IND|NOM//conj//106 .//MAD//punct//2
EG-rätten;Kommissionen//NN|UTR|SIN|DEF|NOM//nsubj//113 skall//VB|PRS|AKT//aux//113 dessutom//AB//advmod//113 utfärda//VB|INF|AKT//parataxis//2 ett//DT|NEU|SIN|IND//det//115 meddelande//NN|NEU|SIN|IND|NOM//obj//113 om//PP//case//119 den//DT|UTR|SIN|DEF//det//119 allmänna//JJ|POS|UTR/NEU|SIN|DEF|NOM//amod//119 konsultationen//NN|UTR|SIN|DEF|NOM//nmod//115 angående//PP//case//121 grönboken//NN|UTR|SIN|DEF|NOM//nmod//119 om//PP//case//123 radiospektrum//NN|NEU|SIN|IND|NOM//nmod//121 .//MAD//punct//113
EG-rätten;Arbetet//NN|NEU|SIN|DEF|NOM//obj//113 med//PP//case//127 konvergensfrågorna//NN|UTR|PLU|DEF|NOM//nmod//125 ,//MID//punct//125 tillsammans//AB//advmod//131 med//PP//case//131 den//PN|UTR|SIN|DEF|SUB/OBJ//det//136 under//PP//case//134 år//NN|NEU|SIN|IND|NOM//nmod//134 1999//RG|NOM//nummod//136 pågående//PC|PRS|UTR/NEU|SIN/PLU|IND/DEF|NOM//amod//136 översynen//NN|UTR|SIN|DEF|NOM//nmod//125 av//PP//case//138 telekommunikationsregleringen//NN|UTR|SIN|DEF|NOM//nmod//136 och//KN//cc//140 arbetet//NN|NEU|SIN|DEF|NOM//conj//138 med//PP//case//142 grönboken//NN|UTR|SIN|DEF|NOM//nmod//140 om//PP//case//144 radiospektrum//NN|NEU|SIN|IND|NOM//nmod//142 ,//MID//punct//113 förväntas//VB|PRS|SFO//conj//113 leda//VB|INF|AKT//xcomp//146 till//PP//case//149 förslag//NN|NEU|SIN|IND|NOM//obl//147 till//PP//case//151 ändringar//NN|UTR|PLU|IND|NOM//nmod//149 av//PP//case//153 den//PN|UTR|SIN|DEF|SUB/OBJ//nmod//151
EG-rätten;EG-rättsliga//JJ|POS|UTR/NEU|SIN|DEF|NOM//amod//1 regleringen//NN|UTR|SIN|DEF|NOM//ROOT//1 på//PP//case//3 kommunikationsområdet//NN|NEU|SIN|DEF|NOM//nmod//1 inom//PP//case//8 de//DT|UTR/NEU|PLU|DEF//det//8 närmaste//JJ|SUV|UTR/NEU|SIN/PLU|DEF|NOM//amod//8 två//RG|NOM//nummod//8 åren//NN|NEU|PLU|DEF|NOM//nmod//3 .//MAD//punct//1

Förhållandena i några andra länder;I//PP//case//1 betänkandet//NN|NEU|SIN|DEF|NOM//obl//2 görs//VB|PRS|SFO//ROOT//2 en//DT|UTR|SIN|IND//det//5 översiktlig//JJ|POS|UTR|SIN|IND|NOM//amod//5 genomgång//NN|UTR|SIN|IND|NOM//nsubj:pass//2 av//PP//mark//9 hur//HA//advmod//9 konvergensfrågorna//NN|UTR|PLU|DEF|NOM//nsubj:pass//9 behandlas//VB|PRS|SFO//acl//5 i//PP//case//13 tretton//RG|NOM//nummod//13 andra//JJ|POS|UTR/NEU|PLU|IND/DEF|NOM//amod//13 länder//NN|NEU|PLU|IND|NOM//obl//9 .//MAD//punct//5
Förhållandena i några andra länder;Under//PP//case//17 varje//DT|UTR/NEU|SIN|IND//det//17 land//NN|NEU|SIN|IND|NOM//obl//18 anges//VB|PRS|SFO//conj//2 vilken//HD|UTR|SIN|IND//det//20 lagstiftning//NN|UTR|SIN|IND|NOM//nsubj:pass//18 som//HP|-|-|-//nsubj//22 gäller//VB|PRS|AKT//acl:relcl//20 på//PP//case//25 telerespektive//AB//amod//25 medieområdet//NN|NEU|SIN|DEF|NOM//obl//22 ,//MID//punct//28 vilka//HD|UTR/NEU|PLU|IND//det//28 myndigheter//NN|UTR|PLU|IND|NOM//conj//20 som//HP|-|-|-//nsubj//31 är//VB|PRS|AKT//cop//31 verksamma//JJ|POS|UTR/NEU|PLU|IND/DEF|NOM//acl:relcl//28 på//PP//case//33 områdena//NN|NEU|PLU|DEF|NOM//obl//31 och//KN//cc//37 vilka//HD|UTR/NEU|PLU|IND//det//37 särskilda//PC|PRF|UTR/NEU|PLU|IND/DEF|NOM//amod//37 åtgärder//NN|UTR|PLU|IND|NOM//conj//28 som//HP|-|-|-//nsubj:pass//39 vidtagits//VB|SUP|SFO//acl:relcl//37 med//PP//case//41 anledning//NN|UTR|SIN|IND|NOM//obl//39 av//PP//case//43 konvergensutvecklingen//NN|UTR|SIN|DEF|NOM//nmod//41 .//MAD//punct//28
Förhållandena i några andra länder;Konvergensfrågorna//NN|UTR|PLU|DEF|NOM//nsubj:pass//46 uppmärksammas//VB|PRS|SFO//parataxis//28 i//PP//case//50 alla//DT|UTR/NEU|PLU|IND/DEF//det//50 de//DT|UTR/NEU|PLU|DEF//det//50 länder//NN|NEU|PLU|IND|NOM//obl//46 som//HP|-|-|-//nsubj:pass//52 behandlas//VB|PRS|SFO//acl:relcl//50 ,//MID//punct//50 om//AB//mark//58 än//AB//advmod//58 på//PP//case//58 olika//JJ|POS|UTR/NEU|PLU|IND/DEF|NOM//amod//58 sätt//NN|NEU|PLU|IND|NOM//appos//50 och//KN//cc//62 i//PP//case//62 olika//JJ|POS|UTR/NEU|SIN|DEF|NOM//amod//62 utsträckning//NN|UTR|SIN|IND|NOM//conj//58 .//MID//punct//28
Förhållandena i några andra länder;Vissa//JJ|POS|UTR/NEU|PLU|IND/DEF|NOM//amod//65 länder//NN|NEU|PLU|IND|NOM//nsubj//67 har//VB|PRS|AKT//aux//67 antagit//VB|SUP|AKT//acl:relcl//20 lagstiftning//NN|UTR|SIN|IND|NOM//obj//67 som//HP|-|-|-//nsubj//78 på//PP//case//72 olika//JJ|POS|UTR/NEU|PLU|IND/DEF|NOM//amod//72 sätt//NN|NEU|PLU|IND|NOM//obl//78 och//KN//cc//78 i//PP//case//76 olika//JJ|POS|UTR/NEU|SIN|DEF|NOM//amod//76 utsträckning//NN|UTR|SIN|IND|NOM//obl//78 är//VB|PRS|AKT//cop//78 anpassad//PC|PRF|UTR|SIN|IND|NOM//acl:relcl//68 till//PP//case//81 en//DT|UTR|SIN|IND//det//81 konvergensutveckling//NN|UTR|SIN|IND|NOM//obl//78 ,//MID//punct//81 t.ex.//AB|AN//advmod//84 Danmark//PM|NOM//appos//81 ,//MID//punct//86 Tyskland//PM|NOM//conj//84 ,//MID//punct//88 Italien//PM|NOM//conj//84 ,//MID//punct//90 Kanada//PM|NOM//conj//84 ,//MID//punct//92 USA//PM|NOM//conj//84 och//KN//cc//95 Nya//JJ|POS|UTR/NEU|SIN|DEF|NOM//amod//95 Zeeland//PM|NOM//conj//84 .//MAD//punct//18
Förhållandena i några andra länder;Utredningar//NN|UTR|PLU|IND|NOM//nsubj//98 pågår//VB|PRS|AKT//parataxis//2 och//KN//cc//101 har//VB|PRS|AKT//aux//101 genomförts//VB|SUP|SFO//conj//98 i//PP//case//103 Norge//PM|NOM//obl//101 ,//MID//punct//105 Frankrike//PM|NOM//conj//103 ,//MID//punct//107 Nederländerna//PM|NOM//conj//103 ,//MID//punct//109 Storbritannien//PM|NOM//conj//103 ,//MID//punct//111 Australien//PM|NOM//conj//103 ,//MID//punct//113 Japan//PM|NOM//conj//103 och//KN//cc//116 Nya//PM|NOM//amod//116 Zeeland//PM|NOM//conj//103 .//MAD//punct//98
Förhållandena i några andra länder;I//PP//case//119 Finland//PM|NOM//obl//120 avvaktar//VB|PRS|AKT//conj//98 myndigheterna//NN|UTR|PLU|DEF|NOM//nsubj//120 att//SN//mark//125 åtgärder//NN|UTR|PLU|IND|NOM//nsubj:pass//125 skall//VB|PRS|AKT//aux//125 vidtas//VB|INF|SFO//ccomp//120 på//PP//case//127 EU-nivå//NN|UTR|SIN|IND|NOM//obl//125 innan//SN//mark//132 några//DT|UTR/NEU|PLU|IND//det//131 konkreta//JJ|POS|UTR/NEU|PLU|IND/DEF|NOM//amod//131 initiativ//NN|NEU|PLU|IND|NOM//nsubj:pass//132 tas//VB|PRS|SFO//advcl//125 .//MAD//punct//2

Svensk rätt och dess tillämplighet ur ett konvergensperspektiv;Analaysen//NN|UTR|SIN|DEF|NOM//nsubj//4 av//PP//case//3 svensk//JJ|POS|UTR|SIN|IND|NOM//amod//3 rätt//NN|UTR|SIN|IND|NOM//nmod//0 omfattar//VB|PRS|AKT//ROOT//4 17//RG|NOM//nummod//6 regelverk//NN|NEU|PLU|IND|NOM//obj//4 och//KN//cc//8 visar//VB|PRS|AKT//conj//4 att//SN//mark//11 konvergensutvecklingen//NN|UTR|SIN|DEF|NOM//nsubj//11 medför//VB|PRS|AKT//ccomp//8 gränsdragnings-//NN|UTR|-|-|SMS//obj//11 och//KN//cc//14 tolkningsproblem//NN|NEU|PLU|IND|NOM//conj//12 .//MAD//punct//4
Svensk rätt och dess tillämplighet ur ett konvergensperspektiv;Den//DT|UTR|SIN|DEF//det//18 främsta//JJ|SUV|UTR/NEU|SIN/PLU|DEF|NOM//amod//18 orsaken//NN|UTR|SIN|DEF|NOM//nsubj//24 till//PP//case//21 dessa//DT|UTR/NEU|PLU|DEF//det//21 problem//NN|NEU|PLU|IND|NOM//nmod//18 är//VB|PRS|AKT//cop//24 de//DT|UTR/NEU|PLU|DEF//det//24 sätt//NN|NEU|PLU|IND|NOM//parataxis//4 på//PP//case//29 vilka//HP|UTR/NEU|PLU|IND//det//27 telelagens//NN|UTR|SIN|DEF|GEN//nmod:poss//29 respektive//AB//amod//29 yttrandefrihetsgrundlagens//NN|UTR|SIN|DEF|GEN//nmod:poss//37 (//PAD//punct//29 YGL//PM|NOM//appos//29 )//PAD//punct//31 och//KN//cc//34 radio-//NN|UTR|-|-|SMS//conj//29 och//KN//cc//36 TV-lagens//NN|UTR|SIN|DEF|GEN//conj//29 tillämpningsområden//NN|NEU|PLU|IND|NOM//nsubj//39 är//VB|PRS|AKT//cop//39 avgränsade//PC|PRF|UTR/NEU|PLU|IND/DEF|NOM//acl:relcl//24 ,//MID//punct//39 bl.a.//AB|AN//advmod//45 i//PP//case//45 förhållande//NN|NEU|SIN|IND|NOM//fixed//42 till//PP//fixed//42 varandra//PN|UTR/NEU|PLU|DEF|OBJ//obl//39 .//MAD//punct//4
Svensk rätt och dess tillämplighet ur ett konvergensperspektiv;De//DT|UTR/NEU|PLU|DEF//det//48 problem//NN|NEU|PLU|IND|NOM//nsubj:pass//52 som//HP|-|-|-//nsubj//50 uppstår//VB|PRS|AKT//acl:relcl//48 kan//VB|PRS|AKT//aux//52 sammanfattas//VB|INF|SFO//parataxis//4 i//PP//case//56 följande//PC|PRS|UTR/NEU|SIN/PLU|IND/DEF|NOM//amod//56 fyra//RG|NOM//nummod//56 perspektiv//NN|NEU|PLU|IND|NOM//obl//52 .//MAD//punct//4
Svensk rätt och dess tillämplighet ur ett konvergensperspektiv;För//PP//cc//4 det//DT|NEU|SIN|DEF//det//2 första//RO|NOM//fixed//0  //_SP////2 innebär//VB|PRS|AKT//ROOT//4 konvergensutvecklingen//NN|UTR|SIN|DEF|NOM//nsubj//4 att//SN//mark//13 samma//DT|UTR/NEU|SIN/PLU|IND//det//8 tjänstetyp//NN|UTR|SIN|IND|NOM//nsubj:pass//13 och//KN//cc//11 samma//DT|UTR/NEU|SIN/PLU|IND//det//11 innehåll//NN|NEU|SIN|IND|NOM//conj//8 kan//VB|PRS|AKT//aux//13 regleras//VB|INF|SFO//ccomp//4 på//PP//case//16 olika//JJ|POS|UTR/NEU|PLU|IND/DEF|NOM//amod//16 sätt//NN|NEU|PLU|IND|NOM//obl//13 beroende//PC|PRS|UTR/NEU|SIN/PLU|IND/DEF|NOM//mark//30 på//PP//fixed//17 vad//HP|NEU|SIN|IND//obj//30 som//HP|-|-|-//nsubj:pass//24 vid//PP//case//23 varje//DT|UTR/NEU|SIN|IND//det//23 tillfälle//NN|NEU|SIN|IND|NOM//obl//24 förmedlas//VB|INF|SFO//acl:relcl//19 ,//MID//punct//19 på//PP//case//28 vilket//HD|NEU|SIN|IND//det//28 sätt//NN|NEU|SIN|IND|NOM//nmod//29 förmedlingen//NN|UTR|SIN|DEF|NOM//nsubj//30 sker//VB|PRS|AKT//advcl//13 ,//MID//punct//30 vilken//HD|UTR|SIN|IND//det//33 mottagarutrustning//NN|UTR|SIN|IND|NOM//nsubj//43 som//HP|-|-|-//nsubj:pass//35 används//VB|PRS|SFO//acl:relcl//33 samt//KN//cc//39 i//PP//case//39 vissa//JJ|POS|UTR/NEU|PLU|IND/DEF|NOM//amod//39 avseenden//NN|NEU|PLU|IND|NOM//obl//35 beroende//PC|PRS|UTR/NEU|SIN/PLU|IND/DEF|NOM//case//43 på//PP//fixed//40 vilket//HD|NEU|SIN|IND//det//43 subjekt//NN|NEU|SIN|IND|NOM//advcl//30 som//HP|-|-|-//nsubj//45 tillhandahåller//VB|PRS|AKT//acl:relcl//43 tjänsten//NN|UTR|SIN|DEF|NOM//obj//45 .//MAD//punct//4
Svensk rätt och dess tillämplighet ur ett konvergensperspektiv;För//PP//cc//4 det//DT|NEU|SIN|DEF//fixed//0 andra//RO|NOM//fixed//0  //_SP////2 innebär//VB|PRS|AKT//advcl//42 konvergensutvecklingen//NN|UTR|SIN|DEF|NOM//nsubj//4 att//SN//mark//17 telelagen//NN|UTR|SIN|DEF|NOM//nsubj//17 respektive//AB//case//9 YGL//PM|NOM//nmod//7 och//KN//cc//11 radio-//NN|UTR|-|-|SMS//conj//9 och//KN//cc//13 TV-lagen//NN|UTR|SIN|DEF|NOM//conj//9 kan//VB|PRS|AKT//aux//17 vara//VB|INF|AKT//cop//17 både//KN//cc//17 växelvis//AB//ccomp//4 och//KN//cc//20 samtidigt//AB//advmod//20 tillämpliga//JJ|POS|UTR/NEU|PLU|IND/DEF|NOM//conj//17 inom//PP//case//25 ramen//NN|UTR|SIN|DEF|NOM//fixed//21 för//PP//fixed//21 samma//DT|UTR/NEU|SIN/PLU|IND//det//25 tjänsteutbud//NN|NEU|SIN|IND|NOM//obl//20 och//KN//cc//34 även//AB//advmod//29 inom//PP//case//29 vad//HP|NEU|SIN|IND//dislocated//34 som//HP|-|-|-//nsubj:pass//34 för//PP//case//32 mottagaren//NN|UTR|SIN|DEF|NOM//obl//34 kan//VB|PRS|AKT//aux//34 uppfattas//VB|INF|SFO//conj//17 som//KN//case//39 en//DT|UTR|SIN|IND//det//39 och//KN//fixed//36 samma//DT|UTR/NEU|SIN/PLU|IND//conj//36 tjänst//NN|UTR|SIN|IND|NOM//obl//34 .//MID//punct//4
Svensk rätt och dess tillämplighet ur ett konvergensperspektiv;Det//PN|NEU|SIN|DEF|SUB/OBJ//nsubj//42 innebär//VB|PRS|AKT//ROOT//42 samtidigt//AB//advmod//42 att//SN//mark//57 en//DT|UTR|SIN|IND//det//48 och//KN//fixed//45 samma//DT|UTR/NEU|SIN/PLU|IND//amod//48 verksamhet//NN|UTR|SIN|IND|NOM//nsubj:pass//57 på//PP//case//51 motsvarande//PC|PRS|UTR/NEU|SIN/PLU|IND/DEF|NOM//amod//51 växelvisa//NN|UTR|SIN|IND|NOM//nmod//48 och//KN//cc//55 ibland//AB//advmod//55 samtidiga//JJ|POS|UTR/NEU|PLU|IND/DEF|NOM//amod//55 sätt//NN|NEU|PLU|IND|NOM//nsubj:pass//57 kan//VB|PRS|AKT//aux//57 styras//VB|INF|SFO//ccomp//42 av//PP//case//60 flera//JJ|POS|UTR/NEU|PLU|IND|NOM//amod//60 regelverk//NN|NEU|PLU|IND|NOM//obl//57 ,//MID//punct//66 som//HP|-|-|-//nsubj//66 vart//PN|NEU|SIN|IND|SUB/OBJ//advmod//66 och//KN//fixed//63 ett//PN|NEU|SIN|IND|SUB/OBJ//fixed//63 ställer//VB|PRS|AKT//acl:relcl//60 krav//NN|NEU|PLU|IND|NOM//obj//66 på//PP//mark//72 hur//HA//advmod//72 verksamheten//NN|UTR|SIN|DEF|NOM//nsubj:pass//72 skall//VB|PRS|AKT//aux//72 bedrivas//VB|INF|SFO//advcl//66 och//KN//cc//75 som//HP|-|-|-//nsubj:pass//75 övervakas//VB|PRS|SFO//conj//72 av//PP//case//78 olika//JJ|POS|UTR/NEU|PLU|IND/DEF|NOM//amod//78 myndigheter//NN|UTR|PLU|IND|NOM//obl:agent//75 .//MAD//punct//42
Svensk rätt och dess tillämplighet ur ett konvergensperspektiv;För//PP//case//2 det//DT|NEU|SIN|DEF//det//2 tredje//RO|NOM//obl//4  //_SP////2 innebär//VB|PRS|AKT//ROOT//4 den//DT|UTR|SIN|DEF//det//7 beskrivna//PC|PRF|UTR/NEU|SIN|DEF|NOM//amod//7 utvecklingen//NN|UTR|SIN|DEF|NOM//nsubj//4 att//SN//mark//14 det//PN|NEU|SIN|DEF|SUB/OBJ//expl//14 i//PP//advmod//14 förhållande//NN|NEU|SIN|IND|NOM//fixed//10 till//PP//fixed//10 radiokommunikationslagen//NN|UTR|SIN|DEF|NOM//fixed//12 blir//VB|PRS|AKT//ccomp//4 allt//AB//advmod//16 svårare//JJ|KOM|UTR/NEU|SIN/PLU|IND/DEF|NOM//xcomp//14 att//IE//mark//18 dra//VB|INF|AKT//acl//16 en//DT|UTR|SIN|IND//det//20 gräns//NN|UTR|SIN|IND|NOM//obj//18 mellan//PP//case//22 frekvensanvändning//NN|UTR|SIN|IND|NOM//nmod//20 av//PP//case//24 betydelse//NN|UTR|SIN|IND|NOM//nmod//22 för//PP//case//26 yttrande-//NN|NEU|-|-|SMS//nmod//24 och//KN//cc//28 informationsfriheterna//NN|UTR|PLU|DEF|NOM//conj//26 och//KN//cc//31 annan//JJ|POS|UTR|SIN|IND|NOM//amod//31 frekvensanvändning//NN|UTR|SIN|IND|NOM//conj//26 .//MID//punct//4
Svensk rätt och dess tillämplighet ur ett konvergensperspektiv;Detta//PN|NEU|SIN|DEF|SUB/OBJ//nsubj:pass//36 måste//VB|PRS|AKT//aux//36 vidare//AB|KOM//advmod//36 ses//VB|INF|SFO//parataxis//4 mot//PP//case//38 bakgrund//NN|UTR|SIN|IND|NOM//obl//36 av//PP//case//43 såväl//KN//advmod//43 den//DT|UTR|SIN|DEF//det//43 nationella//JJ|POS|UTR/NEU|SIN|DEF|NOM//amod//43 frekvensfördelningsplanen//NN|UTR|SIN|DEF|NOM//obl//36 som//HP|-|-|-//case//46 den//DT|UTR|SIN|DEF//det//46 frekvensfördelningsplan//NN|UTR|SIN|IND|NOM//nmod//43 som//HP|-|-|-//nsubj//48 följer//VB|PRS|AKT//acl:relcl//46 av//PP//compound:prt//48 det//DT|NEU|SIN|DEF//obj//48 till//PP//case//54 den//DT|UTR|SIN|DEF//det//54 internationella//JJ|POS|UTR/NEU|SIN|DEF|NOM//amod//54 telekonventionen//NN|UTR|SIN|DEF|NOM//obl//48 knutna//PC|PRF|UTR/NEU|SIN|DEF|NOM//amod//56 radioreglementet//NN|NEU|SIN|DEF|NOM//nmod//54 ,//MID//punct//54 där//HA//advmod//60 det//PN|NEU|SIN|DEF|SUB/OBJ//expl//60 anges//VB|PRS|SFO//acl:relcl//54 vilka//HD|UTR/NEU|PLU|IND//det//62 frekvenser//NN|UTR|PLU|IND|NOM//dislocated//65 som//HP|-|-|-//nsubj//65 är//VB|PRS|AKT//cop//65 avsatta//PC|PRF|UTR/NEU|PLU|IND/DEF|NOM//acl:relcl//54 för//PP//case//69 olika//JJ|POS|UTR/NEU|PLU|IND/DEF|NOM//amod//68 slags//NN|NEU|PLU|IND|GEN//nmod:poss//69 radiotillämpningar//NN|UTR|PLU|IND|NOM//obl//65 .//MAD//punct//4
Svensk rätt och dess tillämplighet ur ett konvergensperspektiv;För//PP//case//4 det//DT|NEU|SIN|DEF//det//4 fjärde//RO|NOM//amod//4  //_SP////2 råder//VB|PRS|AKT//obl//17 i//PP//case//7 flera//JJ|POS|UTR/NEU|PLU|IND|NOM//amod//7 avseenden//NN|NEU|PLU|IND|NOM//obl//4 oklarhet//NN|UTR|SIN|IND|NOM//advmod//4 om//PP//mark//11 hur//HA//advmod//11 begrepp//NN|NEU|PLU|IND|NOM//acl//8 ,//MID//punct//13 definitioner//NN|UTR|PLU|IND|NOM//conj//11 och//KN//cc//15 avgränsningar//NN|UTR|PLU|IND|NOM//conj//11 skall//VB|PRS|AKT//aux//17 tolkas//VB|INF|SFO//ROOT//17 respektive//AB//cc//19 tillämpas//VB|INF|SFO//conj//17 .//MAD//punct//17
Svensk rätt och dess tillämplighet ur ett konvergensperspektiv;Detta//PN|NEU|SIN|DEF|SUB/OBJ//nsubj//22 förstärker//VB|PRS|AKT//parataxis//17 effekterna//NN|UTR|PLU|DEF|NOM//obj//22 av//PP//case//26 de//DT|UTR/NEU|PLU|DEF//det//26 problem//NN|NEU|PLU|IND|NOM//nmod//23 som//HP|-|-|-//nsubj:pass//28 beskrivs//VB|PRS|SFO//acl:relcl//26 ovan//AB//advmod//28 .//MAD//punct//22
Svensk rätt och dess tillämplighet ur ett konvergensperspektiv;Dessa//DT|UTR/NEU|PLU|DEF//det//32 oklarheter//NN|UTR|PLU|IND|NOM//nsubj//33 gäller//VB|PRS|AKT//parataxis//22 framför//PP//case//36 allt//PN|NEU|SIN|IND|SUB/OBJ//det//36 tillämpningen//NN|UTR|SIN|DEF|NOM//obl//33 av//PP//case//38 YGL//PM|NOM//nmod//36 ://MID//punct//33 s//PP//advmod//22 huvudregel//NN|UTR|SIN|IND|NOM//fixed//40 om//PP//case//43 sändningar//NN|UTR|PLU|IND|NOM//obl//22 riktade//PC|PRF|UTR/NEU|PLU|IND/DEF|NOM//advcl//22 till//PP//case//46 allmänheten//NN|UTR|SIN|DEF|NOM//obl//44 ,//MID//punct//54 vad//HP|NEU|SIN|IND//dislocated//54 som//HP|-|-|-//nsubj//54 enligt//PP//case//51 radio-//NN|UTR|-|-|SMS//obl//54 och//KN//cc//53 TV-lagen//NN|UTR|SIN|DEF|NOM//conj//51 utgör//VB|PRS|AKT//conj//22 ljudradio//NN|UTR|SIN|IND|NOM//obj//54 ,//MID//punct//57 television//NN|UTR|SIN|IND|NOM//conj//55 och//KN//cc//59 sökbar//JJ|POS|UTR|SIN|IND|NOM//conj//54 text-TV//NN|UTR|SIN|IND|NOM//obj//59 samt//KN//cc//63 telelagens//NN|UTR|SIN|DEF|GEN//nmod:poss//63 avgränsning//NN|UTR|SIN|IND|NOM//conj//60 i//PP//case//65 förhållande//NN|NEU|SIN|IND|NOM//nmod//63 till//PP//case//67 YGL//PM|NOM//nmod//63 och//KN//cc//69 härav//AB//conj//67 ,//MID//punct//71 indirekt//AB|POS//advmod//59 ,//MID//punct//77 även//AB//advmod//77 i//PP//case//77 förhållande//NN|NEU|SIN|IND|NOM//fixed//74 till//PP//fixed//74 radio-//NN|UTR|-|-|SMS//obl//59 och//KN//cc//79 TV-lagen//NN|UTR|SIN|DEF|NOM//conj//77 .//MAD//punct//22
Svensk rätt och dess tillämplighet ur ett konvergensperspektiv;Detta//PN|NEU|SIN|DEF|SUB/OBJ//nsubj//82 påverkar//VB|PRS|AKT//parataxis//22 inte//AB//advmod//82 bara//AB//advmod//82 gränsdragningen//NN|UTR|SIN|DEF|NOM//obj//82 mellan//PP//case//87 telelagen//NN|UTR|SIN|DEF|NOM//nmod//85 och//KN//cc//89 YGL//PM|NOM//conj//87 respektive//AB//cc//91 radio-//NN|UTR|-|-|SMS//conj//87 och//KN//cc//93 TV-lagen//NN|UTR|SIN|DEF|NOM//conj//91 utan//KN//cc//97 i//PP//case//97 flera//JJ|POS|UTR/NEU|PLU|IND|NOM//amod//97 avseenden//NN|NEU|PLU|IND|NOM//conj//87 även//AB//advmod//99 tillämpningen//NN|UTR|SIN|DEF|NOM//obl//82 av//PP//case//102 andra//JJ|POS|UTR/NEU|PLU|IND/DEF|NOM//amod//102 regelverk//NN|NEU|PLU|IND|NOM//nmod//99 .//MAD//punct//82
Svensk rätt och dess tillämplighet ur ett konvergensperspektiv;Utöver//PP//case//106 de//DT|UTR/NEU|PLU|DEF//det//106 oklarheter//NN|UTR|PLU|IND|NOM//obl//82 som//HP|-|-|-//nsubj//108 gäller//VB|PRS|AKT//acl:relcl//106 i//PP//case//111 nämnda//PC|PRF|UTR/NEU|PLU|IND/DEF|NOM//amod//111 avseenden//NN|NEU|PLU|IND|NOM//obl//108 medför//VB|PRS|AKT//xcomp//82 konvergensutvecklingen//NN|UTR|SIN|DEF|NOM//obj//112 även//AB//advmod//112 tillämpningsproblem//NN|NEU|PLU|IND|NOM//obj//112 i//PP//case//120 förhållande//NN|NEU|SIN|IND|NOM//fixed//116 till//PP//fixed//116 annan//JJ|POS|UTR|SIN|IND|NOM//amod//120 särlagstiftning//NN|UTR|SIN|IND|NOM//obl//112 på//PP//case//122 medieområdet//NN|NEU|SIN|DEF|NOM//nmod//120 .//MAD//punct//22

Samordning av lagstiftningen för radio, TV och televerksamhet;Mot//PP//case//1 bakgrund//NN|UTR|SIN|IND|NOM//obl//15 av//PP//case//4 de//DT|UTR/NEU|PLU|DEF//det//4 konsekvenser//NN|UTR|PLU|IND|NOM//nmod//1 som//HP|-|-|-//obj//7 konvergensutvecklingen//NN|UTR|SIN|DEF|NOM//nsubj//7 medför//VB|PRS|AKT//acl:relcl//4 vid//PP//case//9 tillämpningen//NN|UTR|SIN|DEF|NOM//obl//7 av//PP//case//12 gällande//PC|PRS|UTR/NEU|SIN/PLU|IND/DEF|NOM//amod//12 rätt//NN|UTR|SIN|IND|NOM//nmod//9 är//VB|PRS|AKT//cop//15 min//PS|UTR|SIN|DEF//nmod:poss//15 slutsats//NN|UTR|SIN|IND|NOM//ROOT//15 att//SN//mark//18 det//PN|NEU|SIN|DEF|SUB/OBJ//expl//18 föreligger//VB|PRS|AKT//csubj//15 behov//NN|NEU|SIN|IND|NOM//obj//18 av//PP//case//21 samordning//NN|UTR|SIN|IND|NOM//nmod//19 av//PP//case//26 den//DT|UTR|SIN|DEF//det//26 här//AB//fixed//23 aktuella//JJ|POS|UTR/NEU|SIN|DEF|NOM//amod//26 lagstiftningen//NN|UTR|SIN|DEF|NOM//nmod//21 .//MAD//punct//15
Samordning av lagstiftningen för radio, TV och televerksamhet;Detta//PN|NEU|SIN|DEF|SUB/OBJ//nsubj//29 gäller//VB|PRS|AKT//parataxis//15 framför//PP//case//32 allt//PN|NEU|SIN|IND|SUB/OBJ//fixed//30 relationen//NN|UTR|SIN|DEF|NOM//obl//29 mellan//PP//case//37 ,//MID//punct//37 å//PP//case//37 ena//JJ|POS|UTR/NEU|SIN/PLU|IND/DEF|NOM//amod//37 sidan//NN|UTR|SIN|DEF|NOM//nmod//32 ,//MID//punct//39 telelagen//NN|UTR|SIN|DEF|NOM//conj//37 och//KN//cc//44 ,//MID//punct//44 å//PP//case//44 andra//JJ|POS|UTR/NEU|SIN|DEF|NOM//amod//44 sidan//NN|UTR|SIN|DEF|NOM//conj//37 ,//MID//punct//46 YGL//PM|NOM//conj//37 och//KN//cc//48 radio-//NN|UTR|-|-|SMS//conj//37 och//KN//cc//50 TV-lagen//NN|UTR|SIN|DEF|NOM//conj//37 .//MAD//punct//29
Samordning av lagstiftningen för radio, TV och televerksamhet;Därutöver//AB//advmod//55 måste//VB|PRS|AKT//aux//55 hänsyn//NN|UTR|SIN|IND|NOM//nsubj:pass//55 tas//VB|INF|SFO//parataxis//29 till//PP//case//59 de//DT|UTR/NEU|PLU|DEF//det//59 övriga//JJ|POS|UTR/NEU|PLU|IND/DEF|NOM//amod//59 tillämpningsproblem//NN|NEU|PLU|IND|NOM//obl//55 som//HP|-|-|-//obj//62 konvergensutvecklingen//NN|UTR|SIN|DEF|NOM//nsubj//62 medför//VB|PRS|AKT//acl:relcl//59 .//MAD//punct//29
Samordning av lagstiftningen för radio, TV och televerksamhet;Syftet//NN|NEU|SIN|DEF|NOM//nsubj//5 med//PP//case//3 en//DT|UTR|SIN|IND//det//3 samordning//NN|UTR|SIN|IND|NOM//nmod//0 bör//VB|PRS|AKT//aux//5 vara//VB|INF|AKT//ROOT//5 att//IE//mark//7 avhjälpa//VB|INF|AKT//ccomp//5 dessa//DT|UTR/NEU|PLU|DEF//det//9 problem//NN|NEU|PLU|IND|NOM//obj//7 och//KN//cc//14 att//IE//mark//14 om//PP//case//13 möjligt//JJ|POS|NEU|SIN|IND|NOM//advcl//14 utveckla//VB|INF|AKT//conj//7 en//DT|UTR|SIN|IND//det//16 regelstruktur//NN|UTR|SIN|IND|NOM//obj//14 som//HP|-|-|-//nsubj//25 på//PP//case//21 ett//DT|NEU|SIN|IND//det//21 bättre//JJ|KOM|UTR/NEU|SIN/PLU|IND/DEF|NOM//amod//21 sätt//NN|NEU|SIN|IND|NOM//obl//25 än//KN//mark//25 i//PP//advmod//25 dag//NN|UTR|SIN|IND|NOM//fixed//23 främjar//VB|PRS|AKT//acl:relcl//16 utvecklingen//NN|UTR|SIN|DEF|NOM//obj//25 och//KN//cc//29 samtidigt//AB//advmod//29 utgör//VB|PRS|AKT//conj//25 ett//DT|NEU|SIN|IND//det//33 mer//AB|KOM//advmod//32 effektivt//JJ|POS|NEU|SIN|IND|NOM//amod//33 instrument//NN|NEU|SIN|IND|NOM//obj//29 för//PP//mark//36 att//IE//mark//36 uppfylla//VB|INF|AKT//acl//33 de//DT|UTR/NEU|PLU|DEF//det//39 politiska//JJ|POS|UTR/NEU|PLU|IND/DEF|NOM//amod//39 målsättningar//NN|UTR|PLU|IND|NOM//obj//36 som//HP|-|-|-//nsubj//42 är//VB|PRS|AKT//cop//42 aktuella//JJ|POS|UTR/NEU|PLU|IND/DEF|NOM//acl:relcl//39 i//PP//case//45 detta//DT|NEU|SIN|DEF//det//45 sammanhang//NN|NEU|SIN|IND|NOM//obl//42 .//MAD//punct//5
Samordning av lagstiftningen för radio, TV och televerksamhet;Mot//PP//case//48 bakgrund//NN|UTR|SIN|IND|NOM//obl//58 av//PP//case//51 de//DT|UTR/NEU|PLU|DEF//det//51 gränsdragningsproblem//NN|NEU|PLU|IND|NOM//nmod//48 som//HP|-|-|-//obj//54 konvergensutvecklingen//NN|UTR|SIN|DEF|NOM//nsubj//54 medför//VB|PRS|AKT//acl:relcl//51 bör//VB|PRS|AKT//aux//58 en//DT|UTR|SIN|IND//det//57 strävan//NN|UTR|SIN|IND|NOM//nsubj//58 vara//VB|INF|AKT//parataxis//5 att//IE//mark//60 åstadkomma//VB|INF|AKT//csubj//58 en//DT|UTR|SIN|IND//det//64 så//AB//advmod//63 långtgående//JJ|POS|UTR/NEU|SIN/PLU|IND/DEF|NOM//amod//64 gemensam//JJ|POS|UTR|SIN|IND|NOM//obj//60 (//PAD//punct//66 horisontell//JJ|POS|UTR|SIN|IND|NOM//appos//64 )//PAD//punct//68 reglering//NN|UTR|SIN|IND|NOM//conj//64 av//PP//case//70 tele-//NN|UTR|-|-|SMS//nmod//68 ,//MID//punct//72 ljudradio-//NN|UTR|-|-|SMS//conj//70 och//KN//cc//74 TV-verksamheter//NN|UTR|PLU|IND|NOM//conj//70 som//KN//mark//76 möjligt//JJ|POS|NEU|SIN|IND|NOM//advcl//60 .//MAD//punct//58
Samordning av lagstiftningen för radio, TV och televerksamhet;Hänsyn//NN|UTR|SIN|IND|NOM//nsubj:pass//81 måste//VB|PRS|AKT//aux//81 härvid//AB//advmod//81 tas//VB|INF|SFO//conj//5 till//PP//case//84 de//DT|UTR/NEU|PLU|DEF//det//84 begränsningar//NN|UTR|PLU|IND|NOM//obl//81 i//PP//case//86 möjligheten//NN|UTR|SIN|DEF|NOM//nmod//84 att//IE//mark//88 lagstifta//VB|INF|AKT//acl//86 som//KN//nsubj//93 i//PP//case//92 olika//JJ|POS|UTR/NEU|PLU|IND/DEF|NOM//amod//92 avseenden//NN|NEU|PLU|IND|NOM//obl//93 följer//VB|PRS|AKT//acl:relcl//88 av//PP//case//96 överordnade//PC|PRF|UTR/NEU|PLU|IND/DEF|NOM//amod//96 regler//NN|UTR|PLU|IND|NOM//obl//93 och//KN//cc//99 internationella//JJ|POS|UTR/NEU|PLU|IND/DEF|NOM//amod//99 förpliktelser//NN|UTR|PLU|IND|NOM//conj//96 .//MAD//punct//5
Samordning av lagstiftningen för radio, TV och televerksamhet;Det//PN|NEU|SIN|DEF|SUB/OBJ//expl//102 handlar//VB|PRS|AKT//parataxis//5 här//AB//advmod//102 främst//AB|SUV//advmod//102 om//PP//case//107 de//DT|UTR/NEU|PLU|DEF//det//107 begränsningar//NN|UTR|PLU|IND|NOM//obl//102 som//HP|-|-|-//nsubj//109 följer//VB|PRS|AKT//acl:relcl//107 av//PP//case//111 YGL//PM|NOM//obl//109 samt//KN//cc//114 Sveriges//PM|GEN//nmod:poss//114 förpliktelser//NN|UTR|PLU|IND|NOM//conj//107 enligt//PP//case//116 EG-rätten//NN|UTR|SIN|DEF|NOM//nmod//114 och//KN//cc//122 ,//MID//punct//122 i//PP//case//122 fråga//NN|UTR|SIN|IND|NOM//fixed//119 om//PP//fixed//119 användningen//NN|UTR|SIN|DEF|NOM//conj//114 av//PP//case//124 radiofrekvenser//NN|UTR|PLU|IND|NOM//nmod//122 ,//MID//punct//122 den//DT|UTR|SIN|DEF//det//128 internationella//JJ|POS|UTR/NEU|SIN|DEF|NOM//amod//128 telekonventionen//NN|UTR|SIN|DEF|NOM//conj//122 och//KN//cc//130 radioreglementet//NN|NEU|SIN|DEF|NOM//conj//128 .//MAD//punct//5
Samordning av lagstiftningen för radio, TV och televerksamhet;Min//PS|UTR|SIN|DEF//nmod:poss//1 bedömning//NN|UTR|SIN|IND|NOM//nsubj//2 är//VB|PRS|AKT//ROOT//2 att//SN//mark//11 de//DT|UTR/NEU|PLU|DEF//det//6 bästa//JJ|SUV|UTR/NEU|SIN/PLU|DEF|NOM//amod//6 förutsättningarna//NN|UTR|PLU|DEF|NOM//nsubj//11 för//PP//case//10 en//DT|UTR|SIN|IND//det//10 horisontell//JJ|POS|UTR|SIN|IND|NOM//amod//10 reglering//NN|UTR|SIN|IND|NOM//nmod//6 föreligger//VB|PRS|AKT//ccomp//2 på//PP//case//13 området//NN|NEU|SIN|DEF|NOM//obl//11 för//PP//case//15 infrastruktur//NN|UTR|SIN|IND|NOM//nmod//13 .//MAD//punct//2
Samordning av lagstiftningen för radio, TV och televerksamhet;I//PP//case//19 vissa//JJ|POS|UTR/NEU|PLU|IND/DEF|NOM//amod//19 avseende//NN|NEU|PLU|IND|NOM//obl//26 torde//VB|PRT|AKT//aux//26 en//DT|UTR|SIN|IND//det//24 sådan//JJ|POS|UTR|SIN|IND|NOM//amod//24 generell//JJ|POS|UTR|SIN|IND|NOM//amod//24 tillämpning//NN|UTR|SIN|IND|NOM//nsubj//26 dock//AB//advmod//26 förutsätta//VB|INF|AKT//parataxis//2 grundlagsändring//NN|UTR|SIN|IND|NOM//obj//26 .//MAD//punct//26
Samordning av lagstiftningen för radio, TV och televerksamhet;Förutsättningarna//NN|UTR|PLU|DEF|NOM//appos//26 för//PP//case//33 en//DT|UTR|SIN|IND//det//33 horisontell//JJ|POS|UTR|SIN|IND|NOM//amod//33 reglering//NN|UTR|SIN|IND|NOM//nmod//29 av//PP//case//35 tjänster//NN|UTR|PLU|IND|NOM//nmod//33  //_SP////35 förefaller//VB|PRS|AKT//conj//26 emellertid//AB//advmod//37 vara//VB|INF|AKT//cop//40 sämre//JJ|KOM|UTR/NEU|SIN/PLU|IND/DEF|NOM//xcomp//37 .//MAD//punct//26
Samordning av lagstiftningen för radio, TV och televerksamhet;Detta//PN|NEU|SIN|DEF|SUB/OBJ//nsubj//43 gäller//VB|PRS|AKT//parataxis//26 framför//PP//case//45 allt//PN|NEU|SIN|IND|SUB/OBJ//obl//43 i//PP//case//49 förhållande//NN|NEU|SIN|IND|NOM//fixed//46 till//PP//fixed//46 krav//NN|NEU|SIN|IND|NOM//obl//43 på//PP//case//51 anmälan//NN|UTR|SIN|IND|NOM//nmod//49 och//KN//cc//53 tillstånd//NN|NEU|SIN|IND|NOM//conj//51 i//PP//case//55 samband//NN|NEU|SIN|IND|NOM//nmod//53 med//PP//case//57 trådsändningar//NN|UTR|PLU|IND|NOM//nmod//53 av//PP//case//59 ljudradio-//NN|UTR|-|-|SMS//nmod//57 och//KN//cc//61 TV-program//NN|NEU|PLU|IND|NOM//conj//59 .//MID//punct//65
Samordning av lagstiftningen för radio, TV och televerksamhet;Något//DT|NEU|SIN|IND//det//65 bättre//JJ|KOM|UTR/NEU|SIN/PLU|IND/DEF|NOM//amod//65 förutsättningar//NN|UTR|PLU|IND|NOM//appos//26 för//PP//case//69 en//DT|UTR|SIN|IND//det//69 horisontell//JJ|POS|UTR|SIN|IND|NOM//amod//69 reglering//NN|UTR|SIN|IND|NOM//nmod//65 av//PP//case//71 tjänster//NN|UTR|PLU|IND|NOM//nmod//69 synes//VB|PRS|SFO//conj//26 dock//AB//advmod//72 föreligga//VB|INF|AKT//conj//26 i//PP//case//79 förhållande//NN|NEU|SIN|IND|NOM//fixed//75 till//PP//fixed//75 mobila//JJ|POS|UTR/NEU|PLU|IND/DEF|NOM//amod//79 teletjänster//NN|UTR|PLU|IND|NOM//obl//74 och//KN//cc//82 trådlösa//JJ|POS|UTR/NEU|PLU|IND/DEF|NOM//amod//82 sändningar//NN|UTR|PLU|IND|NOM//conj//79 av//PP//case//84 ljudradio-//NN|UTR|-|-|SMS//nmod//82 och//KN//cc//86 TV-program//NN|NEU|PLU|IND|NOM//conj//84 .//MAD//punct//26
Samordning av lagstiftningen för radio, TV och televerksamhet;Innehåll//NN|NEU|SIN|IND|NOM//appos//26  //_SP////88 som//KN//nsubj//93 särskilt//PC|PRF|NEU|SIN|IND|NOM//amod//92 regleringsområde//NN|NEU|SIN|IND|NOM//nsubj//93 saknar//VB|PRS|AKT//acl:relcl//88 betydelse//NN|UTR|SIN|IND|NOM//obj//93 i//PP//case//96 förhållande//NN|NEU|SIN|IND|NOM//obl//93 till//PP//case//99 en//DT|UTR|SIN|IND//det//99 samordning//NN|UTR|SIN|IND|NOM//obl//93 av//PP//case//101 telelagens//NN|UTR|SIN|DEF|GEN//nmod:poss//106 och//KN//cc//103 radio-//NN|UTR|-|-|SMS//conj//101 och//KN//cc//105 TV-lagens//NN|UTR|SIN|DEF|GEN//conj//101 bestämmelser//NN|UTR|PLU|IND|NOM//nmod//99 .//MAD//punct//26
Samordning av lagstiftningen för radio, TV och televerksamhet;Orsaken//NN|UTR|SIN|DEF|NOM//parataxis//2 är//VB|PRS|AKT//cop//108 att//SN//mark//112 det//PN|NEU|SIN|DEF|SUB/OBJ//expl//112 ligger//VB|PRS|AKT//csubj//108 helt//AB|POS//advmod//112 utanför//PP//case//117 de//DT|UTR/NEU|PLU|DEF//det//117 telepolitiska//JJ|POS|UTR/NEU|PLU|IND/DEF|NOM//amod//117 målen//NN|NEU|PLU|DEF|NOM//obl//112 att//IE//mark//119 reglera//VB|INF|AKT//acl//117 innehåll//NN|NEU|SIN|IND|NOM//obj//119 och//KN//cc//125 att//SN//mark//125 telelagen//NN|UTR|SIN|DEF|NOM//nsubj//125 följaktligen//AB//advmod//125 saknar//VB|PRS|AKT//conj//119 reglering//NN|UTR|SIN|IND|NOM//obj//125 som//HP|-|-|-//nsubj//129 kan//VB|PRS|AKT//aux//129 komma//VB|INF|AKT//acl:relcl//126 i//PP//compound:prt//129 konflikt//NN|UTR|SIN|IND|NOM//fixed//130 med//PP//case//133 radio-//NN|UTR|-|-|SMS//nmod:poss//136 och//KN//cc//135 TV-lagens//NN|UTR|SIN|DEF|GEN//conj//133 bestämmelser//NN|UTR|PLU|IND|NOM//obj//129 i//PP//case//139 detta//DT|NEU|SIN|DEF//det//139 avseende//NN|NEU|SIN|IND|NOM//nmod//136 .//MAD//punct//2
Samordning av lagstiftningen för radio, TV och televerksamhet;Frågan//NN|UTR|SIN|DEF|NOM//nsubj//10 om//PP//case//3 konvergensutvecklingens//NN|UTR|SIN|DEF|GEN//nmod:poss//3 påverkan//NN|UTR|SIN|IND|NOM//nmod//0 på//PP//case//5 innehållsreglering//NN|UTR|SIN|IND|NOM//nmod//3 och//KN//cc//7 behovet//NN|NEU|SIN|DEF|NOM//conj//5 av//PP//case//9 samordningsåtgärder//NN|UTR|PLU|IND|NOM//nmod//7 måste//VB|PRS|AKT//aux//13 istället//AB//advmod//13 främst//AB|SUV//advmod//13 relateras//VB|INF|SFO//ROOT//13 till//PP//case//17 enskilda//JJ|POS|UTR/NEU|PLU|IND/DEF|NOM//amod//17 regelverks//NN|NEU|PLU|IND|GEN//amod//17 tillämpningsområden//NN|NEU|PLU|IND|NOM//obl//13 .//MAD//punct//13
Samordning av lagstiftningen för radio, TV och televerksamhet;Det//PN|NEU|SIN|DEF|SUB/OBJ//nsubj//20 gäller//VB|PRS|AKT//parataxis//13 framför//PP//case//23 allt//PN|NEU|SIN|IND|SUB/OBJ//det//23 YGL//PM|NOM//obl//20 ://MID//punct//23 s//NN|AN//nummod//30 och//KN//cc//27 radio-//NN|UTR|-|-|SMS//conj//25 och//KN//cc//29 TV-lagens//NN|UTR|SIN|DEF|GEN//conj//25 tillämpningsområden//NN|NEU|PLU|IND|NOM//appos//23 ,//MID//punct//35 men//KN//cc//35 även//AB//advmod//35 granskningslagen//NN|UTR|SIN|DEF|NOM//nsubj:pass//35 berörs//VB|PRS|SFO//conj//20 .//MAD//punct//35
Samordning av lagstiftningen för radio, TV och televerksamhet;Förutsättningen//NN|UTR|SIN|DEF|NOM//nsubj//49 för//PP//mark//40 att//IE//mark//40 råda//VB|INF|AKT//acl//37 bot//NN|UTR|SIN|IND|NOM//obj//40 på//PP//case//44 dessa//DT|UTR/NEU|PLU|DEF//det//44 problem//NN|NEU|PLU|IND|NOM//obl//40 är//VB|PRS|AKT//cop//49 framför//PP//case//49 allt//PN|NEU|SIN|IND|SUB/OBJ//fixed//46 en//DT|UTR|SIN|IND//det//49 översyn//NN|UTR|SIN|IND|NOM//conj//20 av//PP//case//52 rådande//PC|PRS|UTR/NEU|SIN/PLU|IND/DEF|NOM//amod//52 begreppsstrukturer//NN|UTR|PLU|IND|NOM//nmod//49 och//KN//cc//54 definitioner//NN|UTR|PLU|IND|NOM//conj//52 så//AB//mark//59 att//SN//fixed//55 respektive//AB//amod//58 tillämpningsområde//NN|NEU|SIN|IND|NOM//nsubj//59 överensstämmer//VB|PRS|AKT//advcl//49 med//PP//case//62 de//DT|UTR/NEU|PLU|DEF//det//62 ändamål//NN|NEU|PLU|IND|NOM//obl//59 som//HP|-|-|-//nsubj:pass//64 avses//VB|PRS|SFO//acl:relcl//62 .//MID//punct//59
Samordning av lagstiftningen för radio, TV och televerksamhet;Några//DT|UTR/NEU|PLU|IND//det//68 reella//JJ|POS|UTR/NEU|PLU|IND/DEF|NOM//amod//68 förutsättningar//NN|UTR|PLU|IND|NOM//obj//59 för//PP//case//71 en//DT|UTR|SIN|IND//det//71 samordning//NN|UTR|SIN|IND|NOM//nmod//68 av//PP//case//75 den//DT|UTR|SIN|DEF//det//75 innehållsrelaterade//PC|PRF|UTR/NEU|SIN|DEF|NOM//amod//75 medielagstiftningen//NN|UTR|SIN|DEF|NOM//nmod//71 (//PAD//punct//77 radio-//NN|UTR|-|-|SMS//appos//75 och//KN//cc//79 TV-lagen//NN|UTR|SIN|DEF|NOM//conj//77 ,//MID//punct//77 lagen//NN|UTR|SIN|DEF|NOM//conj//75 om//PP//case//83 ansvar//NN|NEU|SIN|IND|NOM//nmod//81 för//PP//case//86 elektroniska//JJ|POS|UTR/NEU|PLU|IND/DEF|NOM//amod//86 anslagstavlor//NN|UTR|PLU|IND|NOM//nmod//83 samt//KN//cc//88 lagen//NN|UTR|SIN|DEF|NOM//conj//81 om//PP//case//90 granskning//NN|UTR|SIN|IND|NOM//nmod//88 av//PP//case//92 filmer//NN|UTR|PLU|IND|NOM//nmod//90 och//KN//cc//94 videogram//NN|NEU|PLU|IND|NOM//conj//92 )//PAD//punct//68 föreligger//VB|PRS|AKT//conj//59 inte//AB//advmod//96 enligt//PP//case//100 min//PS|UTR|SIN|DEF//nmod:poss//100 mening//NN|UTR|SIN|IND|NOM//obl//96 .//MAD//punct//20

Behov av ytterligare lagstiftningsåtgärder;Utöver//PP//mark//2 att//IE//mark//2 överväga//VB|INF|AKT//advcl//13 behovet//NN|NEU|SIN|DEF|NOM//obj//2 av//PP//case//6 en//DT|UTR|SIN|IND//det//6 samordning//NN|UTR|SIN|IND|NOM//nmod//3 av//PP//case//8 lagstiftningen//NN|UTR|SIN|DEF|NOM//nmod//6 för//PP//case//10 tele-//NN|UTR|-|-|SMS//nmod//6 och//KN//cc//12 mediesektorerna//NN|UTR|PLU|DEF|NOM//conj//10 ligger//VB|PRS|AKT//ROOT//13 det//PN|NEU|SIN|DEF|SUB/OBJ//expl//13 även//AB//advmod//13 i//PP//case//18 mitt//PS|NEU|SIN|DEF//nmod:poss//18 uppdrag//NN|NEU|SIN|IND|NOM//obl//13 att//IE//mark//26 ,//MID//punct//26 mot//PP//case//22 bakgrund//NN|UTR|SIN|IND|NOM//obl//26 av//PP//case//24 konvergensutvecklingen//NN|UTR|SIN|DEF|NOM//nmod//22 ,//MID//punct//26 överväga//VB|INF|AKT//acl//18 behovet//NN|NEU|SIN|DEF|NOM//obj//26 av//PP//case//30 ytterligare//JJ|KOM|UTR/NEU|SIN/PLU|IND/DEF|NOM//amod//30 lagstiftning//NN|UTR|SIN|IND|NOM//nmod//27 för//PP//mark//33 att//IE//mark//33 säkerställa//VB|INF|AKT//advcl//26 yttrandefrihet//NN|UTR|SIN|IND|NOM//obj//33 ,//MID//punct//36 tillgänglighet//NN|UTR|SIN|IND|NOM//conj//34 och//KN//cc//38 mångfald//NN|UTR|SIN|IND|NOM//conj//34 samt//KN//cc//42 för//PP//mark//42 att//IE//mark//42 motverka//VB|INF|AKT//conj//33 skadliga//JJ|POS|UTR/NEU|PLU|IND/DEF|NOM//amod//44 konkurrensbegränsningar//NN|UTR|PLU|IND|NOM//obj//42 .//MID//punct//13
Behov av ytterligare lagstiftningsåtgärder;Det//PN|NEU|SIN|DEF|SUB/OBJ//expl//47 finns//VB|PRS|SFO//parataxis//13 flera//JJ|POS|UTR/NEU|PLU|IND|NOM//amod//50 möjliga//JJ|POS|UTR/NEU|PLU|IND/DEF|NOM//amod//50 aspekter//NN|UTR|PLU|IND|NOM//nsubj//47 att//IE//mark//52 ta//VB|INF|AKT//acl//50 upp//PL//compound:prt//52 i//PP//case//56 detta//DT|NEU|SIN|DEF//det//56 sammanhang//NN|NEU|SIN|IND|NOM//obl//52 .//MAD//punct//47
Behov av ytterligare lagstiftningsåtgärder;De//DT|UTR/NEU|PLU|DEF//det//59 aspekter//NN|UTR|PLU|IND|NOM//nsubj:pass//69 som//HP|-|-|-//obj//62 jag//PN|UTR|SIN|DEF|SUB//nsubj//62 finner//VB|PRS|AKT//acl:relcl//59 skäl//NN|NEU|PLU|IND|NOM//obj//62 att//IE//mark//65 behandla//VB|INF|AKT//advcl//62 närmare//AB|KOM//advmod//67 här//AB//advmod//65 kan//VB|PRS|AKT//aux//69 hänföras//VB|INF|SFO//advcl//47 till//PP//case//71 frågor//NN|UTR|PLU|IND|NOM//obl//69 rörande//PP//case//73 kontroll//NN|UTR|SIN|IND|NOM//obl//69 över//PP//case//76 betydelsefulla//JJ|POS|UTR/NEU|PLU|IND/DEF|NOM//amod//76 resurser//NN|UTR|PLU|IND|NOM//nmod//73 ,//MID//punct//78 ägarkoncentrationer//NN|UTR|PLU|IND|NOM//conj//76 och//KN//cc//81 andra//JJ|POS|UTR/NEU|PLU|IND/DEF|NOM//amod//81 samverkansformer//NN|UTR|PLU|IND|NOM//conj//76 samt//KN//cc//84 statens//NN|UTR|SIN|DEF|GEN//nmod:poss//84 ansvar//NN|NEU|SIN|IND|NOM//conj//76 inom//PP//case//86 tele-//NN|UTR|-|-|SMS//nmod//84 och//KN//cc//88 mediesektorerna//NN|UTR|PLU|DEF|NOM//conj//86 .//MAD//punct//13
Behov av ytterligare lagstiftningsåtgärder;Jag//PN|UTR|SIN|DEF|SUB//nsubj//3 har//VB|PRS|AKT//aux//3 inte//AB//advmod//3 funnit//VB|SUP|AKT//ROOT//3 tillräckliga//JJ|POS|UTR/NEU|PLU|IND/DEF|NOM//amod//5 skäl//NN|NEU|PLU|IND|NOM//obj//3 för//PP//mark//14 att//IE//mark//14 inom//PP//case//13 ramen//NN|UTR|SIN|DEF|NOM//fixed//8 för//PP//fixed//8 den//DT|UTR|SIN|DEF//det//13 föreliggande//PC|PRS|UTR/NEU|SIN/PLU|IND/DEF|NOM//amod//13 utredningen//NN|UTR|SIN|DEF|NOM//obl//14 föreslå//VB|INF|AKT//advcl//3 konkreta//JJ|POS|UTR/NEU|PLU|IND/DEF|NOM//amod//16 lagstiftningsåtgärder//NN|UTR|PLU|IND|NOM//obj//14 ,//MID//punct//14 bl.a.//AB|AN//advmod//24 med//PP//case//24 hänsyn//NN|UTR|SIN|IND|NOM//fixed//19 till//PP//fixed//19 det//DT|NEU|SIN|DEF//det//24 pågående//PC|PRS|UTR/NEU|SIN/PLU|IND/DEF|NOM//amod//24 arbetet//NN|NEU|SIN|DEF|NOM//obl//14 inom//PP//case//26 EU//PM|NOM//nmod//24 och//KN//cc//29 den//DT|UTR|SIN|DEF//det//29 osäkerhet//NN|UTR|SIN|IND|NOM//conj//26 som//HP|-|-|-//nsubj//31 präglar//VB|PRS|AKT//acl:relcl//29 konvergensutvecklingens//NN|UTR|SIN|DEF|GEN//nmod:poss//34 närmare//JJ|KOM|UTR/NEU|SIN/PLU|IND/DEF|NOM//amod//34 riktning//NN|UTR|SIN|IND|NOM//obj//31 .//MAD//punct//3
Behov av ytterligare lagstiftningsåtgärder;Olika//JJ|POS|UTR/NEU|PLU|IND/DEF|NOM//amod//37 utredningar//NN|UTR|PLU|IND|NOM//nsubj//38 arbetar//VB|PRS|AKT//parataxis//3 dessutom//AB//advmod//38 för//PP//case//41 närvarande//NN|NEU|SIN|IND|NOM//obl//38 med//PP//case//43 frågor//NN|UTR|PLU|IND|NOM//obl//38 som//HP|-|-|-//nsubj//49 i//PP//case//47 flera//JJ|POS|UTR/NEU|PLU|IND|NOM//amod//47 avseenden//NN|NEU|PLU|IND|NOM//obl//49 är//VB|PRS|AKT//cop//49 relevanta//JJ|POS|UTR/NEU|PLU|IND/DEF|NOM//acl:relcl//43 i//PP//case//52 detta//DT|NEU|SIN|DEF//det//52 sammanhang//NN|NEU|SIN|IND|NOM//obl//49 .//MAD//punct//3
Behov av ytterligare lagstiftningsåtgärder;Däremot//AB//advmod//65 bör//VB|PRS|AKT//aux//65 den//DT|UTR|SIN|DEF//det//58 fortsatta//PC|PRF|UTR/NEU|SIN|DEF|NOM//amod//58 utvecklingen//NN|UTR|SIN|DEF|NOM//nsubj:pass//65 på//PP//case//63 de//DT|UTR/NEU|PLU|DEF//det//63 här//AB//fixed//60 aktuella//JJ|POS|UTR/NEU|PLU|IND/DEF|NOM//amod//63 områdena//NN|NEU|PLU|DEF|NOM//nmod//58 noga//AB//advmod//65 följas//VB|INF|SFO//advcl//3 .//MAD//punct//65
Behov av ytterligare lagstiftningsåtgärder;Vad//HP|NEU|SIN|IND//nsubj//68 gäller//VB|PRS|AKT//conj//3 tillgänglighet//NN|UTR|SIN|IND|NOM//obj//68 och//KN//cc//71 mångfald//NN|UTR|SIN|IND|NOM//conj//69 anser//VB|PRS|AKT//parataxis//3 jag//PN|UTR|SIN|DEF|SUB//nsubj//72 att//SN//mark//76 det//PN|NEU|SIN|DEF|SUB/OBJ//expl//76 finns//VB|PRS|SFO//ccomp//72 särskilda//PC|PRF|UTR/NEU|PLU|IND/DEF|NOM//amod//78 skäl//NN|NEU|PLU|IND|NOM//nsubj//76 att//IE//mark//81 närmare//AB|KOM//advmod//81 utreda//VB|INF|AKT//acl//78 dels//KN//advmod//81 vilka//HD|UTR/NEU|PLU|IND//det//84 krav//NN|NEU|PLU|IND|NOM//obj//86 konvergensutvecklingen//NN|UTR|SIN|DEF|NOM//nsubj//86 ställer//VB|PRS|AKT//ccomp//81 på//PP//case//88 utformningen//NN|UTR|SIN|DEF|NOM//obl//86 ,//MID//punct//90 omfattningen//NN|UTR|SIN|DEF|NOM//conj//88 och//KN//cc//92 finansieringen//NN|UTR|SIN|DEF|NOM//conj//88 av//PP//case//95 public//UO//amod//95 service//NN|UTR|SIN|IND|NOM//nmod//92 i//PP//case//97 framtiden//NN|UTR|SIN|DEF|NOM//nmod//95 och//KN//cc//104 med//PP//case//101 vilka//HD|UTR/NEU|PLU|IND//det//101 verkningsmedel//NN|NEU|PLU|IND|NOM//obl//104 detta//PN|NEU|SIN|DEF|SUB/OBJ//nsubj:pass//104 skall//VB|PRS|AKT//aux//104 åstadkommas//VB|INF|SFO//conj//86 (//PAD//punct//104 det//PN|NEU|SIN|DEF|SUB/OBJ//expl//109 är//VB|PRS|AKT//cop//109 min//PS|UTR|SIN|DEF//nmod:poss//109 uppfattning//NN|UTR|SIN|IND|NOM//parataxis//104 att//IE//mark//117 public//UO//amod//112 service//NN|UTR|SIN|IND|NOM//nsubj//117 på//PP//case//114 medieområdet//NN|NEU|SIN|DEF|NOM//nmod//112 kommer//VB|PRS|AKT//aux//117 att//IE//mark//117 ha//VB|INF|AKT//csubj//109 en//DT|UTR|SIN|IND//det//121 allt//AB//advmod//120 viktigare//JJ|KOM|UTR/NEU|SIN/PLU|IND/DEF|NOM//amod//121 funktion//NN|UTR|SIN|IND|NOM//obj//117 i//PP//case//125 den//DT|UTR|SIN|DEF//det//125 digitala//JJ|POS|UTR/NEU|SIN|DEF|NOM//amod//125 framtiden//NN|UTR|SIN|DEF|NOM//obl//117 )//PAD//punct//109 ,//MID//punct//135 dels//KN//advmod//133 i//PP//case//131 vilken//HD|UTR|SIN|IND//det//131 utsträckning//NN|UTR|SIN|IND|NOM//nmod//133 elektroniska//JJ|POS|UTR/NEU|PLU|IND/DEF|NOM//amod//133 medier//NN|NEU|PLU|IND|NOM//nsubj:pass//135 kan//VB|PRS|AKT//aux//135 omfattas//VB|INF|SFO//conj//3 av//PP//case//137 presstödet//NN|NEU|SIN|DEF|NOM//obl//135 och//KN//cc//140 vilka//HD|UTR/NEU|PLU|IND//det//140 behov//NN|NEU|PLU|IND|NOM//conj//135 av//PP//case//142 förändringar//NN|UTR|PLU|IND|NOM//nmod//140 i//PP//case//144 presstödsförordningen//NN|UTR|SIN|DEF|NOM//nmod//142 detta//PN|NEU|SIN|DEF|SUB/OBJ//nsubj//147 kan//VB|PRS|AKT//aux//147 medföra//VB|INF|AKT//acl:relcl//140 .//MAD//punct//3

Utgångspunkter för det fortsatta arbetet;I//PP//case//3 det//DT|NEU|SIN|DEF//det//3 fortsatta//PC|PRF|UTR/NEU|SIN|DEF|NOM//amod//3 arbetet//NN|NEU|SIN|DEF|NOM//obl//9 med//PP//case//5 konvergensfrågorna//NN|UTR|PLU|DEF|NOM//nmod//3 måste//VB|PRS|AKT//aux//9 särskild//PC|PRF|UTR|SIN|IND|NOM//amod//8 hänsyn//NN|UTR|SIN|IND|NOM//nsubj:pass//9 tas//VB|INF|SFO//ROOT//9 till//PP//case//12 de//DT|UTR/NEU|PLU|DEF//det//12 begränsningar//NN|UTR|PLU|IND|NOM//obl//9 i//PP//case//14 möjligheten//NN|UTR|SIN|DEF|NOM//nmod//12 att//IE//mark//16 lagstifta//VB|INF|AKT//acl//14 som//HP|-|-|-//nsubj//18 följer//VB|PRS|AKT//acl:relcl//16 av//PP//case//21 överordnade//PC|PRF|UTR/NEU|PLU|IND/DEF|NOM//amod//21 regler//NN|UTR|PLU|IND|NOM//obl//18 och//KN//cc//24 internationella//JJ|POS|UTR/NEU|PLU|IND/DEF|NOM//amod//24 förpliktelser//NN|UTR|PLU|IND|NOM//conj//21 .//MAD//punct//9
Utgångspunkter för det fortsatta arbetet;Det//PN|NEU|SIN|DEF|SUB/OBJ//nsubj//27 handlar//VB|PRS|AKT//parataxis//9 här//AB//advmod//27 främst//AB|SUV//advmod//27 om//PP//mark//61 de//DT|UTR/NEU|PLU|DEF//det//32 begränsningar//NN|UTR|PLU|IND|NOM//nsubj//61 som//HP|-|-|-//nsubj//34 följer//VB|PRS|AKT//acl:relcl//32 av//PP//case//36 YGL//PM|NOM//obl//34 samt//KN//cc//39 Sveriges//PM|GEN//nmod:poss//39 förpliktelser//NN|UTR|PLU|IND|NOM//conj//32 enligt//PP//case//41 EG-rätten//NN|UTR|SIN|DEF|NOM//nmod//39 och//KN//cc//61 ,//MID//punct//61 i//PP//case//47 fråga//NN|UTR|SIN|IND|NOM//fixed//44 om//PP//fixed//44 användningen//NN|UTR|SIN|DEF|NOM//obl//61 av//PP//case//49 radiofrekvenser//NN|UTR|PLU|IND|NOM//nmod//47 ,//MID//punct//47 den//DT|UTR|SIN|DEF//det//53 internationella//JJ|POS|UTR/NEU|SIN|DEF|NOM//amod//53 telekonventionen//NN|UTR|SIN|DEF|NOM//conj//47 och//KN//cc//55 radioreglementet//NN|NEU|SIN|DEF|NOM//conj//53 .//MAD//punct//47
Utgångspunkter för det fortsatta arbetet;I//PP//case//60 förhållande//NN|NEU|SIN|IND|NOM//fixed//57 till//PP//case//60 EU//PM|NOM//nmod//47 gäller//VB|PRS|AKT//advcl//27 detta//PN|NEU|SIN|DEF|SUB/OBJ//obj//61 särskilt//AB//advmod//61 det//DT|NEU|SIN|DEF//det//66 intensiva//JJ|POS|UTR/NEU|SIN|DEF|NOM//amod//66 arbete//NN|NEU|SIN|IND|NOM//obj//61 med//PP//case//68 konvergensfrågor//NN|UTR|PLU|IND|NOM//obl//61 som//HP|-|-|-//nsubj:pass//73 ur//PP//case//72 olika//JJ|POS|UTR/NEU|PLU|IND/DEF|NOM//amod//72 perspektiv//NN|NEU|PLU|IND|NOM//obl//73 bedrivs//VB|PRS|SFO//advcl//61 inom//PP//case//75 kommissionen//NN|UTR|SIN|DEF|NOM//obl//73 .//MAD//punct//27
Utgångspunkter för det fortsatta arbetet;Detta//DT|NEU|SIN|DEF//det//78 arbete//NN|NEU|SIN|IND|NOM//nsubj//79 har//VB|PRS|AKT//parataxis//27 naturligtvis//AB//advmod//79 till//PP//case//83 yttersta//JJ|SUV|UTR/NEU|SIN/PLU|DEF|NOM//amod//83 syfte//NN|NEU|SIN|IND|NOM//obl//79 att//IE//mark//85 lägga//VB|INF|AKT//acl//83 en//DT|UTR|SIN|IND//det//88 gemensam//JJ|POS|UTR|SIN|IND|NOM//amod//88 grund//NN|UTR|SIN|IND|NOM//obj//85 för//PP//case//90 behandlingen//NN|UTR|SIN|DEF|NOM//obl//85 av//PP//case//92 konvergensfrågorna//NN|UTR|PLU|DEF|NOM//nmod//90 inom//PP//case//95 hela//JJ|POS|UTR/NEU|SIN|DEF|NOM//amod//95 unionen//NN|UTR|SIN|DEF|NOM//nmod//92 .//MAD//punct//27
Utgångspunkter för det fortsatta arbetet;Detta//PN|NEU|SIN|DEF|SUB/OBJ//nsubj//98 innebär//VB|PRS|AKT//parataxis//27 att//SN//mark//111 det//DT|NEU|SIN|DEF//det//102 fortsatta//PC|PRF|UTR/NEU|SIN|DEF|NOM//amod//102 arbetet//NN|NEU|SIN|DEF|NOM//nsubj:pass//111 med//PP//case//104 konvergensfrågorna//NN|UTR|PLU|DEF|NOM//nmod//102 i//PP//case//106 Sverige//PM|NOM//nmod//104 i//PP//case//109 stor//JJ|POS|UTR|SIN|IND|NOM//amod//109 utsträckning//NN|UTR|SIN|IND|NOM//nmod//104 måste//VB|PRS|AKT//aux//111 relateras//VB|INF|SFO//ccomp//98 till//PP//case//114 en//DT|UTR|SIN|IND//det//114 utveckling//NN|UTR|SIN|IND|NOM//obl//111 som//HP|-|-|-//obl//121 vi//PN|UTR|PLU|DEF|SUB//nsubj//121 inte//AB//advmod//121 själva//JJ|POS|UTR/NEU|PLU|IND/DEF|NOM//amod//121 fullt//AB|POS//advmod//120 ut//AB//amod//121 råder//VB|PRS|AKT//acl:relcl//114 över//PP//compound:prt//121 men//KN//cc//124 däremot//AB//conj//121 har//VB|PRS|AKT//conj//98 möjlighet//NN|UTR|SIN|IND|NOM//obj//125 att//IE//mark//128 påverka//VB|INF|AKT//acl//126 .//MAD//punct//9

Förslag till hur det fortsatta arbetet bör bedrivas;På//PP//case//3 grund//NN|UTR|SIN|IND|NOM//fixed//0 av//PP//fixed//0 komplexiteten//NN|UTR|SIN|DEF|NOM//obl//10 i//PP//case//5 frågeställningarna//NN|UTR|PLU|DEF|NOM//nmod//3 och//KN//cc//9 konvergensområdets//NN|NEU|SIN|DEF|GEN//nmod:poss//9 gränsöverskridande//PC|PRS|UTR/NEU|SIN/PLU|IND/DEF|NOM//amod//9 karaktär//NN|UTR|SIN|IND|NOM//conj//3 anser//VB|PRS|AKT//ROOT//10 jag//PN|UTR|SIN|DEF|SUB//nsubj//10 det//PN|NEU|SIN|DEF|SUB/OBJ//obj//10 av//PP//case//15 synnerlig//JJ|POS|UTR|SIN|IND|NOM//amod//15 vikt//NN|UTR|SIN|IND|NOM//obl//10 att//SN//mark//22 det//DT|NEU|SIN|DEF//det//19 fortsatta//PC|PRF|UTR/NEU|SIN|DEF|NOM//amod//19 arbetet//NN|NEU|SIN|DEF|NOM//nsubj:pass//22 med//PP//case//21 konvergensfrågorna//NN|UTR|PLU|DEF|NOM//nmod//19 samordnas//VB|PRS|SFO//acl//15 .//MAD//punct//10
Förslag till hur det fortsatta arbetet bör bedrivas;Utöver//PP//case//26 det//DT|NEU|SIN|DEF//det//26 arbete//NN|NEU|SIN|IND|NOM//obl//52 som//HP|-|-|-//nsubj//28 sker//VB|PRS|AKT//acl:relcl//26 inom//PP//case//33 ramen//NN|UTR|SIN|DEF|NOM//fixed//29 för//PP//fixed//29 pågående//PC|PRS|UTR/NEU|SIN/PLU|IND/DEF|NOM//amod//33 utredningar//NN|UTR|PLU|IND|NOM//obl//28 och//KN//cc//36 de//DT|UTR/NEU|PLU|DEF//det//36 initiativ//NN|NEU|PLU|IND|NOM//conj//33 och//KN//cc//38 åtgärder//NN|UTR|PLU|IND|NOM//conj//36 som//KN//obj//45 mina//PS|UTR/NEU|PLU|DEF//nmod:poss//41 slutsatser//NN|UTR|PLU|IND|NOM//nsubj//45 i//PP//advmod//45 övrigt//JJ|POS|NEU|SIN|IND|NOM//fixed//42 kan//VB|PRS|AKT//aux//45 föranleda//VB|INF|AKT//acl:relcl//38 inom//PP//case//50 ramen//NN|UTR|SIN|DEF|NOM//fixed//46 för//PP//fixed//46 respektive//AB//amod//50 departementsområde//NN|NEU|SIN|IND|NOM//obl//45 ,//MID//punct//52 föreslår//VB|PRS|AKT//parataxis//10 jag//PN|UTR|SIN|DEF|SUB//nsubj//52 därför//AB//mark//59 att//SN//fixed//54 det//DT|NEU|SIN|DEF//det//58 fortsatta//PC|PRF|UTR/NEU|SIN|DEF|NOM//amod//58 arbetet//NN|NEU|SIN|DEF|NOM//nsubj:pass//59 samordnas//VB|INF|SFO//advcl//52 inom//PP//case//65 ramen//NN|UTR|SIN|DEF|NOM//fixed//60 för//PP//fixed//60 en//DT|UTR|SIN|IND//det//65 departementsövergripande//PC|PRS|UTR/NEU|SIN/PLU|IND/DEF|NOM//amod//65 beredning//NN|UTR|SIN|IND|NOM//obl//59 ,//MID//punct//65 eventuellt//AB|POS//advmod//70 med//PP//case//70 parlamentariskt//JJ|POS|NEU|SIN|IND|NOM//amod//70 inslag//NN|NEU|SIN|IND|NOM//appos//65 .//MAD//punct//52
Förslag till hur det fortsatta arbetet bör bedrivas;Beredningens//NN|UTR|SIN|DEF|GEN//nmod:poss//73 uppgift//NN|UTR|SIN|IND|NOM//nsubj//84 bör//VB|PRS|AKT//aux//84 utifrån//PP//case//78 ett//DT|NEU|SIN|IND//det//78 övergripande//PC|PRS|UTR/NEU|SIN/PLU|IND/DEF|NOM//amod//78 perspektiv//NN|NEU|SIN|IND|NOM//obl//84 och//KN//cc//82 rådande//PC|PRS|UTR/NEU|SIN/PLU|IND/DEF|NOM//amod//82 politiska//JJ|POS|UTR/NEU|PLU|IND/DEF|NOM//amod//82 målsättningar//NN|UTR|PLU|IND|NOM//conj//78 bl.a.//AB|AN//advmod//84 vara//VB|INF|AKT//conj//10 att//IE//mark//86 utarbeta//VB|INF|AKT//acl//84 underlag//NN|NEU|SIN|IND|NOM//obj//86 för//PP//case//89 val//NN|NEU|SIN|IND|NOM//nmod//87 av//PP//case//91 samordningsstrategi//NN|UTR|SIN|IND|NOM//nmod//89 och//KN//cc//93 genomförandeplan//NN|UTR|SIN|IND|NOM//conj//91 ,//MID//punct//86 där//HA//advmod//86 bl.a.//AB|AN//advmod//97 arbetet//NN|NEU|SIN|DEF|NOM//obl//86 inom//PP//case//100 pågående//PC|PRS|UTR/NEU|SIN/PLU|IND/DEF|NOM//amod//100 utredningar//NN|UTR|PLU|IND|NOM//nmod//97 och//KN//cc//104 inom//PP//case//103 EU//PM|NOM//obl//104 beaktas//VB|INF|SFO//conj//100 .//MAD//punct//10

